{"type":"FeatureCollection","features":[{"type":"Feature","properties":{"code":"GM0014","name":"Groningen"},"geometry":{"type":"MultiPolygon","coordinates":[[[[6.74157,53.3116],[6.74268,53.31102],[6.7429,53.31136],[6.74368,53.3111],[6.74422,53.31192],[6.74705,53.31149],[6.74731,53.31193],[6.74795,53.31178],[6.74935,53.30984],[6.74479,53.30775],[6.74805,53.30297],[6.75308,53.29885],[6.75554,53.29963],[6.76068,53.29524],[6.76462,53.29814],[6.77223,53.29192],[6.76979,53.29068],[6.77231,53.28779],[6.76914,53.28663],[6.77253,53.28309],[6.75114,53.2754],[6.73229,53.26921],[6.71766,53.26317],[6.70752,53.25943],[6.69833,53.25615],[6.70373,53.25378],[6.70354,53.25194],[6.70981,53.24843],[6.71451,53.24561],[6.71272,53.24462],[6.71769,53.24187],[6.71485,53.24017],[6.71201,53.23846],[6.70883,53.23544],[6.70885,53.2353],[6.70887,53.23518],[6.70845,53.23491],[6.70709,53.2343],[6.70901,53.23312],[6.70881,53.23186],[6.7073,53.23107],[6.70567,53.22826],[6.70763,53.22711],[6.7072,53.22686],[6.7088,53.22583],[6.70836,53.22478],[6.70705,53.2256],[6.70576,53.22501],[6.70637,53.22453],[6.70512,53.22371],[6.70276,53.22114],[6.70117,53.21941],[6.69855,53.21781],[6.69879,53.21731],[6.69752,53.21697],[6.69825,53.21467],[6.69331,53.21425],[6.69336,53.213],[6.69077,53.21316],[6.69049,53.21247],[6.68823,53.21264],[6.68819,53.21218],[6.68285,53.2113],[6.68266,53.21206],[6.68047,53.21169],[6.68008,53.21003],[6.67964,53.2094],[6.67976,53.20832],[6.68248,53.20849],[6.68401,53.20215],[6.68302,53.20099],[6.6736,53.20065],[6.66687,53.20202],[6.66216,53.19982],[6.65018,53.19341],[6.64261,53.19188],[6.6402,53.19052],[6.63981,53.1903],[6.64682,53.18794],[6.64481,53.18738],[6.64399,53.18737],[6.63947,53.18598],[6.64725,53.18378],[6.65724,53.18077],[6.65724,53.18077],[6.65764,53.18035],[6.66027,53.17659],[6.66116,53.17333],[6.66163,53.17198],[6.66326,53.17058],[6.66537,53.16944],[6.66968,53.16903],[6.67168,53.16691],[6.67818,53.16481],[6.67971,53.16333],[6.68871,53.15461],[6.69027,53.15116],[6.69022,53.15039],[6.68699,53.14897],[6.68627,53.14785],[6.68905,53.14467],[6.69537,53.12118],[6.69462,53.12106],[6.67877,53.11811],[6.67493,53.11753],[6.65365,53.11163],[6.65191,53.11116],[6.6435,53.10866],[6.63484,53.1062],[6.6371,53.10865],[6.63578,53.1134],[6.63386,53.1142],[6.62983,53.11468],[6.62807,53.11588],[6.62794,53.11718],[6.63058,53.11939],[6.62865,53.11949],[6.62734,53.12283],[6.62283,53.12537],[6.62176,53.12635],[6.62132,53.12831],[6.61898,53.12988],[6.61898,53.13158],[6.61657,53.13297],[6.61364,53.1327],[6.6144,53.13556],[6.61062,53.13794],[6.60918,53.1384],[6.60818,53.1389],[6.60652,53.13932],[6.60046,53.14431],[6.58779,53.14589],[6.58739,53.14868],[6.58464,53.15431],[6.58709,53.15623],[6.58346,53.15853],[6.5811,53.16261],[6.5815,53.16353],[6.56474,53.15799],[6.56369,53.15764],[6.56318,53.15869],[6.56275,53.16042],[6.56059,53.16613],[6.55932,53.16934],[6.55614,53.17285],[6.55581,53.1733],[6.54857,53.18067],[6.54838,53.18089],[6.54819,53.1811],[6.54625,53.18028],[6.54271,53.17867],[6.54174,53.17861],[6.5409,53.17988],[6.53954,53.18131],[6.53745,53.18265],[6.53462,53.18379],[6.53422,53.18406],[6.5304,53.19286],[6.52953,53.1952],[6.53049,53.19556],[6.51572,53.19831],[6.51339,53.19694],[6.51334,53.19697],[6.50685,53.20015],[6.49643,53.19814],[6.49351,53.1985],[6.49273,53.20074],[6.48572,53.20382],[6.48151,53.20355],[6.46346,53.20006],[6.46275,53.20198],[6.46638,53.20419],[6.467,53.20617],[6.46468,53.20746],[6.46447,53.20761],[6.46977,53.22047],[6.47666,53.2365],[6.48048,53.24551],[6.48092,53.25019],[6.4886,53.24902],[6.48873,53.24723],[6.49043,53.24732],[6.49244,53.24668],[6.49199,53.24556],[6.49585,53.24582],[6.49704,53.24677],[6.49924,53.24838],[6.50215,53.24771],[6.50494,53.24891],[6.51144,53.25411],[6.508,53.25622],[6.50825,53.25727],[6.50824,53.25757],[6.51083,53.25679],[6.51227,53.25724],[6.51809,53.25833],[6.52317,53.25724],[6.52968,53.25824],[6.53658,53.26003],[6.53931,53.26036],[6.53847,53.26262],[6.53793,53.2641],[6.54097,53.26362],[6.55026,53.26495],[6.55034,53.26491],[6.54955,53.26441],[6.55139,53.26238],[6.5524,53.26218],[6.55395,53.26213],[6.5666,53.26361],[6.56723,53.26149],[6.57322,53.2615],[6.57322,53.2616],[6.58575,53.26154],[6.58578,53.26249],[6.58854,53.26255],[6.58736,53.26026],[6.58634,53.25588],[6.58713,53.25571],[6.59074,53.25532],[6.60635,53.25374],[6.60641,53.25142],[6.61835,53.25149],[6.6193,53.24945],[6.63504,53.25129],[6.63605,53.25144],[6.63568,53.2541],[6.63345,53.25976],[6.62587,53.26614],[6.63278,53.27621],[6.64277,53.29093],[6.64929,53.30228],[6.65405,53.30865],[6.65478,53.30842],[6.65577,53.30812],[6.65594,53.30833],[6.65675,53.30806],[6.65665,53.30793],[6.65705,53.30775],[6.66077,53.30669],[6.67717,53.30374],[6.68974,53.29754],[6.70532,53.30753],[6.70662,53.30704],[6.709,53.31012],[6.71272,53.30933],[6.72161,53.30643],[6.72435,53.30554],[6.72945,53.30535],[6.7329,53.31141],[6.73761,53.3128],[6.74047,53.31218],[6.74157,53.3116]]]]}},{"type":"Feature","properties":{"code":"GM0034","name":"Almere"},"geometry":{"type":"MultiPolygon","coordinates":[[[[5.26798,52.42737],[5.27581,52.42332],[5.31886,52.41071],[5.33484,52.40573],[5.34371,52.40124],[5.34951,52.40147],[5.35077,52.40021],[5.34817,52.39703],[5.34637,52.39611],[5.33935,52.39581],[5.33237,52.39325],[5.33293,52.39277],[5.31352,52.38574],[5.31304,52.38625],[5.30124,52.38199],[5.33749,52.35037],[5.35054,52.33904],[5.37916,52.31411],[5.35401,52.30941],[5.3505,52.30923],[5.34492,52.30994],[5.3335,52.31427],[5.33293,52.31389],[5.31716,52.30356],[5.31599,52.30415],[5.3139,52.3031],[5.31341,52.30337],[5.31545,52.30441],[5.29885,52.31187],[5.28518,52.31709],[5.26334,52.32387],[5.23983,52.32926],[5.23264,52.33059],[5.22367,52.33216],[5.22346,52.33208],[5.22348,52.33205],[5.22342,52.33192],[5.22302,52.332],[5.22116,52.33131],[5.22078,52.33132],[5.22121,52.33177],[5.22081,52.33187],[5.22024,52.33254],[5.22127,52.33237],[5.2216,52.33307],[5.22092,52.3338],[5.22013,52.33395],[5.21939,52.3337],[5.21907,52.33307],[5.22019,52.33189],[5.21918,52.33134],[5.2183,52.33223],[5.2158,52.3313],[5.21683,52.3302],[5.21792,52.33059],[5.21872,52.33032],[5.21971,52.33049],[5.21637,52.32939],[5.21256,52.32998],[5.21284,52.33145],[5.21352,52.33206],[5.21281,52.33291],[5.2103,52.3338],[5.20945,52.33304],[5.20848,52.33246],[5.20616,52.33339],[5.20601,52.33435],[5.20477,52.33551],[5.19518,52.33649],[5.18423,52.33532],[5.16686,52.33184],[5.15748,52.32924],[5.15272,52.3291],[5.15127,52.32822],[5.14866,52.32842],[5.14554,52.32631],[5.14476,52.32402],[5.14093,52.32607],[5.13921,52.32522],[5.13882,52.32552],[5.13844,52.32581],[5.13832,52.3259],[5.14005,52.32678],[5.13696,52.32934],[5.13724,52.32944],[5.13933,52.32803],[5.14141,52.3282],[5.14361,52.32964],[5.14487,52.33141],[5.14049,52.33407],[5.13599,52.33759],[5.13417,52.33789],[5.13445,52.33807],[5.13476,52.33824],[5.13515,52.33866],[5.13593,52.33873],[5.13607,52.33894],[5.13553,52.33922],[5.13468,52.33861],[5.13265,52.33793],[5.13287,52.33774],[5.1328,52.33769],[5.13242,52.33774],[5.13212,52.33747],[5.13216,52.3371],[5.13094,52.3377],[5.13099,52.33823],[5.13215,52.33811],[5.13462,52.34106],[5.13457,52.34138],[5.13175,52.34246],[5.12971,52.33989],[5.13117,52.34201],[5.13098,52.34346],[5.13235,52.34374],[5.13392,52.34399],[5.13363,52.3442],[5.1342,52.34474],[5.13346,52.34527],[5.13347,52.34599],[5.13394,52.3465],[5.13314,52.34713],[5.1342,52.34796],[5.13282,52.35708],[5.13124,52.36546],[5.12266,52.3748],[5.12275,52.37886],[5.1243,52.38054],[5.12875,52.38291],[5.15676,52.39311],[5.15838,52.39489],[5.16192,52.39945],[5.16156,52.39979],[5.16964,52.40277],[5.20598,52.41605],[5.22713,52.42363],[5.22714,52.42336],[5.20825,52.41637],[5.21697,52.41643],[5.22051,52.41772],[5.22011,52.41836],[5.22211,52.4179],[5.22268,52.41837],[5.22397,52.4178],[5.22459,52.41806],[5.2245,52.41911],[5.22845,52.42066],[5.23177,52.42429],[5.23325,52.42562],[5.22987,52.42469],[5.25842,52.43543],[5.26798,52.42737]]]]}},{"type":"Feature","properties":{"code":"GM0037","name":"Stadskanaal"},"geometry":{"type":"MultiPolygon","coordinates":[[[[7.01013,53.0737],[7.01333,53.06944],[7.01545,53.07178],[7.0191,53.07147],[7.02953,53.06665],[7.03238,53.06678],[7.03365,53.06475],[7.0372,53.06483],[7.06016,53.06581],[7.06465,53.06695],[7.06595,53.06728],[7.07047,53.06619],[7.07688,53.06369],[7.0801,53.06144],[7.08016,53.05917],[7.07664,53.05119],[7.07454,53.04995],[7.072,53.05074],[7.06833,53.05079],[7.06706,53.04769],[7.06805,53.04351],[7.07011,53.04277],[7.07173,53.0436],[7.08166,53.04447],[7.08612,53.04235],[7.08668,53.04049],[7.08426,53.03951],[7.08264,53.03352],[7.08038,53.02975],[7.08275,53.0255],[7.08845,53.02634],[7.09196,53.02285],[7.09579,53.0212],[7.09796,53.02122],[7.10001,53.01645],[7.09567,53.0145],[7.0922,53.01294],[7.07206,53.00379],[7.07112,52.98309],[7.06994,52.95319],[7.06734,52.95211],[7.06468,52.95119],[7.06465,52.95077],[7.06343,52.93097],[7.0363,52.92927],[7.03189,52.92531],[7.02783,52.92165],[7.02685,52.91904],[7.02467,52.91987],[7.0157,52.92482],[7.00956,52.93009],[7.0029,52.93582],[6.99502,52.94259],[6.98788,52.94872],[6.98602,52.95032],[6.97986,52.95561],[6.97856,52.95672],[6.97036,52.96376],[6.97035,52.96377],[6.96959,52.96443],[6.96329,52.96982],[6.95672,52.97547],[6.95665,52.97553],[6.94841,52.98262],[6.94293,52.98733],[6.93841,52.99121],[6.93661,52.99276],[6.93568,52.99335],[6.93468,52.994],[6.92217,53.00201],[6.90718,53.0116],[6.90713,53.01163],[6.90462,53.01324],[6.89709,53.01805],[6.86129,53.04088],[6.8651,53.04281],[6.86549,53.0429],[6.86864,53.04129],[6.88144,53.04662],[6.89893,53.03241],[6.90333,53.03437],[6.90189,53.03554],[6.9077,53.03888],[6.91191,53.03471],[6.93585,53.01962],[6.94166,53.01742],[6.954,53.01433],[6.95465,53.01415],[6.95579,53.01386],[6.98039,53.04091],[6.98783,53.04908],[6.99036,53.05438],[6.99291,53.0551],[6.99493,53.05684],[7.00081,53.06331],[7.01013,53.0737]]]]}},{"type":"Feature","properties":{"code":"GM0047","name":"Veendam"},"geometry":{"type":"MultiPolygon","coordinates":[[[[6.89963,53.12807],[6.9348,53.12414],[6.94984,53.12117],[6.95934,53.12018],[6.96173,53.11002],[6.96078,53.09743],[6.9606,53.0958],[6.95938,53.09494],[6.9584,53.09527],[6.95795,53.09436],[6.95689,53.09471],[6.95541,53.09327],[6.94384,53.08192],[6.93689,53.07742],[6.93059,53.07285],[6.92961,53.07337],[6.92909,53.07183],[6.92444,53.05778],[6.93302,53.05359],[6.93334,53.04961],[6.9199,53.04931],[6.92063,53.04526],[6.90553,53.04363],[6.9077,53.03888],[6.90189,53.03554],[6.90333,53.03437],[6.89893,53.03241],[6.88144,53.04662],[6.86864,53.04129],[6.86549,53.0429],[6.8651,53.04281],[6.86129,53.04088],[6.84327,53.05235],[6.83717,53.05623],[6.81454,53.0706],[6.81394,53.07097],[6.80845,53.09228],[6.80696,53.09826],[6.80167,53.11917],[6.80599,53.12033],[6.80324,53.12409],[6.81581,53.12742],[6.82117,53.12883],[6.8231,53.12622],[6.85154,53.12502],[6.86516,53.12442],[6.86593,53.12439],[6.86596,53.12393],[6.87412,53.12355],[6.87429,53.12537],[6.87862,53.12515],[6.87894,53.12582],[6.88002,53.12565],[6.88281,53.1252],[6.88303,53.12582],[6.88427,53.12562],[6.88505,53.12743],[6.88625,53.1286],[6.89472,53.12786],[6.8971,53.12758],[6.89704,53.1285],[6.89894,53.12816],[6.89963,53.12807]]]]}},{"type":"Feature","properties":{"code":"GM0050","name":"Zeewolde"},"geometry":{"type":"MultiPolygon","coordinates":[[[[5.5327,52.38455],[5.5373,52.385],[5.54523,52.39016],[5.55464,52.39639],[5.57802,52.40997],[5.58322,52.41136],[5.58907,52.41119],[5.6184,52.40857],[5.62298,52.4088],[5.61719,52.38478],[5.61185,52.37469],[5.61356,52.37104],[5.61467,52.37053],[5.61544,52.36983],[5.61277,52.36866],[5.6101,52.36647],[5.61145,52.36591],[5.61479,52.36791],[5.61507,52.36765],[5.61256,52.36597],[5.6131,52.36555],[5.61109,52.3644],[5.61187,52.36398],[5.61385,52.36456],[5.61532,52.36261],[5.61493,52.3625],[5.61404,52.36225],[5.61283,52.36087],[5.61233,52.36133],[5.6125,52.3623],[5.61128,52.36299],[5.61156,52.36383],[5.61084,52.36428],[5.61045,52.36418],[5.60817,52.3653],[5.60705,52.36451],[5.60111,52.36556],[5.58859,52.36321],[5.58238,52.36307],[5.56382,52.36757],[5.54258,52.35335],[5.53835,52.35013],[5.53722,52.34723],[5.54155,52.33781],[5.54516,52.33508],[5.54802,52.33558],[5.55284,52.33415],[5.55213,52.3317],[5.55114,52.33135],[5.54974,52.32895],[5.54843,52.3273],[5.55252,52.32093],[5.5525,52.31979],[5.55063,52.31897],[5.54865,52.3145],[5.54902,52.31355],[5.5491,52.31207],[5.54673,52.31197],[5.54706,52.31088],[5.54882,52.31116],[5.54913,52.31163],[5.54928,52.31154],[5.54901,52.31106],[5.54684,52.31038],[5.54248,52.30033],[5.53822,52.29277],[5.53556,52.29051],[5.53814,52.28911],[5.53517,52.28875],[5.5287,52.27493],[5.52607,52.2734],[5.51803,52.27256],[5.49277,52.26785],[5.48887,52.26701],[5.48888,52.26674],[5.48795,52.2663],[5.48789,52.26635],[5.48871,52.26674],[5.48806,52.26721],[5.48731,52.26659],[5.48722,52.26662],[5.48726,52.26686],[5.48673,52.26691],[5.48571,52.26666],[5.48586,52.26635],[5.48709,52.2666],[5.4873,52.2665],[5.48736,52.26593],[5.48723,52.26591],[5.48716,52.26636],[5.47145,52.26354],[5.46981,52.26325],[5.45255,52.25988],[5.45273,52.25946],[5.43353,52.2564],[5.43305,52.25582],[5.41735,52.25346],[5.40965,52.25261],[5.40156,52.2533],[5.39938,52.25537],[5.39587,52.25634],[5.39641,52.25686],[5.39484,52.25786],[5.39355,52.25704],[5.39572,52.25593],[5.39554,52.25581],[5.3921,52.25773],[5.39215,52.25783],[5.39297,52.25738],[5.39411,52.25805],[5.39262,52.25888],[5.3916,52.25812],[5.39117,52.25863],[5.39202,52.25891],[5.3851,52.26404],[5.31716,52.30356],[5.33293,52.31389],[5.3335,52.31427],[5.34492,52.30994],[5.3505,52.30923],[5.35401,52.30941],[5.37916,52.31411],[5.35054,52.33904],[5.33749,52.35037],[5.30124,52.38199],[5.31304,52.38625],[5.31352,52.38574],[5.33293,52.39277],[5.33237,52.39325],[5.33935,52.39581],[5.34637,52.39611],[5.34817,52.39703],[5.35077,52.40021],[5.37899,52.41149],[5.39753,52.41984],[5.42101,52.43208],[5.42377,52.43256],[5.42718,52.43455],[5.42689,52.43551],[5.43861,52.44263],[5.44889,52.4353],[5.47498,52.42003],[5.50899,52.39766],[5.5327,52.38455]]],[[[5.61568,52.36844],[5.61629,52.36931],[5.61474,52.37057],[5.61519,52.37084],[5.61638,52.36946],[5.6162,52.36874],[5.61568,52.36844]]]]}},{"type":"Feature","properties":{"code":"GM0059","name":"Achtkarspelen"},"geometry":{"type":"MultiPolygon","coordinates":[[[[6.21895,53.25987],[6.22027,53.25946],[6.22397,53.25724],[6.23217,53.25675],[6.23175,53.25595],[6.23263,53.25456],[6.2351,53.25336],[6.23367,53.2504],[6.23032,53.25043],[6.2296,53.24891],[6.23208,53.24713],[6.23109,53.24511],[6.22971,53.24475],[6.22774,53.24524],[6.22511,53.24459],[6.21945,53.24287],[6.21798,53.24193],[6.21845,53.24169],[6.22282,53.2395],[6.22462,53.2397],[6.22497,53.23859],[6.22024,53.23735],[6.21554,53.23699],[6.21481,53.23565],[6.21458,53.23371],[6.22168,53.23167],[6.22463,53.23007],[6.22534,53.22546],[6.23017,53.22244],[6.22999,53.21782],[6.22893,53.21681],[6.22475,53.21458],[6.22484,53.212],[6.21924,53.20613],[6.20958,53.19996],[6.20411,53.19976],[6.19962,53.19836],[6.19983,53.19532],[6.19704,53.19202],[6.19528,53.1915],[6.1931,53.18928],[6.18803,53.18249],[6.18579,53.17883],[6.18302,53.17398],[6.18122,53.17035],[6.17734,53.16698],[6.17675,53.1595],[6.16676,53.156],[6.15199,53.15083],[6.14858,53.15699],[6.14812,53.15783],[6.14306,53.15535],[6.12163,53.14499],[6.11934,53.14942],[6.10934,53.15163],[6.10501,53.1518],[6.11342,53.17295],[6.11459,53.17598],[6.10935,53.17706],[6.10895,53.17633],[6.10232,53.18222],[6.09885,53.18646],[6.0888,53.19273],[6.0853,53.19422],[6.08225,53.19843],[6.0814,53.20242],[6.08129,53.20267],[6.07921,53.20684],[6.08402,53.20851],[6.08292,53.20998],[6.07926,53.20965],[6.07927,53.21077],[6.08177,53.21143],[6.0803,53.21328],[6.0817,53.21409],[6.08629,53.21503],[6.0445,53.22586],[6.0274,53.23016],[6.01979,53.24091],[6.02072,53.24131],[6.02136,53.24253],[6.02309,53.24279],[6.02771,53.24139],[6.02869,53.24272],[6.03177,53.24224],[6.03885,53.24262],[6.04397,53.2435],[6.05011,53.24446],[6.05392,53.24522],[6.07477,53.24858],[6.09655,53.2546],[6.10596,53.25761],[6.11321,53.25978],[6.12733,53.26169],[6.14106,53.26438],[6.14498,53.26016],[6.14836,53.26],[6.15485,53.26177],[6.15866,53.26364],[6.16052,53.26198],[6.16413,53.26396],[6.16738,53.26365],[6.17786,53.26007],[6.18109,53.25979],[6.18241,53.261],[6.19038,53.26338],[6.18567,53.26727],[6.1856,53.26782],[6.18922,53.26989],[6.19515,53.26961],[6.19877,53.26884],[6.21709,53.26527],[6.21895,53.25987]]]]}},{"type":"Feature","properties":{"code":"GM0060","name":"Ameland"},"geometry":{"type":"MultiPolygon","coordinates":[[[[5.7311,53.46163],[5.75029,53.46046],[5.77146,53.4605],[5.78458,53.4612],[5.88361,53.46679],[5.93062,53.46828],[5.95846,53.46498],[5.95953,53.4628],[5.94452,53.45832],[5.93656,53.4573],[5.93086,53.45775],[5.91022,53.4577],[5.90186,53.45576],[5.8948,53.45331],[5.89092,53.4512],[5.86513,53.44809],[5.8654,53.44747],[5.86406,53.4471],[5.83367,53.44284],[5.80497,53.43754],[5.78842,53.43817],[5.78002,53.43768],[5.77691,53.4383],[5.77629,53.43796],[5.77625,53.43653],[5.77592,53.43654],[5.77597,53.43789],[5.77503,53.43794],[5.77507,53.43627],[5.77586,53.43581],[5.77529,53.43352],[5.77463,53.43357],[5.77426,53.43275],[5.77319,53.43268],[5.77299,53.43306],[5.77399,53.43342],[5.77443,53.43484],[5.77449,53.43811],[5.77249,53.43955],[5.75222,53.44035],[5.74107,53.44241],[5.73001,53.44303],[5.72196,53.44172],[5.71567,53.43571],[5.70366,53.43044],[5.70328,53.42978],[5.68931,53.42752],[5.68036,53.42466],[5.67177,53.42499],[5.66393,53.4257],[5.65309,53.42604],[5.64313,53.42711],[5.63816,53.42874],[5.62699,53.43243],[5.61643,53.43952],[5.61353,53.44638],[5.61417,53.45063],[5.61567,53.45344],[5.65162,53.46964],[5.66015,53.47148],[5.66761,53.47075],[5.69488,53.46175],[5.7311,53.46163]]]]}},{"type":"Feature","properties":{"code":"GM0072","name":"Harlingen"},"geometry":{"type":"MultiPolygon","coordinates":[[[[5.45621,53.20303],[5.45801,53.20007],[5.4617,53.20111],[5.46246,53.19994],[5.46684,53.19935],[5.47934,53.19967],[5.48511,53.19988],[5.48956,53.20074],[5.49017,53.19407],[5.4876,53.19364],[5.48216,53.18521],[5.4817,53.18378],[5.48364,53.18379],[5.48093,53.18006],[5.48161,53.18004],[5.47941,53.17669],[5.48013,53.17632],[5.48024,53.17596],[5.48186,53.17616],[5.49637,53.17838],[5.49637,53.17781],[5.494,53.1743],[5.49343,53.17303],[5.49166,53.17223],[5.4894,53.17212],[5.48827,53.16989],[5.48601,53.16968],[5.4854,53.16788],[5.48604,53.16775],[5.48474,53.16584],[5.48668,53.16502],[5.48279,53.15914],[5.48025,53.15734],[5.47679,53.15076],[5.47672,53.15035],[5.47644,53.15042],[5.47481,53.15081],[5.47283,53.14886],[5.47219,53.14662],[5.46964,53.14513],[5.46834,53.14333],[5.4667,53.14373],[5.46144,53.14455],[5.46303,53.14727],[5.45511,53.14758],[5.45285,53.14809],[5.45112,53.14992],[5.44463,53.1511],[5.44391,53.14994],[5.44274,53.15027],[5.44265,53.15109],[5.43518,53.15278],[5.43551,53.15353],[5.42642,53.15313],[5.42144,53.15381],[5.41709,53.15082],[5.4142,53.15164],[5.41489,53.1522],[5.41348,53.15272],[5.41303,53.15289],[5.41269,53.15197],[5.4116,53.15194],[5.41237,53.15631],[5.4158,53.16459],[5.41499,53.16891],[5.41121,53.16979],[5.40768,53.17264],[5.40444,53.17334],[5.40374,53.17394],[5.4028,53.17571],[5.40296,53.17603],[5.40458,53.17359],[5.40744,53.17316],[5.41119,53.17009],[5.41513,53.16942],[5.41397,53.17073],[5.41342,53.17016],[5.41069,53.17262],[5.4094,53.17463],[5.40979,53.17482],[5.41118,53.17355],[5.41103,53.1753],[5.41388,53.17558],[5.41389,53.17613],[5.41179,53.17549],[5.41086,53.17598],[5.41923,53.17909],[5.41502,53.17869],[5.41462,53.17955],[5.41827,53.1803],[5.41969,53.1823],[5.42601,53.18386],[5.43496,53.18907],[5.438,53.19309],[5.43898,53.19383],[5.43554,53.19526],[5.43466,53.19453],[5.43233,53.19252],[5.43481,53.19149],[5.43434,53.19073],[5.43295,53.18973],[5.43139,53.18991],[5.42754,53.18548],[5.41383,53.18228],[5.41187,53.17798],[5.40885,53.17558],[5.40588,53.1752],[5.406,53.17551],[5.40844,53.17588],[5.4111,53.17807],[5.41192,53.18147],[5.41324,53.18278],[5.422,53.18504],[5.42561,53.19121],[5.42873,53.19671],[5.43799,53.20984],[5.45621,53.20303]]]]}},{"type":"Feature","properties":{"code":"GM0074","name":"Heerenveen"},"geometry":{"type":"MultiPolygon","coordinates":[[[[5.87206,53.08399],[5.87178,53.08182],[5.87031,53.08143],[5.8715,53.07421],[5.87302,53.07435],[5.89497,53.07623],[5.89542,53.07884],[5.89704,53.07901],[5.90377,53.07925],[5.90641,53.07845],[5.92671,53.07849],[5.92758,53.0784],[5.93339,53.07811],[5.93365,53.07685],[5.93292,53.07604],[5.93432,53.07578],[5.93595,53.07382],[5.9323,53.07321],[5.93228,53.07141],[5.93041,53.07101],[5.93546,53.06657],[5.93999,53.06402],[5.94109,53.0639],[5.94427,53.06525],[5.94733,53.06248],[5.94264,53.05349],[5.95762,53.05355],[5.9564,53.05221],[5.95376,53.05208],[5.9529,53.05008],[5.94882,53.04996],[5.9486,53.04919],[5.94453,53.04908],[5.94417,53.04759],[5.94336,53.04743],[5.94395,53.04439],[5.938,53.04427],[5.94064,53.04282],[5.94014,53.04221],[5.94286,53.04128],[5.95309,53.03835],[5.95218,53.03721],[5.96593,53.03317],[5.96609,53.03276],[5.97704,53.03013],[5.97912,53.02924],[5.97872,53.02818],[5.98391,53.02656],[5.98448,53.02529],[5.9789,53.01501],[5.97677,53.0112],[5.97712,53.01017],[5.97196,53.00966],[5.97391,53.00622],[5.97301,53.00558],[5.97396,53.00343],[5.97961,52.99781],[5.97759,52.99638],[5.97649,52.99559],[5.97465,52.99429],[5.97675,52.99266],[5.97415,52.99055],[5.97282,52.98935],[5.96265,52.98101],[5.96489,52.97934],[5.96283,52.97732],[5.9581,52.97294],[5.96287,52.97243],[6.01634,52.96638],[6.0188,52.96609],[6.02681,52.965],[6.02694,52.96437],[6.04435,52.96624],[6.05888,52.97029],[6.0655,52.973],[6.06684,52.97372],[6.06749,52.97317],[6.06984,52.97423],[6.07973,52.98045],[6.0843,52.98317],[6.08497,52.98295],[6.08621,52.98375],[6.08786,52.98329],[6.09249,52.98425],[6.09751,52.98695],[6.09645,52.98806],[6.09847,52.98976],[6.09898,52.98924],[6.09972,52.9895],[6.09648,52.99285],[6.09929,52.99408],[6.10077,52.99561],[6.10556,52.99777],[6.10741,52.99941],[6.1139,53.00173],[6.12049,53.00536],[6.1298,53.00876],[6.12878,53.01039],[6.12964,53.01083],[6.13155,53.01201],[6.13877,53.01348],[6.15134,53.01662],[6.15853,53.01702],[6.1713,53.0199],[6.17647,53.02093],[6.1857,53.02502],[6.19482,53.031],[6.19662,53.03327],[6.19878,53.03377],[6.2004,53.03679],[6.20542,53.03793],[6.20221,52.99031],[6.20094,52.9897],[6.20087,52.98849],[6.1957,52.98621],[6.17546,52.98056],[6.15863,52.97585],[6.15252,52.97286],[6.14569,52.96932],[6.14387,52.96827],[6.12787,52.9534],[6.12504,52.95238],[6.11586,52.9513],[6.09253,52.94209],[6.08636,52.93693],[6.08635,52.93689],[6.08573,52.9364],[6.08485,52.93628],[6.07868,52.93165],[6.0621,52.92526],[6.04998,52.92065],[6.04263,52.91794],[6.0382,52.91797],[6.0088,52.93137],[6.00224,52.934],[5.99802,52.93324],[5.98817,52.92903],[5.9788,52.92703],[5.97022,52.9283],[5.96638,52.92831],[5.95916,52.92746],[5.95464,52.926],[5.95241,52.92471],[5.9479,52.91992],[5.93785,52.91174],[5.93336,52.91502],[5.92357,52.9273],[5.91909,52.93295],[5.91298,52.9406],[5.91418,52.94292],[5.90489,52.95416],[5.90571,52.95552],[5.90545,52.95563],[5.90231,52.95737],[5.89811,52.96239],[5.89742,52.96308],[5.89563,52.96215],[5.89477,52.96318],[5.89163,52.96228],[5.89168,52.96192],[5.89103,52.9617],[5.88852,52.96506],[5.88615,52.96571],[5.88599,52.96611],[5.88808,52.96646],[5.88757,52.96701],[5.87097,52.96444],[5.86924,52.96874],[5.86722,52.97862],[5.88727,52.98152],[5.88608,52.98403],[5.88284,52.98672],[5.87748,52.99086],[5.86613,52.9998],[5.8576,53.01701],[5.84934,53.02391],[5.83601,53.03097],[5.82319,53.03843],[5.80904,53.04369],[5.80027,53.04791],[5.79795,53.04981],[5.79582,53.05302],[5.79646,53.05374],[5.79553,53.05488],[5.79875,53.0562],[5.79639,53.05884],[5.8067,53.06557],[5.80824,53.06659],[5.81418,53.07239],[5.81927,53.07586],[5.83016,53.0796],[5.83102,53.07838],[5.84336,53.08038],[5.84477,53.07958],[5.85444,53.08241],[5.85912,53.08198],[5.87287,53.08514],[5.87464,53.08507],[5.87206,53.08399]]]]}},{"type":"Feature","properties":{"code":"GM0080","name":"Leeuwarden"},"geometry":{"type":"MultiPolygon","coordinates":[[[[5.73685,53.29459],[5.74936,53.29394],[5.75966,53.2941],[5.76328,53.29449],[5.76641,53.29343],[5.7672,53.29344],[5.76835,53.29322],[5.76903,53.29255],[5.77199,53.29155],[5.79459,53.28405],[5.79775,53.2838],[5.79857,53.28295],[5.81105,53.28081],[5.81052,53.27985],[5.81323,53.27924],[5.81054,53.27742],[5.81127,53.27699],[5.81204,53.27674],[5.81389,53.27765],[5.81531,53.27747],[5.81691,53.27639],[5.83151,53.27543],[5.83865,53.27495],[5.83782,53.27383],[5.83269,53.26849],[5.83213,53.25989],[5.8297,53.25758],[5.8299,53.25535],[5.83106,53.25199],[5.83317,53.24775],[5.83319,53.24701],[5.83205,53.2464],[5.83102,53.24472],[5.83216,53.24286],[5.8592,53.24329],[5.85924,53.24329],[5.85255,53.23048],[5.85904,53.23057],[5.87623,53.23231],[5.87795,53.23323],[5.87989,53.23325],[5.88066,53.22498],[5.88999,53.225],[5.88917,53.22282],[5.89693,53.22296],[5.89712,53.22097],[5.88895,53.22095],[5.88901,53.21798],[5.89419,53.21765],[5.89382,53.21552],[5.8979,53.21539],[5.89786,53.21466],[5.90593,53.21501],[5.90497,53.21392],[5.905,53.21248],[5.90565,53.21184],[5.90705,53.21103],[5.89789,53.2087],[5.85773,53.20406],[5.85766,53.20387],[5.85699,53.20293],[5.85747,53.2016],[5.86207,53.1936],[5.85097,53.19172],[5.85342,53.18937],[5.85498,53.18582],[5.85707,53.18142],[5.86194,53.17152],[5.88028,53.17032],[5.91557,53.16876],[5.92595,53.16843],[5.93278,53.1703],[5.93375,53.16887],[5.93192,53.16108],[5.9233,53.15296],[5.91896,53.14917],[5.90863,53.14478],[5.92336,53.13091],[5.92767,53.12916],[5.9324,53.12813],[5.93858,53.1254],[5.94346,53.12161],[5.94569,53.11722],[5.94966,53.10489],[5.94594,53.10368],[5.93373,53.10912],[5.93044,53.10993],[5.92651,53.10895],[5.9154,53.10907],[5.91049,53.10916],[5.88201,53.10694],[5.88598,53.09445],[5.88598,53.09445],[5.8823,53.09333],[5.87825,53.09096],[5.88085,53.09017],[5.88312,53.09098],[5.88311,53.08896],[5.87725,53.08538],[5.87464,53.08507],[5.87287,53.08514],[5.85912,53.08198],[5.85444,53.08241],[5.84477,53.07958],[5.84336,53.08038],[5.83102,53.07838],[5.83016,53.0796],[5.81927,53.07586],[5.81418,53.07239],[5.80824,53.06659],[5.8067,53.06557],[5.79639,53.05884],[5.77391,53.04592],[5.76985,53.04585],[5.77101,53.04697],[5.7707,53.04744],[5.76954,53.04953],[5.76681,53.05055],[5.76313,53.05662],[5.76184,53.0608],[5.76668,53.06224],[5.77505,53.06664],[5.77356,53.07411],[5.76428,53.08028],[5.77101,53.08108],[5.77263,53.08182],[5.77438,53.0857],[5.77281,53.08761],[5.77148,53.08765],[5.77119,53.08794],[5.77204,53.08838],[5.77138,53.08911],[5.77813,53.09273],[5.78815,53.09656],[5.78738,53.0985],[5.78462,53.09903],[5.78057,53.1019],[5.77696,53.10346],[5.77421,53.10381],[5.77111,53.10292],[5.76953,53.10326],[5.76778,53.10506],[5.76972,53.10599],[5.7694,53.10654],[5.76483,53.10897],[5.76318,53.10906],[5.76265,53.11164],[5.7614,53.11368],[5.75745,53.11272],[5.75659,53.11578],[5.75624,53.12084],[5.75456,53.12466],[5.75148,53.12594],[5.74552,53.12548],[5.73618,53.1219],[5.73715,53.12084],[5.73325,53.12019],[5.73056,53.12054],[5.72443,53.12343],[5.71943,53.12052],[5.70987,53.1196],[5.70762,53.11912],[5.70061,53.11578],[5.69611,53.11994],[5.69545,53.12258],[5.69389,53.1229],[5.69562,53.12683],[5.69437,53.12697],[5.69437,53.12697],[5.69157,53.12736],[5.69222,53.12881],[5.69223,53.12885],[5.68597,53.12987],[5.68488,53.12827],[5.68004,53.12858],[5.65948,53.11599],[5.65657,53.11238],[5.65651,53.11237],[5.64641,53.11635],[5.64303,53.12288],[5.63735,53.12415],[5.63749,53.12805],[5.63618,53.13065],[5.63199,53.13302],[5.63821,53.13657],[5.64389,53.13746],[5.64483,53.13781],[5.64811,53.13837],[5.6497,53.13929],[5.65412,53.14164],[5.64934,53.14713],[5.65203,53.14869],[5.65545,53.14773],[5.65847,53.14942],[5.66332,53.14982],[5.66197,53.15092],[5.66281,53.15232],[5.6619,53.15497],[5.65693,53.15444],[5.65666,53.15543],[5.65766,53.15724],[5.65944,53.15762],[5.6575,53.15862],[5.66099,53.16311],[5.6603,53.16428],[5.65608,53.16573],[5.65514,53.16514],[5.65354,53.16593],[5.65284,53.16626],[5.66126,53.16976],[5.66258,53.17071],[5.66206,53.1722],[5.66359,53.17397],[5.66583,53.17528],[5.66804,53.17507],[5.6681,53.17367],[5.66901,53.17333],[5.67252,53.17517],[5.67426,53.17745],[5.67517,53.17772],[5.67729,53.17639],[5.6794,53.17913],[5.68464,53.18183],[5.68591,53.18169],[5.6871,53.18004],[5.69269,53.17993],[5.6973,53.17772],[5.6979,53.17448],[5.69929,53.17371],[5.7061,53.17338],[5.71324,53.17523],[5.71879,53.16948],[5.72013,53.17053],[5.72376,53.16998],[5.72353,53.16842],[5.72492,53.16608],[5.72833,53.16793],[5.72822,53.16979],[5.73135,53.17074],[5.73238,53.16939],[5.73333,53.16947],[5.73481,53.17148],[5.73779,53.17255],[5.74142,53.1809],[5.74541,53.18523],[5.74034,53.18537],[5.7407,53.18745],[5.74212,53.19428],[5.74457,53.19781],[5.74241,53.2001],[5.7374,53.20622],[5.73609,53.20609],[5.73474,53.21122],[5.74391,53.21138],[5.74711,53.21515],[5.74561,53.21588],[5.73416,53.21581],[5.7336,53.22232],[5.73255,53.23032],[5.73363,53.2309],[5.73815,53.23128],[5.72977,53.23526],[5.73495,53.23806],[5.73601,53.23744],[5.74392,53.2411],[5.73527,53.24705],[5.73362,53.24852],[5.73613,53.2489],[5.73596,53.25147],[5.7326,53.25717],[5.72984,53.26124],[5.73539,53.26471],[5.72734,53.26835],[5.72231,53.27153],[5.72013,53.27492],[5.72136,53.27957],[5.72204,53.28048],[5.72403,53.28438],[5.72384,53.28443],[5.72635,53.28761],[5.72485,53.28773],[5.7255,53.28915],[5.72662,53.28899],[5.72762,53.28895],[5.72764,53.28907],[5.72703,53.28915],[5.72708,53.28938],[5.72798,53.2917],[5.72988,53.29389],[5.73057,53.29447],[5.73516,53.29437],[5.73538,53.29472],[5.73685,53.29459]]]]}},{"type":"Feature","properties":{"code":"GM0085","name":"Ooststellingwerf"},"geometry":{"type":"MultiPolygon","coordinates":[[[[6.36322,53.03926],[6.36252,53.03397],[6.37407,53.02296],[6.40269,52.99565],[6.41328,52.98552],[6.42262,52.97659],[6.42762,52.97182],[6.40267,52.94338],[6.39344,52.93284],[6.36903,52.92198],[6.33328,52.90636],[6.30299,52.92497],[6.28316,52.92615],[6.25659,52.92764],[6.24755,52.92369],[6.24726,52.92335],[6.21363,52.92579],[6.21098,52.93152],[6.20918,52.9337],[6.20788,52.93387],[6.20084,52.93903],[6.20114,52.94048],[6.20252,52.9415],[6.20056,52.94301],[6.18835,52.93887],[6.17989,52.93703],[6.1727,52.93566],[6.16546,52.93345],[6.15737,52.93055],[6.14467,52.92809],[6.13936,52.92407],[6.13006,52.92039],[6.1263,52.91951],[6.12388,52.91789],[6.11681,52.91661],[6.11054,52.91324],[6.08653,52.93634],[6.08485,52.93628],[6.08573,52.9364],[6.08635,52.93689],[6.08636,52.93693],[6.09253,52.94209],[6.11586,52.9513],[6.12504,52.95238],[6.12787,52.9534],[6.14387,52.96827],[6.14569,52.96932],[6.15252,52.97286],[6.15863,52.97585],[6.17546,52.98056],[6.1957,52.98621],[6.20087,52.98849],[6.20094,52.9897],[6.20221,52.99031],[6.20542,53.03793],[6.21285,53.03624],[6.2129,53.03715],[6.21515,53.03827],[6.22284,53.03919],[6.25177,53.04834],[6.25441,53.04918],[6.27306,53.05591],[6.28053,53.05821],[6.28058,53.05856],[6.28143,53.06419],[6.30541,53.06941],[6.32779,53.07436],[6.33206,53.07528],[6.33238,53.07521],[6.35173,53.07093],[6.36781,53.06736],[6.36492,53.05198],[6.36322,53.03926]]]]}},{"type":"Feature","properties":{"code":"GM0086","name":"Opsterland"},"geometry":{"type":"MultiPolygon","coordinates":[[[[6.22596,53.1143],[6.23936,53.11339],[6.25126,53.11394],[6.25438,53.11413],[6.2556,53.1142],[6.26168,53.11429],[6.27414,53.11116],[6.28305,53.10686],[6.29057,53.09983],[6.29317,53.09921],[6.29643,53.09844],[6.31516,53.09405],[6.30527,53.08119],[6.33206,53.07528],[6.32779,53.07436],[6.30541,53.06941],[6.28143,53.06419],[6.28058,53.05856],[6.28053,53.05821],[6.27306,53.05591],[6.25441,53.04918],[6.25177,53.04834],[6.22284,53.03919],[6.21515,53.03827],[6.2129,53.03715],[6.21285,53.03624],[6.20542,53.03793],[6.2004,53.03679],[6.19878,53.03377],[6.19662,53.03327],[6.19482,53.031],[6.1857,53.02502],[6.17647,53.02093],[6.1713,53.0199],[6.15853,53.01702],[6.15134,53.01662],[6.13877,53.01348],[6.13155,53.01201],[6.12964,53.01083],[6.12878,53.01039],[6.1298,53.00876],[6.12049,53.00536],[6.1139,53.00173],[6.10741,52.99941],[6.10556,52.99777],[6.10077,52.99561],[6.09929,52.99408],[6.09648,52.99285],[6.09972,52.9895],[6.09898,52.98924],[6.09847,52.98976],[6.09645,52.98806],[6.09751,52.98695],[6.09249,52.98425],[6.08786,52.98329],[6.08621,52.98375],[6.08497,52.98295],[6.0843,52.98317],[6.07973,52.98045],[6.06984,52.97423],[6.06749,52.97317],[6.06684,52.97372],[6.0655,52.973],[6.05888,52.97029],[6.04435,52.96624],[6.02694,52.96437],[6.02681,52.965],[6.0188,52.96609],[6.01634,52.96638],[5.96287,52.97243],[5.9581,52.97294],[5.96283,52.97732],[5.96489,52.97934],[5.96265,52.98101],[5.97282,52.98935],[5.97415,52.99055],[5.97675,52.99266],[5.97465,52.99429],[5.97649,52.99559],[5.97759,52.99638],[5.97961,52.99781],[5.97396,53.00343],[5.97301,53.00558],[5.97391,53.00622],[5.97196,53.00966],[5.97712,53.01017],[5.97677,53.0112],[5.9789,53.01501],[5.98448,53.02529],[5.98391,53.02656],[5.97872,53.02818],[5.97912,53.02924],[5.97704,53.03013],[5.96609,53.03276],[5.96593,53.03317],[5.95218,53.03721],[5.95309,53.03835],[5.94286,53.04128],[5.94014,53.04221],[5.94064,53.04282],[5.938,53.04427],[5.94395,53.04439],[5.94336,53.04743],[5.94417,53.04759],[5.94453,53.04908],[5.9486,53.04919],[5.94882,53.04996],[5.9529,53.05008],[5.95376,53.05208],[5.9564,53.05221],[5.95762,53.05355],[5.94264,53.05349],[5.94733,53.06248],[5.94427,53.06525],[5.94109,53.0639],[5.93999,53.06402],[5.93546,53.06657],[5.93041,53.07101],[5.93228,53.07141],[5.9323,53.07321],[5.93595,53.07382],[5.93432,53.07578],[5.93292,53.07604],[5.93365,53.07685],[5.93339,53.07811],[5.92758,53.0784],[5.93031,53.08102],[5.9328,53.08118],[5.98094,53.07757],[5.98806,53.08076],[5.99637,53.08088],[5.99767,53.08069],[6.00247,53.08065],[6.01747,53.07611],[6.01982,53.07683],[6.0244,53.07336],[6.03174,53.07386],[6.05105,53.07275],[6.0694,53.0721],[6.07613,53.07116],[6.08343,53.07099],[6.08846,53.07089],[6.08856,53.07087],[6.08926,53.07099],[6.09769,53.07491],[6.10359,53.07701],[6.10961,53.08221],[6.11418,53.08687],[6.12496,53.10121],[6.12566,53.10147],[6.12912,53.10272],[6.13068,53.10291],[6.13485,53.1048],[6.14489,53.10857],[6.15025,53.11168],[6.16395,53.12076],[6.17542,53.12537],[6.18572,53.12921],[6.19294,53.12336],[6.20238,53.11722],[6.20561,53.11547],[6.20621,53.11545],[6.20627,53.11545],[6.21286,53.11523],[6.22261,53.11491],[6.22596,53.1143]]]]}},{"type":"Feature","properties":{"code":"GM0088","name":"Schiermonnikoog"},"geometry":{"type":"MultiPolygon","coordinates":[[[[6.37854,53.50729],[6.36129,53.50476],[6.3561,53.50604],[6.34743,53.50596],[6.34442,53.50664],[6.33776,53.50631],[6.32925,53.50727],[6.33356,53.50454],[6.33478,53.5026],[6.33041,53.50091],[6.31896,53.49975],[6.30797,53.49558],[6.28894,53.49147],[6.28252,53.49084],[6.27594,53.48943],[6.27381,53.48858],[6.27399,53.48707],[6.27117,53.48487],[6.26001,53.48292],[6.26242,53.4808],[6.25223,53.47798],[6.24107,53.47658],[6.23717,53.47714],[6.22747,53.47704],[6.19747,53.47287],[6.19682,53.4724],[6.19871,53.47056],[6.20295,53.46853],[6.202,53.46824],[6.19513,53.4724],[6.16939,53.47249],[6.16747,53.47007],[6.16787,53.46815],[6.16657,53.46793],[6.16584,53.47196],[6.16058,53.47192],[6.15707,53.47039],[6.1559,53.46667],[6.15029,53.46568],[6.15217,53.46209],[6.1501,53.46015],[6.14241,53.45771],[6.13627,53.46036],[6.13701,53.46289],[6.14373,53.46214],[6.14441,53.46521],[6.13615,53.46745],[6.12055,53.46046],[6.1154,53.46291],[6.11889,53.48293],[6.12466,53.48681],[6.13905,53.49285],[6.15031,53.49712],[6.21009,53.50283],[6.2291,53.50532],[6.28926,53.50854],[6.32006,53.51184],[6.34515,53.51551],[6.36692,53.51736],[6.38808,53.51714],[6.39258,53.51483],[6.39069,53.51052],[6.37854,53.50729]]]]}},{"type":"Feature","properties":{"code":"GM0090","name":"Smallingerland"},"geometry":{"type":"MultiPolygon","coordinates":[[[[6.17631,53.15283],[6.17562,53.1442],[6.17523,53.1359],[6.17568,53.13508],[6.17907,53.13399],[6.18572,53.12921],[6.17542,53.12537],[6.16395,53.12076],[6.15025,53.11168],[6.14489,53.10857],[6.13485,53.1048],[6.13068,53.10291],[6.12912,53.10272],[6.12566,53.10147],[6.12496,53.10121],[6.11418,53.08687],[6.10961,53.08221],[6.10359,53.07701],[6.09769,53.07491],[6.08926,53.07099],[6.08856,53.07087],[6.08846,53.07089],[6.08343,53.07099],[6.07613,53.07116],[6.0694,53.0721],[6.05105,53.07275],[6.03174,53.07386],[6.0244,53.07336],[6.01982,53.07683],[6.01747,53.07611],[6.00247,53.08065],[5.99767,53.08069],[5.99637,53.08088],[5.98806,53.08076],[5.98094,53.07757],[5.9328,53.08118],[5.93031,53.08102],[5.92758,53.0784],[5.92671,53.07849],[5.90641,53.07845],[5.90377,53.07925],[5.89704,53.07901],[5.89542,53.07884],[5.89497,53.07623],[5.87302,53.07435],[5.8715,53.07421],[5.87031,53.08143],[5.87178,53.08182],[5.87206,53.08399],[5.87464,53.08507],[5.87725,53.08538],[5.88311,53.08896],[5.88312,53.09098],[5.88085,53.09017],[5.87825,53.09096],[5.8823,53.09333],[5.88598,53.09445],[5.88598,53.09445],[5.88201,53.10694],[5.91049,53.10916],[5.9154,53.10907],[5.92651,53.10895],[5.93044,53.10993],[5.93373,53.10912],[5.94594,53.10368],[5.94966,53.10489],[5.94569,53.11722],[5.94346,53.12161],[5.94294,53.12379],[5.94403,53.12471],[5.94835,53.12626],[5.95016,53.12625],[5.95095,53.12658],[5.95097,53.12745],[5.96187,53.13113],[5.97401,53.13452],[5.98684,53.14184],[5.99784,53.14798],[6.00087,53.14946],[6.01289,53.1545],[6.01992,53.15537],[6.04021,53.15646],[6.04903,53.15642],[6.0629,53.15662],[6.0629,53.15662],[6.07979,53.15689],[6.0852,53.15899],[6.08714,53.15784],[6.08576,53.15648],[6.0888,53.15393],[6.08894,53.1541],[6.0903,53.15463],[6.09047,53.15429],[6.0912,53.15496],[6.09394,53.15613],[6.10453,53.15042],[6.10501,53.1518],[6.10934,53.15163],[6.11934,53.14942],[6.12163,53.14499],[6.14306,53.15535],[6.14812,53.15783],[6.14858,53.15699],[6.15199,53.15083],[6.16676,53.156],[6.17675,53.1595],[6.17631,53.15283]]]]}},{"type":"Feature","properties":{"code":"GM0093","name":"Terschelling"},"geometry":{"type":"MultiPolygon","coordinates":[[[[5.25132,53.2493],[5.24938,53.25011],[5.24626,53.25388],[5.2478,53.25539],[5.24974,53.25542],[5.2529,53.25547],[5.25502,53.25443],[5.26738,53.25265],[5.26034,53.25025],[5.25132,53.2493]]],[[[5.15973,53.29604],[5.15976,53.29616],[5.15978,53.29603],[5.15973,53.29604]]],[[[5.54759,53.4307],[5.54623,53.43144],[5.54448,53.43627],[5.54096,53.43328],[5.52884,53.43028],[5.51082,53.42766],[5.47634,53.41748],[5.47435,53.41383],[5.47495,53.41075],[5.48237,53.41206],[5.4811,53.41007],[5.47616,53.40836],[5.46979,53.40652],[5.4587,53.40458],[5.42797,53.40414],[5.40447,53.40461],[5.39214,53.40331],[5.38392,53.40197],[5.37771,53.40003],[5.37154,53.39654],[5.36788,53.39518],[5.35679,53.38777],[5.34959,53.38505],[5.34467,53.3832],[5.33707,53.38154],[5.33282,53.38144],[5.32945,53.38023],[5.32489,53.37822],[5.32216,53.37826],[5.31322,53.38032],[5.31077,53.37792],[5.30807,53.3767],[5.3054,53.37588],[5.30019,53.37586],[5.29654,53.37614],[5.2985,53.37478],[5.29561,53.37269],[5.29551,53.37118],[5.2935,53.37044],[5.28298,53.37204],[5.27818,53.37337],[5.27455,53.37338],[5.26797,53.37143],[5.25973,53.37297],[5.25681,53.37273],[5.25287,53.36982],[5.24334,53.366],[5.24356,53.36547],[5.23787,53.3672],[5.23575,53.36641],[5.23384,53.36659],[5.23316,53.36611],[5.22658,53.36569],[5.22604,53.3644],[5.22265,53.36399],[5.22591,53.36454],[5.22605,53.36572],[5.22126,53.36515],[5.22147,53.36441],[5.21892,53.36202],[5.21807,53.36195],[5.21776,53.36072],[5.2166,53.35854],[5.21763,53.35715],[5.2162,53.35623],[5.2152,53.35705],[5.21268,53.35591],[5.21134,53.35644],[5.20937,53.35682],[5.21035,53.35494],[5.20907,53.35345],[5.1913,53.34761],[5.18107,53.34701],[5.17455,53.34779],[5.17257,53.34939],[5.15944,53.3502],[5.15728,53.34798],[5.15146,53.35018],[5.15652,53.35822],[5.16525,53.3698],[5.18554,53.38785],[5.19354,53.39255],[5.20144,53.39464],[5.25123,53.40409],[5.29727,53.41135],[5.31441,53.41401],[5.36402,53.42174],[5.37605,53.42312],[5.47275,53.44116],[5.49473,53.44421],[5.51129,53.44424],[5.52619,53.44348],[5.53664,53.4414],[5.54285,53.43932],[5.54874,53.43564],[5.54759,53.4307]]]]}},{"type":"Feature","properties":{"code":"GM0096","name":"Vlieland"},"geometry":{"type":"MultiPolygon","coordinates":[[[[5.09341,53.29574],[5.09259,53.29554],[5.09137,53.29502],[5.09128,53.29534],[5.09191,53.29566],[5.0886,53.2979],[5.0876,53.2979],[5.08683,53.2977],[5.08628,53.29701],[5.08896,53.29659],[5.09141,53.29459],[5.08743,53.29646],[5.07835,53.2964],[5.06296,53.294],[5.06185,53.29303],[5.0598,53.29119],[5.04649,53.2853],[5.03333,53.28104],[4.98762,53.27092],[4.97204,53.26484],[4.97161,53.262],[4.97875,53.25387],[4.97938,53.24888],[4.97147,53.24229],[4.95645,53.23772],[4.93771,53.22745],[4.92751,53.21957],[4.91941,53.21622],[4.90806,53.21603],[4.87963,53.2149],[4.87151,53.20743],[4.87328,53.20587],[4.86936,53.20447],[4.84804,53.20656],[4.84501,53.20808],[4.85192,53.22029],[4.85357,53.22201],[4.93309,53.25548],[4.96051,53.27113],[5.00106,53.28936],[5.03625,53.302],[5.0446,53.3044],[5.06399,53.30785],[5.0736,53.30768],[5.09468,53.3056],[5.09862,53.30473],[5.10074,53.30305],[5.10041,53.30086],[5.09341,53.29574]]],[[[5.12148,53.28156],[5.11106,53.28716],[5.11115,53.28878],[5.12178,53.29294],[5.12715,53.29952],[5.14111,53.30027],[5.15103,53.29897],[5.15781,53.29885],[5.15976,53.29616],[5.15694,53.29232],[5.15416,53.29183],[5.14562,53.29021],[5.13295,53.28378],[5.12148,53.28156]]]]}},{"type":"Feature","properties":{"code":"GM0098","name":"Weststellingwerf"},"geometry":{"type":"MultiPolygon","coordinates":[[[[6.23229,52.91344],[6.22879,52.9103],[6.2069,52.89074],[6.20081,52.88838],[6.19068,52.88448],[6.16046,52.87252],[6.14122,52.8638],[6.14051,52.86348],[6.12099,52.85465],[6.11982,52.85422],[6.09319,52.84458],[6.08748,52.84311],[6.0833,52.83949],[6.081,52.83873],[6.06151,52.8393],[6.05649,52.83797],[6.05455,52.83763],[6.05261,52.83734],[6.05498,52.83135],[6.0593,52.82681],[6.05995,52.82612],[6.05782,52.82545],[6.05294,52.82412],[6.04854,52.82154],[6.04696,52.82053],[6.04452,52.81975],[6.04351,52.81961],[6.03821,52.81771],[6.03117,52.81499],[6.02662,52.82108],[6.02456,52.82255],[6.0179,52.8219],[6.00748,52.82005],[5.99908,52.81691],[5.99651,52.81656],[5.99421,52.81912],[5.99058,52.8216],[5.9889,52.82206],[5.98647,52.8217],[5.9864,52.82185],[5.98156,52.82947],[5.97618,52.83475],[5.97287,52.84071],[5.97244,52.84192],[5.97313,52.84247],[5.96998,52.84238],[5.95873,52.83977],[5.95579,52.83744],[5.95685,52.83444],[5.95578,52.83324],[5.94625,52.83743],[5.94437,52.83707],[5.9418,52.83597],[5.93802,52.83538],[5.93016,52.83501],[5.92673,52.83329],[5.93065,52.83225],[5.93012,52.83136],[5.92698,52.83158],[5.9231,52.83103],[5.92275,52.82987],[5.92641,52.82818],[5.92295,52.82753],[5.9242,52.82359],[5.91632,52.82028],[5.91386,52.81862],[5.91197,52.81612],[5.90858,52.81371],[5.90066,52.81183],[5.89788,52.8078],[5.89343,52.80628],[5.88258,52.80392],[5.87958,52.8012],[5.87629,52.80086],[5.86868,52.80273],[5.86564,52.80465],[5.85964,52.80454],[5.85703,52.80723],[5.8548,52.80552],[5.84995,52.80616],[5.84359,52.80503],[5.8422,52.80758],[5.83845,52.80595],[5.8361,52.80595],[5.83737,52.80826],[5.83341,52.81176],[5.82872,52.81343],[5.82416,52.8133],[5.82236,52.81511],[5.82031,52.81595],[5.8199,52.8169],[5.81975,52.81728],[5.81824,52.81978],[5.81813,52.82167],[5.81902,52.82307],[5.82157,52.82469],[5.82473,52.82559],[5.82775,52.82771],[5.82575,52.83017],[5.82871,52.83177],[5.82924,52.83347],[5.83301,52.83656],[5.83588,52.84104],[5.84002,52.843],[5.83991,52.84692],[5.84084,52.84837],[5.84393,52.85487],[5.85128,52.86269],[5.85606,52.86764],[5.85696,52.87098],[5.86176,52.87468],[5.86455,52.87609],[5.8681,52.87903],[5.86843,52.8803],[5.8711,52.88167],[5.87697,52.88683],[5.88051,52.88881],[5.88324,52.88905],[5.88497,52.88982],[5.88602,52.89424],[5.89067,52.89538],[5.89617,52.8959],[5.89903,52.89563],[5.90146,52.89703],[5.90418,52.8967],[5.91116,52.89783],[5.92506,52.90386],[5.92985,52.90652],[5.93307,52.90734],[5.93785,52.91174],[5.9479,52.91992],[5.95241,52.92471],[5.95464,52.926],[5.95916,52.92746],[5.96638,52.92831],[5.97022,52.9283],[5.9788,52.92703],[5.98817,52.92903],[5.99802,52.93324],[6.00224,52.934],[6.0088,52.93137],[6.0382,52.91797],[6.04263,52.91794],[6.04998,52.92065],[6.0621,52.92526],[6.07868,52.93165],[6.08485,52.93628],[6.08653,52.93634],[6.11054,52.91324],[6.11681,52.91661],[6.12388,52.91789],[6.1263,52.91951],[6.13006,52.92039],[6.13936,52.92407],[6.14467,52.92809],[6.15737,52.93055],[6.16546,52.93345],[6.1727,52.93566],[6.17989,52.93703],[6.18835,52.93887],[6.20056,52.94301],[6.20252,52.9415],[6.20114,52.94048],[6.20084,52.93903],[6.20788,52.93387],[6.20918,52.9337],[6.21098,52.93152],[6.21363,52.92579],[6.24726,52.92335],[6.24483,52.91959],[6.24234,52.91835],[6.23229,52.91344]]]]}},{"type":"Feature","properties":{"code":"GM0106","name":"Assen"},"geometry":{"type":"MultiPolygon","coordinates":[[[[6.60372,53.05888],[6.60517,53.05645],[6.60809,53.04842],[6.60649,53.0382],[6.60355,53.03296],[6.63122,53.02611],[6.62976,53.02372],[6.63265,53.02204],[6.62976,53.01563],[6.62174,53.01217],[6.62185,53.01006],[6.62073,53.00927],[6.61598,53.00814],[6.61172,53.00161],[6.61157,52.99958],[6.60786,52.99535],[6.60794,52.98944],[6.60793,52.98941],[6.6057,52.9845],[6.60413,52.9829],[6.59938,52.98152],[6.59649,52.9793],[6.59538,52.97627],[6.59604,52.97266],[6.58285,52.96801],[6.58127,52.96745],[6.57,52.95768],[6.56723,52.95246],[6.5615,52.94665],[6.55533,52.94955],[6.543,52.95534],[6.53928,52.94589],[6.53591,52.93259],[6.5346,52.93252],[6.53077,52.93463],[6.51762,52.93976],[6.51958,52.94296],[6.50883,52.94699],[6.49697,52.95157],[6.49313,52.948],[6.49059,52.94901],[6.48954,52.94806],[6.48649,52.94918],[6.48395,52.95017],[6.48919,52.95446],[6.49383,52.95875],[6.48756,52.96121],[6.49574,52.96899],[6.48688,52.97244],[6.4855,52.97299],[6.49049,52.9776],[6.4966,52.98324],[6.49391,52.98427],[6.49423,52.98586],[6.499,52.99022],[6.49457,52.99196],[6.4937,52.99234],[6.49806,52.99378],[6.49259,52.99306],[6.49169,52.99559],[6.48821,53.00541],[6.50512,53.00992],[6.51304,53.01056],[6.50998,53.01704],[6.50387,53.01604],[6.49553,53.0309],[6.50289,53.03221],[6.49995,53.03843],[6.50038,53.03907],[6.50513,53.04636],[6.51092,53.04445],[6.52428,53.04595],[6.52911,53.04339],[6.53085,53.04119],[6.53019,53.04011],[6.53389,53.03893],[6.53368,53.03816],[6.54174,53.03718],[6.54127,53.03566],[6.54731,53.03507],[6.54928,53.03835],[6.55077,53.03816],[6.55149,53.04025],[6.55232,53.04258],[6.55252,53.0435],[6.55002,53.04647],[6.55149,53.05037],[6.55396,53.05273],[6.55273,53.05515],[6.55608,53.05573],[6.55521,53.05861],[6.56972,53.05986],[6.56994,53.05712],[6.5704,53.05489],[6.57506,53.05464],[6.5752,53.05507],[6.5758,53.05919],[6.58681,53.05954],[6.58808,53.058],[6.60046,53.06102],[6.60124,53.06176],[6.60372,53.05888]]]]}},{"type":"Feature","properties":{"code":"GM0109","name":"Coevorden"},"geometry":{"type":"MultiPolygon","coordinates":[[[[6.73749,52.87491],[6.74045,52.87098],[6.74511,52.87185],[6.74729,52.87031],[6.751,52.86513],[6.75232,52.86319],[6.75248,52.86296],[6.7534,52.86158],[6.75301,52.85904],[6.75409,52.85853],[6.76914,52.85147],[6.7656,52.84993],[6.76668,52.84942],[6.76742,52.84906],[6.80987,52.82882],[6.82694,52.81975],[6.83345,52.81571],[6.83588,52.81421],[6.83912,52.8122],[6.84071,52.81018],[6.84981,52.80463],[6.84586,52.79854],[6.83238,52.78008],[6.83105,52.77816],[6.83105,52.77583],[6.83422,52.77143],[6.83107,52.7683],[6.83122,52.76677],[6.83969,52.761],[6.83792,52.75835],[6.83497,52.75612],[6.83808,52.75582],[6.83837,52.7514],[6.83358,52.74731],[6.83277,52.74405],[6.83097,52.74195],[6.83485,52.73811],[6.83735,52.73441],[6.82636,52.73088],[6.82832,52.72631],[6.82991,52.72598],[6.83274,52.71951],[6.84087,52.69957],[6.84881,52.69937],[6.85016,52.69658],[6.85161,52.69009],[6.85215,52.68764],[6.85253,52.68596],[6.85467,52.67631],[6.85603,52.67168],[6.85885,52.66106],[6.86188,52.64969],[6.85349,52.64953],[6.85084,52.64862],[6.83746,52.65194],[6.83171,52.6515],[6.82794,52.64918],[6.82164,52.64769],[6.81827,52.64773],[6.81615,52.64862],[6.80847,52.64902],[6.80729,52.64942],[6.80541,52.65137],[6.80321,52.65187],[6.79429,52.65066],[6.7899,52.65279],[6.787,52.65238],[6.78382,52.65253],[6.77743,52.65166],[6.77418,52.6502],[6.77209,52.65005],[6.76788,52.64685],[6.75885,52.64883],[6.75551,52.64726],[6.75345,52.64581],[6.75191,52.64703],[6.75333,52.64758],[6.75354,52.64801],[6.7526,52.64811],[6.75049,52.64689],[6.74198,52.64533],[6.73573,52.64038],[6.73069,52.63753],[6.72703,52.63393],[6.7264,52.63322],[6.72079,52.63143],[6.7182,52.63131],[6.71502,52.63027],[6.71005,52.62782],[6.70642,52.627],[6.70201,52.62727],[6.70086,52.62832],[6.70091,52.6294],[6.70452,52.63314],[6.7035,52.63523],[6.70653,52.63954],[6.7057,52.64089],[6.70217,52.64108],[6.70117,52.64167],[6.70207,52.64247],[6.70538,52.64332],[6.70553,52.64565],[6.70803,52.64772],[6.70833,52.64876],[6.70142,52.65022],[6.68585,52.65348],[6.68585,52.65348],[6.68251,52.65418],[6.65565,52.66203],[6.64674,52.66464],[6.62945,52.66969],[6.63177,52.67387],[6.63213,52.67866],[6.6321,52.68096],[6.63241,52.68673],[6.63039,52.69062],[6.62884,52.69642],[6.62994,52.71272],[6.6072,52.71276],[6.5958,52.71322],[6.59678,52.72355],[6.57643,52.72427],[6.57682,52.72556],[6.58747,52.73569],[6.60816,52.75533],[6.61626,52.76301],[6.63896,52.78256],[6.64325,52.78625],[6.66088,52.80123],[6.66775,52.7997],[6.67511,52.79714],[6.67803,52.79911],[6.67577,52.80027],[6.67904,52.80278],[6.68118,52.80773],[6.69016,52.81012],[6.6916,52.80978],[6.6924,52.81075],[6.69349,52.81546],[6.69021,52.82267],[6.69106,52.82602],[6.69399,52.8278],[6.69603,52.82662],[6.7076,52.83639],[6.70635,52.84243],[6.70405,52.84698],[6.71967,52.84883],[6.72838,52.85382],[6.72598,52.85729],[6.71986,52.86149],[6.72186,52.86632],[6.71456,52.86816],[6.73634,52.87869],[6.73749,52.87491]]]]}},{"type":"Feature","properties":{"code":"GM0114","name":"Emmen"},"geometry":{"type":"MultiPolygon","coordinates":[[[[7.04029,52.87282],[7.04349,52.86522],[7.04643,52.86586],[7.04788,52.86451],[7.05146,52.86118],[7.0523,52.8615],[7.06273,52.85147],[7.06375,52.85179],[7.06427,52.85104],[7.06592,52.85164],[7.06914,52.84786],[7.07007,52.84779],[7.07624,52.85003],[7.07632,52.84875],[7.07219,52.84521],[7.07164,52.83928],[7.07238,52.83851],[7.09274,52.8382],[7.07951,52.82162],[7.07155,52.81042],[7.06907,52.78032],[7.06415,52.7232],[7.05859,52.6767],[7.05605,52.65539],[7.05506,52.64708],[7.05476,52.64442],[7.05564,52.64436],[7.05572,52.6435],[7.04173,52.63271],[7.03861,52.63287],[7.03547,52.63485],[7.02876,52.63464],[7.01249,52.63678],[7.0066,52.63852],[7.00449,52.64088],[7.00188,52.64192],[6.99923,52.64215],[6.99246,52.64133],[6.98427,52.64364],[6.98192,52.64501],[6.97599,52.64625],[6.97493,52.64611],[6.96832,52.64183],[6.95923,52.64173],[6.95356,52.63899],[6.94543,52.63934],[6.9386,52.63789],[6.93465,52.63832],[6.92852,52.64019],[6.91926,52.63985],[6.91634,52.64133],[6.91446,52.64648],[6.90294,52.64859],[6.89718,52.65137],[6.8915,52.65152],[6.87995,52.65055],[6.87281,52.65327],[6.86474,52.64986],[6.86188,52.64969],[6.85885,52.66106],[6.85603,52.67168],[6.85467,52.67631],[6.85253,52.68596],[6.85215,52.68764],[6.85161,52.69009],[6.85016,52.69658],[6.84881,52.69937],[6.84087,52.69957],[6.83274,52.71951],[6.82991,52.72598],[6.82832,52.72631],[6.82636,52.73088],[6.83735,52.73441],[6.83485,52.73811],[6.83097,52.74195],[6.83277,52.74405],[6.83358,52.74731],[6.83837,52.7514],[6.83808,52.75582],[6.83497,52.75612],[6.83792,52.75835],[6.83969,52.761],[6.83122,52.76677],[6.83107,52.7683],[6.83422,52.77143],[6.83105,52.77583],[6.83105,52.77816],[6.83238,52.78008],[6.84586,52.79854],[6.84981,52.80463],[6.85562,52.81158],[6.85881,52.81379],[6.86506,52.81582],[6.869,52.81929],[6.87142,52.82005],[6.88494,52.8245],[6.91093,52.8354],[6.91925,52.83835],[6.94991,52.8488],[6.95189,52.85219],[6.95208,52.85532],[6.95762,52.86191],[6.96145,52.86428],[6.96449,52.86495],[6.96664,52.86387],[7.00759,52.87301],[7.01315,52.87299],[7.0148,52.87299],[7.01858,52.87298],[7.04029,52.87282]]]]}},{"type":"Feature","properties":{"code":"GM0118","name":"Hoogeveen"},"geometry":{"type":"MultiPolygon","coordinates":[[[[6.50336,52.76935],[6.50554,52.76807],[6.5079,52.76885],[6.51279,52.7621],[6.53537,52.7681],[6.53752,52.76523],[6.56628,52.76558],[6.56243,52.75669],[6.55758,52.74535],[6.55966,52.74507],[6.57078,52.74079],[6.57322,52.73986],[6.57404,52.74052],[6.57587,52.73981],[6.58747,52.73569],[6.57682,52.72556],[6.57643,52.72427],[6.59678,52.72355],[6.5958,52.71322],[6.6072,52.71276],[6.62994,52.71272],[6.62884,52.69642],[6.63039,52.69062],[6.63241,52.68673],[6.6321,52.68096],[6.63213,52.67866],[6.63177,52.67387],[6.62945,52.66969],[6.61453,52.67405],[6.61298,52.67384],[6.6038,52.67259],[6.58102,52.66947],[6.55282,52.6656],[6.54775,52.66397],[6.52938,52.65451],[6.53007,52.66462],[6.53056,52.67247],[6.50242,52.67346],[6.49955,52.67355],[6.49977,52.67564],[6.49257,52.67597],[6.49293,52.68359],[6.48485,52.68425],[6.48598,52.69363],[6.4747,52.69421],[6.46332,52.69331],[6.46281,52.6952],[6.44868,52.69379],[6.45131,52.69941],[6.44988,52.70528],[6.45114,52.70698],[6.43565,52.7061],[6.42652,52.70478],[6.41967,52.70166],[6.41622,52.70346],[6.40717,52.7068],[6.40475,52.70468],[6.4036,52.706],[6.40473,52.70912],[6.40559,52.71258],[6.40718,52.71382],[6.40993,52.7143],[6.4132,52.71621],[6.41437,52.71726],[6.4142,52.7194],[6.41464,52.72022],[6.41325,52.72056],[6.4068,52.72841],[6.42133,52.73142],[6.41541,52.74083],[6.42319,52.743],[6.42246,52.74514],[6.42052,52.74823],[6.42629,52.75142],[6.4194,52.75599],[6.41614,52.75532],[6.41014,52.76489],[6.41389,52.76606],[6.43152,52.76862],[6.43646,52.7704],[6.4406,52.77291],[6.44298,52.77449],[6.44615,52.7761],[6.44621,52.77773],[6.44649,52.78154],[6.44692,52.78589],[6.44973,52.79276],[6.45545,52.80056],[6.47849,52.79585],[6.4918,52.79312],[6.49616,52.78623],[6.49085,52.77088],[6.50336,52.76935]]]]}},{"type":"Feature","properties":{"code":"GM0119","name":"Meppel"},"geometry":{"type":"MultiPolygon","coordinates":[[[[6.17567,52.76989],[6.17693,52.76821],[6.17759,52.7683],[6.18596,52.75486],[6.18726,52.75275],[6.19407,52.74159],[6.19534,52.73956],[6.20184,52.72931],[6.21856,52.7483],[6.22066,52.74791],[6.23144,52.74171],[6.23458,52.7406],[6.21762,52.7213],[6.21632,52.7186],[6.21652,52.71271],[6.21663,52.7096],[6.2169,52.70316],[6.22496,52.70323],[6.23333,52.70666],[6.23793,52.70577],[6.24256,52.70681],[6.24898,52.70822],[6.25312,52.70528],[6.26863,52.70554],[6.27426,52.70618],[6.2738,52.70328],[6.27721,52.70336],[6.2767,52.70059],[6.27795,52.70105],[6.27964,52.69961],[6.27633,52.698],[6.27581,52.69546],[6.2867,52.69907],[6.28501,52.68971],[6.27589,52.69031],[6.27542,52.68774],[6.28174,52.68447],[6.28384,52.6842],[6.28352,52.68249],[6.27516,52.68345],[6.26982,52.68223],[6.27267,52.67374],[6.27249,52.6732],[6.26905,52.67358],[6.26858,52.67172],[6.26646,52.671],[6.26633,52.66826],[6.2655,52.66799],[6.26529,52.66876],[6.26549,52.66914],[6.26054,52.67048],[6.25818,52.66982],[6.25742,52.67041],[6.25591,52.6696],[6.25508,52.67007],[6.25474,52.66958],[6.25426,52.6702],[6.252,52.66988],[6.25027,52.6711],[6.25061,52.67187],[6.24922,52.67138],[6.24734,52.67278],[6.24897,52.6739],[6.24837,52.67562],[6.2435,52.67879],[6.2405,52.67773],[6.23708,52.67755],[6.23681,52.67803],[6.23284,52.67911],[6.23293,52.67987],[6.23406,52.68024],[6.23265,52.68149],[6.23066,52.68119],[6.22869,52.68165],[6.22823,52.68129],[6.2277,52.68173],[6.22718,52.68125],[6.22491,52.68243],[6.22272,52.68268],[6.22099,52.68283],[6.22117,52.68348],[6.21872,52.68438],[6.21981,52.68571],[6.2184,52.68601],[6.21742,52.68553],[6.21659,52.68639],[6.2141,52.68632],[6.21374,52.68565],[6.21211,52.68531],[6.2125,52.68463],[6.21018,52.68522],[6.20646,52.68486],[6.20499,52.68416],[6.20394,52.68467],[6.20168,52.68462],[6.19648,52.68087],[6.19448,52.67883],[6.19423,52.67663],[6.19206,52.67643],[6.19145,52.67932],[6.18938,52.67923],[6.18786,52.67961],[6.18587,52.6825],[6.18055,52.68159],[6.18202,52.67945],[6.18263,52.6795],[6.18421,52.67721],[6.18193,52.67687],[6.18315,52.67506],[6.18072,52.67544],[6.17768,52.67613],[6.17013,52.67794],[6.16862,52.67839],[6.16396,52.67947],[6.163,52.68006],[6.16897,52.68553],[6.16965,52.68612],[6.1682,52.68814],[6.16635,52.68895],[6.16493,52.68889],[6.16258,52.69106],[6.15898,52.69215],[6.1588,52.69248],[6.15661,52.69196],[6.15382,52.69734],[6.15144,52.70138],[6.15199,52.7016],[6.15142,52.70288],[6.14392,52.71427],[6.14265,52.71633],[6.13994,52.72036],[6.13298,52.7314],[6.12915,52.73803],[6.12709,52.74026],[6.12038,52.75024],[6.1216,52.75421],[6.12633,52.75684],[6.13247,52.75867],[6.13771,52.759],[6.1565,52.76265],[6.16015,52.76466],[6.16394,52.76645],[6.16853,52.76709],[6.17291,52.77305],[6.17445,52.77206],[6.17567,52.76989]]]]}},{"type":"Feature","properties":{"code":"GM0141","name":"Almelo"},"geometry":{"type":"MultiPolygon","coordinates":[[[[6.64543,52.39647],[6.64763,52.39545],[6.65176,52.39872],[6.66417,52.38951],[6.66716,52.38993],[6.6719,52.38885],[6.676,52.39575],[6.68442,52.39093],[6.68525,52.39311],[6.69111,52.3928],[6.69864,52.39374],[6.69788,52.39127],[6.70104,52.38565],[6.70347,52.38137],[6.7053,52.37813],[6.70702,52.37721],[6.70708,52.37718],[6.70823,52.3769],[6.71347,52.37649],[6.71277,52.37384],[6.71535,52.36733],[6.71598,52.36595],[6.71805,52.36217],[6.71969,52.36129],[6.72056,52.35233],[6.70974,52.34343],[6.71364,52.34227],[6.72085,52.34121],[6.72101,52.34013],[6.71542,52.33648],[6.70945,52.3306],[6.70684,52.33226],[6.69695,52.32981],[6.69495,52.32682],[6.70689,52.32103],[6.70435,52.31974],[6.70584,52.31802],[6.69159,52.31423],[6.69232,52.31397],[6.68948,52.30959],[6.69094,52.30839],[6.68364,52.3062],[6.6661,52.29825],[6.65752,52.29485],[6.64747,52.29371],[6.62607,52.28997],[6.63178,52.30178],[6.61875,52.30618],[6.6111,52.30753],[6.61678,52.3091],[6.61605,52.30993],[6.61401,52.30984],[6.61491,52.31122],[6.6128,52.31257],[6.61014,52.31334],[6.60922,52.31247],[6.60476,52.31223],[6.60829,52.3159],[6.61251,52.31978],[6.61902,52.32615],[6.61728,52.32828],[6.60551,52.3345],[6.59896,52.34016],[6.59771,52.3429],[6.60467,52.3449],[6.60824,52.34911],[6.6102,52.35431],[6.6124,52.35574],[6.61405,52.35627],[6.61493,52.35889],[6.61538,52.36285],[6.61538,52.36285],[6.61341,52.3651],[6.61093,52.36597],[6.60937,52.36655],[6.59885,52.38366],[6.60946,52.38955],[6.6148,52.38645],[6.61835,52.38843],[6.63586,52.39528],[6.64018,52.39908],[6.64543,52.39647]]]]}},{"type":"Feature","properties":{"code":"GM0147","name":"Borne"},"geometry":{"type":"MultiPolygon","coordinates":[[[[6.74761,52.33248],[6.75068,52.32967],[6.75377,52.33004],[6.75904,52.33206],[6.76214,52.33076],[6.76305,52.32803],[6.77384,52.31891],[6.77806,52.31813],[6.78587,52.31819],[6.78515,52.31737],[6.79861,52.31513],[6.80213,52.31454],[6.80204,52.31359],[6.80189,52.31198],[6.80123,52.30855],[6.79816,52.30764],[6.79745,52.3067],[6.7941,52.30602],[6.78789,52.30498],[6.78838,52.30365],[6.79255,52.30039],[6.78505,52.29981],[6.78085,52.29713],[6.78061,52.29697],[6.77999,52.29717],[6.77768,52.29509],[6.77552,52.29315],[6.77345,52.2924],[6.77065,52.29222],[6.77013,52.29162],[6.76748,52.2923],[6.76709,52.29175],[6.76668,52.29052],[6.76322,52.28841],[6.75934,52.28803],[6.75907,52.288],[6.75919,52.28784],[6.75691,52.28741],[6.75412,52.28713],[6.75296,52.28756],[6.75032,52.28512],[6.7475,52.28444],[6.74289,52.28311],[6.73289,52.28981],[6.72784,52.29206],[6.7237,52.29607],[6.71199,52.30367],[6.70109,52.30807],[6.69746,52.30861],[6.69094,52.30839],[6.68948,52.30959],[6.69232,52.31397],[6.69159,52.31423],[6.70584,52.31802],[6.70435,52.31974],[6.70689,52.32103],[6.69495,52.32682],[6.69695,52.32981],[6.70684,52.33226],[6.70945,52.3306],[6.71542,52.33648],[6.72101,52.34013],[6.72085,52.34121],[6.7345,52.33935],[6.74369,52.33611],[6.74761,52.33248]]]]}},{"type":"Feature","properties":{"code":"GM0148","name":"Dalfsen"},"geometry":{"type":"MultiPolygon","coordinates":[[[[6.31968,52.59917],[6.32202,52.59493],[6.32341,52.59253],[6.32581,52.58826],[6.33381,52.57386],[6.33575,52.5704],[6.35284,52.54014],[6.35837,52.52911],[6.36072,52.52688],[6.36154,52.52482],[6.35327,52.5229],[6.35162,52.52355],[6.34575,52.52023],[6.34318,52.52003],[6.33803,52.52181],[6.33152,52.52207],[6.33201,52.51778],[6.33367,52.51557],[6.3322,52.51246],[6.33565,52.50908],[6.3368,52.50764],[6.33467,52.50684],[6.34361,52.48292],[6.34405,52.48172],[6.34401,52.48072],[6.34332,52.46886],[6.34262,52.45691],[6.37838,52.45642],[6.37132,52.44994],[6.37106,52.44971],[6.37212,52.44826],[6.37315,52.44686],[6.37619,52.44781],[6.38116,52.4402],[6.38111,52.44],[6.38415,52.43944],[6.38057,52.42982],[6.3804,52.4278],[6.36832,52.42775],[6.35625,52.4291],[6.35554,52.42595],[6.35006,52.42641],[6.34958,52.42491],[6.34335,52.42531],[6.34314,52.42597],[6.33711,52.42772],[6.33433,52.42449],[6.32852,52.42806],[6.31894,52.43207],[6.31444,52.43303],[6.30372,52.43163],[6.30226,52.43144],[6.30183,52.43523],[6.29183,52.43472],[6.29158,52.43588],[6.29171,52.4359],[6.28932,52.44381],[6.28995,52.44645],[6.27864,52.44744],[6.27824,52.45704],[6.26777,52.45951],[6.25643,52.46232],[6.24541,52.46388],[6.23626,52.46562],[6.21872,52.46483],[6.21142,52.46485],[6.2061,52.46759],[6.20242,52.46874],[6.19975,52.4684],[6.19686,52.46854],[6.19385,52.46805],[6.19095,52.46844],[6.18667,52.46842],[6.17802,52.47064],[6.17706,52.47058],[6.17449,52.4684],[6.17009,52.46892],[6.1625,52.47439],[6.17132,52.47726],[6.17358,52.4768],[6.17473,52.47821],[6.17766,52.47786],[6.17701,52.47941],[6.17753,52.47982],[6.1822,52.4791],[6.18283,52.48081],[6.18953,52.48068],[6.19214,52.48173],[6.19367,52.48296],[6.19239,52.48562],[6.19368,52.48625],[6.19652,52.48968],[6.20097,52.49106],[6.20017,52.49088],[6.19874,52.49282],[6.19995,52.49318],[6.19971,52.49527],[6.19791,52.49576],[6.19683,52.49553],[6.18909,52.49901],[6.18772,52.50056],[6.18407,52.50774],[6.17332,52.51883],[6.18295,52.51934],[6.18297,52.51945],[6.18258,52.51951],[6.18311,52.52089],[6.18611,52.52267],[6.18614,52.52269],[6.18785,52.52352],[6.18744,52.52478],[6.19297,52.53197],[6.18963,52.53616],[6.19697,52.54724],[6.21081,52.5678],[6.20948,52.56853],[6.20566,52.57508],[6.20214,52.58495],[6.22382,52.58752],[6.23574,52.589],[6.25831,52.59202],[6.25913,52.59359],[6.27068,52.59498],[6.27478,52.59479],[6.2749,52.59371],[6.28127,52.59451],[6.28383,52.5948],[6.28335,52.59572],[6.28633,52.59621],[6.28708,52.59521],[6.2893,52.59549],[6.30306,52.59714],[6.31968,52.59917]]]]}},{"type":"Feature","properties":{"code":"GM0150","name":"Deventer"},"geometry":{"type":"MultiPolygon","coordinates":[[[[6.23513,52.31446],[6.25564,52.3058],[6.26724,52.3008],[6.30612,52.3006],[6.32653,52.30163],[6.32782,52.29018],[6.32782,52.29014],[6.32884,52.2811],[6.35054,52.27145],[6.34886,52.26989],[6.35083,52.26925],[6.35213,52.27083],[6.35349,52.27002],[6.35488,52.2692],[6.35284,52.26835],[6.35538,52.26727],[6.35672,52.26813],[6.36349,52.26421],[6.36306,52.26401],[6.36454,52.26316],[6.36483,52.26343],[6.37078,52.26001],[6.37294,52.26091],[6.37716,52.25868],[6.37722,52.25665],[6.37481,52.2563],[6.37488,52.25514],[6.37729,52.2544],[6.37634,52.25219],[6.37654,52.25135],[6.37721,52.25002],[6.38122,52.2474],[6.38113,52.2466],[6.38185,52.24611],[6.37735,52.24475],[6.36685,52.24153],[6.35176,52.2417],[6.34965,52.24124],[6.34922,52.2401],[6.33806,52.23622],[6.33871,52.22715],[6.32543,52.227],[6.32043,52.22567],[6.29794,52.22553],[6.29695,52.229],[6.29304,52.22951],[6.29283,52.23083],[6.29171,52.23087],[6.28633,52.23036],[6.27723,52.22794],[6.27101,52.22791],[6.27129,52.22641],[6.2694,52.22646],[6.26472,52.22725],[6.26084,52.22907],[6.25729,52.22728],[6.23845,52.22759],[6.23392,52.22904],[6.22777,52.22975],[6.22248,52.22887],[6.21648,52.23147],[6.21452,52.23133],[6.21695,52.22647],[6.20311,52.22927],[6.19014,52.22921],[6.18945,52.22934],[6.18914,52.22917],[6.18686,52.23097],[6.18604,52.23145],[6.18599,52.2314],[6.18484,52.23182],[6.18497,52.23199],[6.18253,52.23383],[6.17838,52.2337],[6.17421,52.23278],[6.16734,52.23125],[6.16627,52.23101],[6.16303,52.22852],[6.16844,52.22728],[6.16787,52.22634],[6.1625,52.22792],[6.16572,52.2235],[6.16528,52.22284],[6.16865,52.22069],[6.16753,52.21884],[6.16538,52.21751],[6.16407,52.21744],[6.16262,52.21836],[6.16399,52.22165],[6.16217,52.22417],[6.16015,52.22522],[6.15651,52.22569],[6.14768,52.22769],[6.14308,52.23162],[6.14171,52.23417],[6.14176,52.2371],[6.14224,52.23846],[6.14467,52.23941],[6.15117,52.24253],[6.15385,52.24431],[6.1542,52.24587],[6.15343,52.247],[6.15002,52.24832],[6.14942,52.24797],[6.14451,52.24712],[6.14337,52.24645],[6.13877,52.2478],[6.13541,52.24961],[6.12647,52.25065],[6.12387,52.25148],[6.12364,52.25369],[6.12515,52.25683],[6.13007,52.26069],[6.12606,52.26245],[6.12363,52.26504],[6.12298,52.26926],[6.12111,52.27203],[6.11237,52.27831],[6.11127,52.28072],[6.11132,52.28821],[6.10587,52.29241],[6.10132,52.30122],[6.10146,52.30121],[6.10812,52.29901],[6.10837,52.29766],[6.11859,52.29889],[6.12998,52.3016],[6.1303,52.30167],[6.1404,52.30376],[6.16312,52.30741],[6.17186,52.30879],[6.18218,52.30891],[6.18155,52.31486],[6.18344,52.31503],[6.19007,52.31476],[6.19951,52.31598],[6.20247,52.31811],[6.20369,52.32028],[6.20562,52.32086],[6.23536,52.31982],[6.23513,52.31446]]]]}},{"type":"Feature","properties":{"code":"GM0153","name":"Enschede"},"geometry":{"type":"MultiPolygon","coordinates":[[[[6.91213,52.28551],[6.91359,52.28217],[6.91875,52.28361],[6.93917,52.28387],[6.94099,52.2839],[6.94928,52.27949],[6.96782,52.26816],[6.96913,52.26686],[6.97092,52.25832],[6.97303,52.2485],[6.97165,52.24407],[6.96496,52.23626],[6.96589,52.23042],[6.97029,52.22774],[6.97521,52.22461],[6.97644,52.2238],[6.97667,52.22365],[6.9811,52.22074],[6.9797,52.21813],[6.97968,52.21514],[6.97849,52.21219],[6.97598,52.20949],[6.97409,52.2054],[6.9709,52.20298],[6.9674,52.19789],[6.96239,52.1943],[6.96228,52.19341],[6.96248,52.19138],[6.95125,52.18106],[6.94951,52.1805],[6.93788,52.17947],[6.93374,52.17845],[6.91563,52.17761],[6.90955,52.17645],[6.90675,52.17507],[6.90588,52.17387],[6.90572,52.16991],[6.88975,52.16121],[6.86987,52.16269],[6.82799,52.17101],[6.81428,52.17086],[6.8056,52.16661],[6.78817,52.17629],[6.7766,52.18431],[6.7668,52.19106],[6.76632,52.20314],[6.76287,52.20728],[6.75962,52.21003],[6.75589,52.2174],[6.76906,52.22701],[6.76519,52.23314],[6.7681,52.23478],[6.76832,52.23491],[6.77443,52.23846],[6.78858,52.23523],[6.80236,52.23208],[6.81375,52.22948],[6.81845,52.24101],[6.81954,52.24366],[6.8243,52.24652],[6.82706,52.24818],[6.84256,52.25391],[6.84029,52.26109],[6.8407,52.26208],[6.84335,52.2637],[6.8438,52.26555],[6.84352,52.26659],[6.84028,52.26908],[6.83185,52.27345],[6.83785,52.27663],[6.84049,52.27631],[6.86833,52.27296],[6.8765,52.27472],[6.88124,52.27936],[6.88002,52.2814],[6.88326,52.28221],[6.88321,52.28317],[6.88781,52.28345],[6.88957,52.28098],[6.89022,52.2822],[6.89537,52.28383],[6.91213,52.28551]]]]}},{"type":"Feature","properties":{"code":"GM0158","name":"Haaksbergen"},"geometry":{"type":"MultiPolygon","coordinates":[[[[6.71239,52.20633],[6.76368,52.1919],[6.7668,52.19106],[6.7766,52.18431],[6.78817,52.17629],[6.8056,52.16661],[6.81428,52.17086],[6.82799,52.17101],[6.86987,52.16269],[6.88975,52.16121],[6.88046,52.15601],[6.88196,52.15598],[6.8733,52.13297],[6.87346,52.13028],[6.86709,52.12807],[6.85547,52.12046],[6.8432,52.1192],[6.82271,52.1184],[6.76363,52.11876],[6.76057,52.11878],[6.73951,52.11856],[6.73949,52.1181],[6.71627,52.11827],[6.71129,52.11971],[6.69781,52.12355],[6.67769,52.12596],[6.67256,52.12737],[6.663,52.13],[6.66841,52.13661],[6.67261,52.13931],[6.6744,52.14277],[6.67375,52.14829],[6.67131,52.15046],[6.67268,52.15051],[6.67382,52.1521],[6.67243,52.15303],[6.6731,52.15475],[6.67061,52.15642],[6.67391,52.15881],[6.67364,52.15986],[6.67315,52.16012],[6.67407,52.16124],[6.67278,52.16138],[6.6734,52.16324],[6.67197,52.16493],[6.67134,52.16568],[6.64921,52.17288],[6.64504,52.17419],[6.64729,52.1769],[6.64276,52.18145],[6.64139,52.18091],[6.64012,52.18128],[6.63445,52.18596],[6.63081,52.1863],[6.62448,52.18888],[6.65308,52.1937],[6.67205,52.19819],[6.67565,52.19791],[6.68378,52.19729],[6.69749,52.19625],[6.70428,52.19924],[6.71239,52.20633]]]]}},{"type":"Feature","properties":{"code":"GM0160","name":"Hardenberg"},"geometry":{"type":"MultiPolygon","coordinates":[[[[6.70201,52.62727],[6.70642,52.627],[6.71005,52.62782],[6.71015,52.62732],[6.71301,52.62679],[6.72297,52.62032],[6.72729,52.61493],[6.72097,52.59835],[6.72072,52.59628],[6.72157,52.59487],[6.71994,52.59322],[6.71877,52.58864],[6.74668,52.57402],[6.76666,52.56353],[6.76669,52.56164],[6.76405,52.56158],[6.75227,52.55904],[6.7401,52.56205],[6.73437,52.56176],[6.72665,52.56306],[6.72096,52.55295],[6.72059,52.55258],[6.72018,52.55258],[6.7202,52.55219],[6.7199,52.55193],[6.72,52.55167],[6.71819,52.55097],[6.71624,52.55033],[6.71624,52.54975],[6.71595,52.54918],[6.71627,52.54853],[6.69765,52.55104],[6.68534,52.55272],[6.68535,52.55274],[6.68507,52.55281],[6.68503,52.55276],[6.68477,52.55279],[6.68479,52.55286],[6.68455,52.55289],[6.68452,52.55283],[6.68396,52.5529],[6.68088,52.55332],[6.69432,52.53557],[6.70533,52.52101],[6.69759,52.4863],[6.69349,52.48633],[6.67341,52.49351],[6.6693,52.49498],[6.66297,52.49234],[6.65366,52.48783],[6.65458,52.48272],[6.64746,52.47861],[6.6511,52.47516],[6.64956,52.47309],[6.64154,52.47124],[6.64059,52.47311],[6.63562,52.47165],[6.63122,52.47197],[6.62682,52.47383],[6.62261,52.47148],[6.61657,52.46937],[6.613,52.4656],[6.61142,52.46687],[6.60104,52.47947],[6.59519,52.4803],[6.60017,52.48516],[6.60964,52.49251],[6.5885,52.50134],[6.58788,52.50162],[6.57904,52.50545],[6.57291,52.50807],[6.5728,52.50812],[6.5665,52.5116],[6.56593,52.51169],[6.56571,52.51202],[6.56503,52.51222],[6.56449,52.51245],[6.56373,52.51244],[6.56135,52.5129],[6.56002,52.51465],[6.56094,52.51548],[6.56401,52.51447],[6.56572,52.51477],[6.56708,52.5169],[6.56542,52.5184],[6.56105,52.51979],[6.55928,52.51931],[6.5566,52.51635],[6.55507,52.51581],[6.55489,52.51528],[6.55592,52.51461],[6.55668,52.51326],[6.55355,52.5125],[6.55039,52.51483],[6.54576,52.51599],[6.54565,52.51671],[6.54663,52.51854],[6.54477,52.51907],[6.5426,52.5189],[6.54122,52.51912],[6.54275,52.52092],[6.54035,52.52671],[6.53446,52.52865],[6.53288,52.53129],[6.53097,52.53546],[6.52966,52.54629],[6.52769,52.54986],[6.52668,52.5517],[6.52183,52.56059],[6.50494,52.57589],[6.49674,52.57161],[6.48836,52.569],[6.47014,52.56894],[6.44707,52.56925],[6.44455,52.5693],[6.43807,52.56937],[6.43235,52.57089],[6.4273,52.57118],[6.41502,52.57001],[6.40988,52.57892],[6.40264,52.5914],[6.39943,52.59139],[6.39275,52.59127],[6.37395,52.59159],[6.36151,52.59185],[6.32341,52.59253],[6.32202,52.59493],[6.31968,52.59917],[6.30306,52.59714],[6.31431,52.62664],[6.31475,52.62779],[6.32418,52.65202],[6.32418,52.65202],[6.32624,52.65735],[6.3278,52.65869],[6.3312,52.65716],[6.334,52.6547],[6.34172,52.65369],[6.3436,52.65116],[6.35599,52.64589],[6.35944,52.64552],[6.3641,52.64314],[6.36391,52.63838],[6.36641,52.63745],[6.36905,52.63564],[6.36862,52.63354],[6.36952,52.6319],[6.37459,52.62849],[6.37518,52.62603],[6.37362,52.62333],[6.37724,52.62001],[6.37651,52.61692],[6.38025,52.61502],[6.38205,52.61565],[6.38408,52.61225],[6.38678,52.61362],[6.39152,52.61452],[6.39385,52.61723],[6.39632,52.61778],[6.40125,52.61627],[6.40372,52.61625],[6.40676,52.61794],[6.40589,52.61871],[6.40622,52.62042],[6.40998,52.6216],[6.41116,52.62082],[6.41205,52.61987],[6.41615,52.61867],[6.41823,52.61905],[6.4204,52.62239],[6.42689,52.62464],[6.42604,52.62651],[6.42818,52.62819],[6.43133,52.62837],[6.43299,52.62777],[6.4338,52.62641],[6.43493,52.61929],[6.43825,52.61715],[6.44222,52.61572],[6.44307,52.61619],[6.45348,52.61396],[6.46071,52.61699],[6.46409,52.62384],[6.46722,52.62428],[6.46997,52.62499],[6.47237,52.62458],[6.47299,52.62227],[6.47802,52.61863],[6.48009,52.61835],[6.4839,52.61908],[6.4909,52.61916],[6.50503,52.61686],[6.50931,52.6148],[6.51168,52.61404],[6.51203,52.61365],[6.51853,52.61408],[6.51825,52.61647],[6.51787,52.61892],[6.51401,52.64527],[6.51386,52.64629],[6.52928,52.65445],[6.52929,52.65446],[6.52938,52.65451],[6.54775,52.66397],[6.55282,52.6656],[6.58102,52.66947],[6.6038,52.67259],[6.61298,52.67384],[6.61453,52.67405],[6.62945,52.66969],[6.64674,52.66464],[6.65565,52.66203],[6.68251,52.65418],[6.68585,52.65348],[6.68585,52.65348],[6.70142,52.65022],[6.70833,52.64876],[6.70803,52.64772],[6.70553,52.64565],[6.70538,52.64332],[6.70207,52.64247],[6.70117,52.64167],[6.70217,52.64108],[6.7057,52.64089],[6.70653,52.63954],[6.7035,52.63523],[6.70452,52.63314],[6.70091,52.6294],[6.70086,52.62832],[6.70201,52.62727]]]]}},{"type":"Feature","properties":{"code":"GM0163","name":"Hellendoorn"},"geometry":{"type":"MultiPolygon","coordinates":[[[[6.47505,52.44108],[6.47531,52.441],[6.47973,52.44116],[6.48034,52.44033],[6.50023,52.4383],[6.5109,52.43717],[6.51776,52.43779],[6.51851,52.4394],[6.52116,52.44027],[6.5245,52.43976],[6.5284,52.44067],[6.53053,52.4433],[6.53017,52.44497],[6.53104,52.44622],[6.53791,52.44975],[6.543,52.45123],[6.54652,52.45058],[6.55535,52.44885],[6.55864,52.44887],[6.56336,52.44583],[6.56633,52.44682],[6.56684,52.44628],[6.57052,52.44752],[6.57005,52.44807],[6.57105,52.4484],[6.57163,52.4465],[6.57279,52.44689],[6.57485,52.44758],[6.58359,52.45052],[6.59639,52.45481],[6.597,52.4494],[6.59815,52.43903],[6.58819,52.43415],[6.58494,52.43177],[6.57335,52.42332],[6.57247,52.42332],[6.57595,52.41751],[6.51601,52.40613],[6.51023,52.39532],[6.50854,52.39215],[6.51379,52.3817],[6.51261,52.38184],[6.49552,52.37618],[6.49608,52.36794],[6.49906,52.36356],[6.51244,52.36257],[6.51235,52.36192],[6.52079,52.36142],[6.51887,52.35516],[6.50841,52.35521],[6.50666,52.35528],[6.50584,52.35245],[6.50117,52.35285],[6.49598,52.34995],[6.4908,52.34936],[6.48913,52.34595],[6.48661,52.34521],[6.48814,52.3436],[6.48799,52.3435],[6.48647,52.34256],[6.46819,52.32646],[6.46092,52.32006],[6.44754,52.32213],[6.42973,52.32506],[6.4219,52.32569],[6.41584,52.325],[6.39765,52.32273],[6.37111,52.31995],[6.35602,52.31822],[6.35018,52.32406],[6.34239,52.33317],[6.33621,52.34652],[6.3335,52.3514],[6.33594,52.35621],[6.34308,52.37003],[6.35726,52.37703],[6.38247,52.38065],[6.38865,52.38031],[6.39447,52.39221],[6.40136,52.40633],[6.40517,52.41554],[6.39032,52.42814],[6.42878,52.43869],[6.43841,52.44403],[6.43862,52.4458],[6.43838,52.44756],[6.44252,52.45007],[6.44438,52.45462],[6.44178,52.45525],[6.44296,52.45693],[6.44563,52.46092],[6.44742,52.4617],[6.4501,52.46126],[6.44876,52.46113],[6.44855,52.46031],[6.45349,52.46002],[6.45736,52.45499],[6.46923,52.445],[6.47369,52.4429],[6.47505,52.44108]]]]}},{"type":"Feature","properties":{"code":"GM0164","name":"Hengelo (O.)"},"geometry":{"type":"MultiPolygon","coordinates":[[[[6.80782,52.31309],[6.80934,52.31036],[6.81225,52.31089],[6.82334,52.30876],[6.82569,52.3064],[6.8239,52.30442],[6.82117,52.30248],[6.81999,52.30242],[6.81979,52.30149],[6.81924,52.30145],[6.81914,52.30084],[6.81939,52.30054],[6.82052,52.29843],[6.82307,52.2971],[6.82789,52.29552],[6.8279,52.29486],[6.83119,52.29398],[6.83493,52.29414],[6.83664,52.29324],[6.8384,52.29337],[6.83947,52.29312],[6.83959,52.2933],[6.8432,52.29245],[6.8427,52.29175],[6.84638,52.2914],[6.84781,52.28991],[6.85068,52.2869],[6.8516,52.28592],[6.85239,52.2852],[6.85031,52.28413],[6.85118,52.28321],[6.85065,52.28297],[6.85202,52.28206],[6.84576,52.27976],[6.84666,52.27946],[6.84757,52.27858],[6.84049,52.27631],[6.83785,52.27663],[6.83185,52.27345],[6.84028,52.26908],[6.84352,52.26659],[6.8438,52.26555],[6.84335,52.2637],[6.8407,52.26208],[6.84029,52.26109],[6.84256,52.25391],[6.82706,52.24818],[6.8243,52.24652],[6.81954,52.24366],[6.81845,52.24101],[6.81375,52.22948],[6.80236,52.23208],[6.78858,52.23523],[6.77443,52.23846],[6.76832,52.23491],[6.7681,52.23478],[6.76519,52.23314],[6.76906,52.22701],[6.75589,52.2174],[6.75962,52.21003],[6.76287,52.20728],[6.76632,52.20314],[6.7668,52.19106],[6.76368,52.1919],[6.71239,52.20633],[6.70204,52.21682],[6.70324,52.21944],[6.71214,52.22603],[6.71631,52.23862],[6.71709,52.24098],[6.7188,52.23918],[6.71877,52.23786],[6.72083,52.23802],[6.72151,52.23915],[6.72006,52.24374],[6.71793,52.24351],[6.71962,52.24862],[6.72359,52.25201],[6.72428,52.25271],[6.72937,52.25255],[6.74885,52.25173],[6.75296,52.25237],[6.75075,52.26116],[6.74898,52.26529],[6.74792,52.26685],[6.74882,52.26709],[6.7494,52.26938],[6.74856,52.27017],[6.74937,52.27102],[6.74814,52.27605],[6.74577,52.28013],[6.74423,52.28171],[6.7429,52.28309],[6.74289,52.28311],[6.7475,52.28444],[6.75032,52.28512],[6.75296,52.28756],[6.75412,52.28713],[6.75691,52.28741],[6.75919,52.28784],[6.75907,52.288],[6.75934,52.28803],[6.76322,52.28841],[6.76668,52.29052],[6.76709,52.29175],[6.76748,52.2923],[6.77013,52.29162],[6.77065,52.29222],[6.77345,52.2924],[6.77552,52.29315],[6.77768,52.29509],[6.77999,52.29717],[6.78061,52.29697],[6.78085,52.29713],[6.78505,52.29981],[6.79255,52.30039],[6.78838,52.30365],[6.78789,52.30498],[6.7941,52.30602],[6.79745,52.3067],[6.79816,52.30764],[6.80123,52.30855],[6.80189,52.31198],[6.80204,52.31359],[6.80782,52.31309]]]]}},{"type":"Feature","properties":{"code":"GM0166","name":"Kampen"},"geometry":{"type":"MultiPolygon","coordinates":[[[[5.98188,52.62316],[5.9865,52.62318],[5.98795,52.62407],[5.99175,52.62175],[5.99131,52.61443],[5.98125,52.60589],[5.97272,52.59554],[5.97134,52.59416],[5.97241,52.59255],[5.97263,52.59146],[5.97301,52.5909],[5.98294,52.57751],[6.01269,52.58564],[6.01289,52.58611],[6.03304,52.5594],[6.00362,52.55039],[6.00699,52.54554],[6.01965,52.54189],[6.03046,52.53806],[6.03009,52.53082],[6.03017,52.52675],[6.02501,52.5263],[6.02364,52.52737],[6.01897,52.52601],[6.01551,52.52277],[6.01477,52.52046],[6.01507,52.51791],[6.01881,52.51388],[6.02786,52.50961],[6.02535,52.50657],[6.02285,52.50533],[6.01934,52.50483],[6.01508,52.50596],[6.01454,52.50577],[6.01237,52.50594],[6.00761,52.50426],[6.00079,52.50015],[5.99172,52.4939],[5.98316,52.48898],[5.97181,52.48125],[5.96531,52.47644],[5.9583,52.48406],[5.95145,52.48413],[5.94612,52.48204],[5.93688,52.4765],[5.93635,52.47658],[5.93577,52.47723],[5.93541,52.47739],[5.92556,52.47406],[5.92085,52.48255],[5.91023,52.49719],[5.90158,52.50568],[5.88728,52.51691],[5.87891,52.52167],[5.87621,52.52203],[5.8658,52.51866],[5.86586,52.51999],[5.8644,52.52054],[5.86351,52.52035],[5.86286,52.52091],[5.86274,52.52214],[5.86367,52.52287],[5.86361,52.52381],[5.86282,52.52612],[5.86216,52.52765],[5.86148,52.52852],[5.86241,52.53034],[5.86178,52.5332],[5.86066,52.53431],[5.86042,52.53617],[5.86196,52.53728],[5.86178,52.53737],[5.86082,52.5371],[5.86031,52.53744],[5.86253,52.53812],[5.86226,52.53843],[5.8607,52.53851],[5.86056,52.53793],[5.86036,52.53793],[5.85975,52.53891],[5.85935,52.54227],[5.85844,52.54282],[5.85803,52.54277],[5.85786,52.54295],[5.85813,52.54346],[5.85695,52.54403],[5.85787,52.5446],[5.85772,52.54518],[5.8576,52.54565],[5.85769,52.54584],[5.85727,52.54642],[5.85786,52.54683],[5.85858,52.54695],[5.85854,52.5473],[5.85822,52.54754],[5.85735,52.54739],[5.85677,52.54988],[5.85662,52.55109],[5.85617,52.55136],[5.85721,52.55284],[5.85697,52.55295],[5.85554,52.55134],[5.85334,52.55253],[5.85274,52.55562],[5.84209,52.56295],[5.83992,52.56971],[5.83213,52.57688],[5.82696,52.57873],[5.82465,52.5796],[5.81971,52.58012],[5.81432,52.58243],[5.81427,52.58278],[5.82969,52.58246],[5.83953,52.58156],[5.83972,52.58226],[5.83886,52.58306],[5.82984,52.58376],[5.80556,52.58422],[5.81512,52.58836],[5.81993,52.589],[5.81984,52.58792],[5.81415,52.58686],[5.81394,52.58587],[5.81438,52.58494],[5.81729,52.58466],[5.82004,52.58641],[5.82195,52.58675],[5.82854,52.58711],[5.8336,52.58572],[5.83912,52.58333],[5.83993,52.58279],[5.84163,52.58381],[5.83391,52.58867],[5.83171,52.59151],[5.83562,52.59628],[5.83508,52.59717],[5.83215,52.59785],[5.83196,52.59998],[5.83286,52.60185],[5.83529,52.60322],[5.83604,52.60474],[5.83624,52.60603],[5.83825,52.60673],[5.84049,52.60774],[5.83976,52.60905],[5.84065,52.61043],[5.84068,52.61043],[5.84134,52.61052],[5.84261,52.6107],[5.84301,52.61075],[5.84301,52.61075],[5.88809,52.61686],[5.8963,52.61797],[5.89659,52.61801],[5.89681,52.61787],[5.89725,52.61776],[5.89923,52.61834],[5.90575,52.61826],[5.90482,52.61646],[5.90675,52.61552],[5.90775,52.61606],[5.91246,52.61521],[5.91445,52.61346],[5.91727,52.61274],[5.92017,52.61286],[5.92151,52.61336],[5.93142,52.61386],[5.93758,52.61558],[5.94343,52.61821],[5.9551,52.62146],[5.95575,52.62289],[5.95694,52.6242],[5.95839,52.6248],[5.96226,52.6244],[5.97686,52.62215],[5.98188,52.62316]]],[[[5.79237,52.59117],[5.78911,52.59184],[5.78808,52.59212],[5.78771,52.59155],[5.78815,52.59076],[5.78899,52.59032],[5.79086,52.58923],[5.7912,52.58779],[5.79033,52.58739],[5.789,52.58821],[5.7886,52.58934],[5.78575,52.59104],[5.78553,52.59253],[5.78735,52.59313],[5.79061,52.59214],[5.79256,52.59274],[5.79369,52.59347],[5.7963,52.59229],[5.79774,52.59077],[5.79237,52.59117]]],[[[5.81105,52.59145],[5.81095,52.59271],[5.81182,52.59357],[5.81705,52.5917],[5.81211,52.59123],[5.81077,52.59002],[5.80783,52.58913],[5.8021,52.59173],[5.80053,52.59377],[5.80004,52.59544],[5.80035,52.597],[5.80207,52.5973],[5.80587,52.59629],[5.80824,52.59431],[5.80731,52.59339],[5.80722,52.59284],[5.80666,52.59074],[5.80861,52.59026],[5.81105,52.59145]]],[[[5.8341,52.60551],[5.82853,52.60191],[5.8279,52.60151],[5.82664,52.60052],[5.82576,52.5992],[5.8261,52.5968],[5.82834,52.59439],[5.82969,52.59301],[5.82499,52.59319],[5.82213,52.59427],[5.82047,52.59567],[5.81822,52.59614],[5.81628,52.59733],[5.81306,52.5981],[5.80988,52.59791],[5.80833,52.59925],[5.80174,52.60272],[5.80126,52.60489],[5.80271,52.60622],[5.80848,52.60732],[5.81075,52.60685],[5.81291,52.6056],[5.81463,52.60447],[5.81615,52.6044],[5.8166,52.60568],[5.81759,52.60671],[5.81924,52.60689],[5.82112,52.607],[5.82225,52.60723],[5.82473,52.60705],[5.82857,52.60691],[5.83147,52.60703],[5.83396,52.60729],[5.83394,52.60606],[5.8341,52.60551]]]]}},{"type":"Feature","properties":{"code":"GM0168","name":"Losser"},"geometry":{"type":"MultiPolygon","coordinates":[[[[6.98476,52.37258],[7.00783,52.36383],[7.01099,52.36411],[7.03183,52.36769],[7.03961,52.3684],[7.07221,52.3728],[7.07277,52.36681],[7.07212,52.35189],[7.05723,52.33884],[7.05623,52.33795],[7.05615,52.33496],[7.05492,52.33318],[7.05549,52.33217],[7.04718,52.32374],[7.04726,52.32126],[7.04811,52.31995],[7.04581,52.31645],[7.04636,52.31662],[7.04742,52.31521],[7.04342,52.31392],[7.04357,52.31347],[7.03869,52.31238],[7.04124,52.31105],[7.03949,52.30763],[7.03384,52.3025],[7.02646,52.29197],[7.02624,52.28732],[7.02955,52.28153],[7.02962,52.28018],[7.02752,52.27799],[7.02859,52.27363],[7.03206,52.27166],[7.03925,52.2609],[7.0424,52.25614],[7.06579,52.24123],[7.06129,52.23471],[7.04846,52.23066],[7.0467,52.23007],[7.04275,52.22877],[7.04031,52.22797],[7.03795,52.22741],[7.0264,52.22571],[7.02045,52.22594],[7.0193,52.2251],[7.01294,52.22726],[7.01265,52.22681],[7.01122,52.22759],[7.00738,52.22809],[7.00585,52.22829],[7.00348,52.22859],[6.997,52.22706],[6.98912,52.22684],[6.98709,52.22544],[6.98501,52.22502],[6.98539,52.22356],[6.98288,52.22241],[6.9811,52.22074],[6.97667,52.22365],[6.97644,52.2238],[6.97521,52.22461],[6.97029,52.22774],[6.96589,52.23042],[6.96496,52.23626],[6.97165,52.24407],[6.97303,52.2485],[6.97092,52.25832],[6.96913,52.26686],[6.96782,52.26816],[6.94928,52.27949],[6.94099,52.2839],[6.93917,52.28387],[6.93708,52.28862],[6.93592,52.2906],[6.94063,52.29038],[6.94635,52.29271],[6.94506,52.29526],[6.94188,52.29865],[6.94318,52.3001],[6.94467,52.30069],[6.94946,52.30691],[6.95018,52.30849],[6.94866,52.31344],[6.94776,52.3141],[6.94842,52.31599],[6.94967,52.31603],[6.9502,52.31739],[6.95014,52.31936],[6.94495,52.31976],[6.94586,52.321],[6.94279,52.32217],[6.93466,52.32271],[6.93753,52.33284],[6.9452,52.33272],[6.95359,52.33397],[6.95114,52.33796],[6.95284,52.34035],[6.96111,52.34681],[6.96598,52.34839],[6.97026,52.34877],[6.96267,52.36339],[6.97093,52.37985],[6.98476,52.37258]]]]}},{"type":"Feature","properties":{"code":"GM0171","name":"Noordoostpolder"},"geometry":{"type":"MultiPolygon","coordinates":[[[[5.84301,52.61075],[5.86497,52.61562],[5.86783,52.61607],[5.86997,52.61562],[5.87043,52.61642],[5.88648,52.61984],[5.88791,52.62037],[5.89289,52.61969],[5.89398,52.6185],[5.8963,52.61797],[5.88809,52.61686],[5.84301,52.61075]]],[[[6.00391,52.64354],[5.99927,52.6457],[5.99915,52.64777],[6.00267,52.64871],[6.00799,52.64797],[6.01232,52.64656],[6.01387,52.64569],[6.01056,52.64244],[6.00876,52.64227],[6.00391,52.64354]]],[[[5.78738,52.80897],[5.78981,52.80369],[5.79518,52.80652],[5.80348,52.79686],[5.81273,52.79119],[5.81866,52.78764],[5.81879,52.7847],[5.82815,52.78555],[5.83606,52.78564],[5.83731,52.78502],[5.84162,52.78514],[5.84339,52.78446],[5.8503,52.78453],[5.86208,52.78102],[5.87994,52.77309],[5.88514,52.7693],[5.89255,52.76596],[5.89438,52.76513],[5.89609,52.76282],[5.89776,52.76214],[5.90005,52.7612],[5.90601,52.76133],[5.92183,52.75117],[5.93015,52.73959],[5.93556,52.73025],[5.94117,52.71755],[5.94189,52.71595],[5.94256,52.715],[5.95116,52.71192],[5.95209,52.71088],[5.95532,52.70726],[5.95484,52.70377],[5.95901,52.70386],[5.96483,52.6981],[5.96516,52.69357],[5.96211,52.69035],[5.9594,52.68995],[5.95274,52.68524],[5.95151,52.68495],[5.94952,52.68571],[5.94685,52.684],[5.94471,52.68271],[5.94538,52.6823],[5.94016,52.67922],[5.93387,52.67551],[5.93275,52.67319],[5.93309,52.67126],[5.93459,52.66978],[5.93515,52.66923],[5.93973,52.66884],[5.9401,52.67043],[5.94159,52.67052],[5.95402,52.66767],[5.95817,52.66781],[5.9618,52.6673],[5.96306,52.6664],[5.96497,52.66615],[5.96685,52.66658],[5.97082,52.66519],[5.97467,52.66271],[5.97955,52.6605],[5.98265,52.65794],[5.98187,52.65831],[5.98124,52.65809],[5.98383,52.65633],[5.98374,52.65561],[5.96826,52.64122],[5.96373,52.63874],[5.88489,52.6228],[5.83179,52.61254],[5.77156,52.61276],[5.75012,52.61281],[5.7486,52.61226],[5.74571,52.61234],[5.74577,52.61123],[5.74989,52.61113],[5.7502,52.61074],[5.74544,52.61083],[5.7433,52.61241],[5.7416,52.61212],[5.73991,52.61285],[5.66333,52.61305],[5.6583,52.61372],[5.65356,52.61546],[5.65121,52.61477],[5.65004,52.61559],[5.65165,52.61697],[5.62989,52.63772],[5.63044,52.6384],[5.6411,52.64255],[5.63628,52.64722],[5.63613,52.64961],[5.64887,52.64955],[5.65002,52.65431],[5.64283,52.66055],[5.65538,52.66595],[5.64159,52.67801],[5.64372,52.68261],[5.6258,52.68261],[5.61262,52.68135],[5.60953,52.68042],[5.60693,52.68242],[5.60431,52.68231],[5.60431,52.68324],[5.59455,52.6833],[5.59431,52.67627],[5.59332,52.67628],[5.59385,52.70218],[5.59488,52.748],[5.59517,52.76263],[5.59658,52.76606],[5.63359,52.80222],[5.65972,52.82767],[5.66341,52.83009],[5.66959,52.83173],[5.70982,52.83466],[5.71203,52.83569],[5.71308,52.83803],[5.7227,52.83608],[5.72866,52.8334],[5.72957,52.83373],[5.72725,52.83692],[5.72482,52.84362],[5.72468,52.84398],[5.74572,52.84024],[5.74881,52.83968],[5.78438,52.81748],[5.78738,52.80897]]]]}},{"type":"Feature","properties":{"code":"GM0173","name":"Oldenzaal"},"geometry":{"type":"MultiPolygon","coordinates":[[[[6.91136,52.33076],[6.9128,52.33057],[6.91819,52.3308],[6.9246,52.32999],[6.93097,52.32946],[6.93044,52.33001],[6.93191,52.33276],[6.93753,52.33284],[6.93466,52.32271],[6.94279,52.32217],[6.94586,52.321],[6.94495,52.31976],[6.95014,52.31936],[6.9502,52.31739],[6.94967,52.31603],[6.94842,52.31599],[6.94776,52.3141],[6.94866,52.31344],[6.95018,52.30849],[6.94946,52.30691],[6.94467,52.30069],[6.94318,52.3001],[6.94188,52.29865],[6.94506,52.29526],[6.94635,52.29271],[6.94063,52.29038],[6.93592,52.2906],[6.93708,52.28862],[6.93917,52.28387],[6.91875,52.28361],[6.91359,52.28217],[6.91213,52.28551],[6.8945,52.29354],[6.88948,52.29247],[6.88793,52.29276],[6.88389,52.29395],[6.8799,52.29372],[6.87968,52.29484],[6.87272,52.29736],[6.8653,52.29722],[6.85978,52.29867],[6.86135,52.30637],[6.86357,52.30735],[6.86504,52.3068],[6.86711,52.3083],[6.86705,52.31031],[6.86837,52.31061],[6.86934,52.31212],[6.87093,52.3119],[6.87177,52.31261],[6.87699,52.31226],[6.87987,52.31901],[6.88433,52.31845],[6.88561,52.32125],[6.88634,52.32228],[6.88778,52.32206],[6.89474,52.32495],[6.89593,52.32609],[6.89723,52.32805],[6.89716,52.32821],[6.89815,52.32815],[6.90065,52.33346],[6.90623,52.33261],[6.91136,52.33076]]]]}},{"type":"Feature","properties":{"code":"GM0175","name":"Ommen"},"geometry":{"type":"MultiPolygon","coordinates":[[[[6.37395,52.59159],[6.39275,52.59127],[6.39943,52.59139],[6.40264,52.5914],[6.40988,52.57892],[6.41502,52.57001],[6.4273,52.57118],[6.43235,52.57089],[6.43807,52.56937],[6.44455,52.5693],[6.44707,52.56925],[6.47014,52.56894],[6.48836,52.569],[6.49674,52.57161],[6.50494,52.57589],[6.52183,52.56059],[6.52668,52.5517],[6.52769,52.54986],[6.52966,52.54629],[6.53097,52.53546],[6.53288,52.53129],[6.53446,52.52865],[6.54035,52.52671],[6.54275,52.52092],[6.54122,52.51912],[6.5426,52.5189],[6.54477,52.51907],[6.54663,52.51854],[6.54565,52.51671],[6.54576,52.51599],[6.55039,52.51483],[6.55355,52.5125],[6.55668,52.51326],[6.55592,52.51461],[6.55489,52.51528],[6.55507,52.51581],[6.5566,52.51635],[6.55928,52.51931],[6.56105,52.51979],[6.56542,52.5184],[6.56708,52.5169],[6.56572,52.51477],[6.56401,52.51447],[6.56094,52.51548],[6.56002,52.51465],[6.56135,52.5129],[6.56373,52.51244],[6.56449,52.51245],[6.56503,52.51222],[6.56571,52.51202],[6.56593,52.51169],[6.5665,52.5116],[6.5728,52.50812],[6.57291,52.50807],[6.57904,52.50545],[6.58788,52.50162],[6.5885,52.50134],[6.60964,52.49251],[6.60017,52.48516],[6.59519,52.4803],[6.57299,52.48427],[6.56529,52.48566],[6.55446,52.48759],[6.5344,52.48898],[6.51002,52.49065],[6.51002,52.49065],[6.50547,52.49096],[6.50377,52.48172],[6.49603,52.4812],[6.48872,52.4769],[6.47841,52.47761],[6.47244,52.47569],[6.46431,52.47466],[6.4617,52.47341],[6.46137,52.47129],[6.45847,52.46994],[6.45422,52.46933],[6.45291,52.47005],[6.45301,52.47121],[6.4511,52.46883],[6.45327,52.46649],[6.45236,52.46452],[6.45155,52.46474],[6.45049,52.4669],[6.44838,52.46647],[6.44747,52.46533],[6.45124,52.46158],[6.4501,52.46126],[6.44742,52.4617],[6.44563,52.46092],[6.44296,52.45693],[6.44178,52.45525],[6.44438,52.45462],[6.44252,52.45007],[6.43838,52.44756],[6.43862,52.4458],[6.43841,52.44403],[6.42878,52.43869],[6.39032,52.42814],[6.38057,52.42982],[6.38415,52.43944],[6.38111,52.44],[6.38116,52.4402],[6.37619,52.44781],[6.37315,52.44686],[6.37212,52.44826],[6.37106,52.44971],[6.37132,52.44994],[6.37838,52.45642],[6.34262,52.45691],[6.34332,52.46886],[6.34401,52.48072],[6.34405,52.48172],[6.34361,52.48292],[6.33467,52.50684],[6.3368,52.50764],[6.33565,52.50908],[6.3322,52.51246],[6.33367,52.51557],[6.33201,52.51778],[6.33152,52.52207],[6.33803,52.52181],[6.34318,52.52003],[6.34575,52.52023],[6.35162,52.52355],[6.35327,52.5229],[6.36154,52.52482],[6.36072,52.52688],[6.35837,52.52911],[6.35284,52.54014],[6.33575,52.5704],[6.33381,52.57386],[6.32581,52.58826],[6.32341,52.59253],[6.36151,52.59185],[6.37395,52.59159]]]]}},{"type":"Feature","properties":{"code":"GM0177","name":"Raalte"},"geometry":{"type":"MultiPolygon","coordinates":[[[[6.1625,52.47439],[6.17009,52.46892],[6.17449,52.4684],[6.17706,52.47058],[6.17802,52.47064],[6.18667,52.46842],[6.19095,52.46844],[6.19385,52.46805],[6.19686,52.46854],[6.19975,52.4684],[6.20242,52.46874],[6.2061,52.46759],[6.21142,52.46485],[6.21872,52.46483],[6.23626,52.46562],[6.24541,52.46388],[6.25643,52.46232],[6.26777,52.45951],[6.27824,52.45704],[6.27864,52.44744],[6.28995,52.44645],[6.28932,52.44381],[6.29171,52.4359],[6.29158,52.43588],[6.29183,52.43472],[6.30183,52.43523],[6.30226,52.43144],[6.30372,52.43163],[6.31444,52.43303],[6.31894,52.43207],[6.32852,52.42806],[6.33433,52.42449],[6.33711,52.42772],[6.34314,52.42597],[6.34335,52.42531],[6.34958,52.42491],[6.35006,52.42641],[6.35554,52.42595],[6.35625,52.4291],[6.36832,52.42775],[6.3804,52.4278],[6.38057,52.42982],[6.39032,52.42814],[6.40517,52.41554],[6.40136,52.40633],[6.39447,52.39221],[6.38865,52.38031],[6.38247,52.38065],[6.35726,52.37703],[6.34308,52.37003],[6.33594,52.35621],[6.3335,52.3514],[6.33621,52.34652],[6.34239,52.33317],[6.35018,52.32406],[6.35602,52.31822],[6.35547,52.31793],[6.34119,52.30908],[6.32653,52.30163],[6.30612,52.3006],[6.26724,52.3008],[6.25564,52.3058],[6.23513,52.31446],[6.23536,52.31982],[6.23556,52.32846],[6.23248,52.32961],[6.23188,52.33561],[6.23567,52.3399],[6.22424,52.3465],[6.22296,52.34724],[6.19686,52.35211],[6.19621,52.35861],[6.19466,52.35865],[6.19145,52.3612],[6.18896,52.36427],[6.1885,52.37093],[6.18946,52.37575],[6.19547,52.37418],[6.19669,52.37221],[6.20016,52.37112],[6.20134,52.3714],[6.20148,52.37412],[6.20034,52.375],[6.20196,52.37558],[6.20198,52.37587],[6.20358,52.37827],[6.20083,52.38034],[6.20161,52.38351],[6.2073,52.38264],[6.20757,52.38386],[6.20652,52.38471],[6.20236,52.38518],[6.20399,52.3869],[6.2164,52.38639],[6.2185,52.3853],[6.22023,52.38636],[6.22682,52.38837],[6.22993,52.38997],[6.23087,52.39191],[6.23212,52.39331],[6.23199,52.39479],[6.23095,52.3982],[6.22208,52.40842],[6.23096,52.4235],[6.2099,52.42532],[6.20765,52.42554],[6.20834,52.42782],[6.20648,52.42821],[6.19655,52.42712],[6.19349,52.42832],[6.19259,52.43096],[6.19106,52.43269],[6.17745,52.43127],[6.17472,52.43359],[6.16128,52.44949],[6.15768,52.45354],[6.15492,52.45318],[6.15229,52.4578],[6.15159,52.46177],[6.14749,52.46573],[6.14415,52.46767],[6.15132,52.47109],[6.15223,52.47084],[6.1625,52.47439]]]]}},{"type":"Feature","properties":{"code":"GM0180","name":"Staphorst"},"geometry":{"type":"MultiPolygon","coordinates":[[[[6.16258,52.69106],[6.16493,52.68889],[6.16635,52.68895],[6.1682,52.68814],[6.16965,52.68612],[6.16897,52.68553],[6.163,52.68006],[6.16396,52.67947],[6.16862,52.67839],[6.17013,52.67794],[6.17768,52.67613],[6.18072,52.67544],[6.18315,52.67506],[6.18193,52.67687],[6.18421,52.67721],[6.18263,52.6795],[6.18202,52.67945],[6.18055,52.68159],[6.18587,52.6825],[6.18786,52.67961],[6.18938,52.67923],[6.19145,52.67932],[6.19206,52.67643],[6.19423,52.67663],[6.19448,52.67883],[6.19648,52.68087],[6.20168,52.68462],[6.20394,52.68467],[6.20499,52.68416],[6.20646,52.68486],[6.21018,52.68522],[6.2125,52.68463],[6.21211,52.68531],[6.21374,52.68565],[6.2141,52.68632],[6.21659,52.68639],[6.21742,52.68553],[6.2184,52.68601],[6.21981,52.68571],[6.21872,52.68438],[6.22117,52.68348],[6.22099,52.68283],[6.22272,52.68268],[6.22491,52.68243],[6.22718,52.68125],[6.2277,52.68173],[6.22823,52.68129],[6.22869,52.68165],[6.23066,52.68119],[6.23265,52.68149],[6.23406,52.68024],[6.23293,52.67987],[6.23284,52.67911],[6.23681,52.67803],[6.23708,52.67755],[6.2405,52.67773],[6.2435,52.67879],[6.24837,52.67562],[6.24897,52.6739],[6.24734,52.67278],[6.24922,52.67138],[6.25061,52.67187],[6.25027,52.6711],[6.252,52.66988],[6.25426,52.6702],[6.25474,52.66958],[6.25508,52.67007],[6.25591,52.6696],[6.25742,52.67041],[6.25818,52.66982],[6.26054,52.67048],[6.26549,52.66914],[6.26529,52.66876],[6.2655,52.66799],[6.26557,52.66726],[6.27007,52.66479],[6.27334,52.66491],[6.27451,52.6669],[6.27625,52.66731],[6.27735,52.66893],[6.27791,52.66854],[6.27906,52.66905],[6.28271,52.66822],[6.28451,52.66716],[6.28549,52.66699],[6.28505,52.66539],[6.28723,52.66418],[6.28749,52.66345],[6.28827,52.66389],[6.28864,52.66343],[6.29195,52.66244],[6.29555,52.66232],[6.2952,52.66358],[6.29756,52.66637],[6.29969,52.66583],[6.29968,52.6665],[6.30229,52.66643],[6.30189,52.667],[6.30262,52.66735],[6.30583,52.66624],[6.30967,52.66675],[6.31166,52.66734],[6.31208,52.66806],[6.3141,52.66806],[6.31387,52.66867],[6.31482,52.66875],[6.31496,52.66943],[6.31682,52.66949],[6.31674,52.6699],[6.31896,52.66972],[6.31959,52.6704],[6.32253,52.67044],[6.32694,52.66921],[6.32871,52.66674],[6.328,52.66613],[6.32929,52.6654],[6.32852,52.66538],[6.32842,52.66463],[6.32762,52.66372],[6.32591,52.66292],[6.32587,52.66116],[6.32722,52.66045],[6.32588,52.65971],[6.32634,52.65896],[6.3278,52.65869],[6.32624,52.65735],[6.32418,52.65202],[6.32418,52.65202],[6.31475,52.62779],[6.31431,52.62664],[6.30306,52.59714],[6.2893,52.59549],[6.28708,52.59521],[6.28633,52.59621],[6.28335,52.59572],[6.28383,52.5948],[6.28127,52.59451],[6.2749,52.59371],[6.27478,52.59479],[6.27068,52.59498],[6.25913,52.59359],[6.25831,52.59202],[6.23574,52.589],[6.22382,52.58752],[6.20214,52.58495],[6.19509,52.58411],[6.19361,52.58432],[6.19356,52.58433],[6.18269,52.58781],[6.17705,52.58772],[6.17684,52.5877],[6.15661,52.58597],[6.14758,52.5852],[6.14742,52.58441],[6.13138,52.58125],[6.12747,52.58676],[6.12403,52.59128],[6.12551,52.59249],[6.12406,52.59406],[6.11961,52.59734],[6.11425,52.59999],[6.10585,52.6037],[6.10528,52.60343],[6.10306,52.60565],[6.106,52.60693],[6.1037,52.61269],[6.10653,52.61469],[6.10641,52.61789],[6.10762,52.61797],[6.10748,52.61887],[6.10616,52.6189],[6.10587,52.62083],[6.10673,52.62085],[6.10667,52.62147],[6.10509,52.62149],[6.10393,52.62557],[6.09835,52.62556],[6.09592,52.63094],[6.09724,52.63604],[6.10193,52.64062],[6.10214,52.64141],[6.103,52.64674],[6.10411,52.64684],[6.10453,52.64837],[6.10437,52.65307],[6.10342,52.6551],[6.10429,52.65712],[6.10842,52.65865],[6.11989,52.66488],[6.11957,52.66794],[6.12227,52.66843],[6.12301,52.66952],[6.1254,52.67027],[6.12757,52.67194],[6.13108,52.6718],[6.13284,52.67342],[6.13599,52.67463],[6.13543,52.67684],[6.13613,52.67726],[6.14128,52.67864],[6.14484,52.68007],[6.15016,52.68303],[6.15369,52.68625],[6.15479,52.68821],[6.1545,52.69041],[6.15578,52.69106],[6.15898,52.69215],[6.16258,52.69106]]]]}},{"type":"Feature","properties":{"code":"GM0183","name":"Tubbergen"},"geometry":{"type":"MultiPolygon","coordinates":[[[[6.75662,52.46331],[6.77459,52.4596],[6.82245,52.45982],[6.83179,52.45996],[6.84473,52.45919],[6.8543,52.45971],[6.85254,52.44991],[6.85367,52.45009],[6.86182,52.45136],[6.88868,52.44661],[6.90608,52.44224],[6.94166,52.43543],[6.94216,52.43555],[6.94209,52.43559],[6.94218,52.43564],[6.94231,52.43556],[6.9473,52.43662],[6.94922,52.43287],[6.94724,52.43284],[6.93878,52.43272],[6.92853,52.43415],[6.89691,52.43279],[6.89119,52.43203],[6.85341,52.42706],[6.8515,52.41458],[6.85659,52.41045],[6.86075,52.40854],[6.86234,52.40782],[6.86357,52.38864],[6.86359,52.36373],[6.85567,52.36029],[6.85179,52.36217],[6.83579,52.36262],[6.81772,52.36509],[6.80683,52.36222],[6.7976,52.3613],[6.7834,52.36012],[6.77832,52.35021],[6.77398,52.34656],[6.76263,52.34344],[6.76058,52.34194],[6.75959,52.33908],[6.75904,52.33206],[6.75377,52.33004],[6.75068,52.32967],[6.74761,52.33248],[6.74369,52.33611],[6.7345,52.33935],[6.72085,52.34121],[6.71364,52.34227],[6.70974,52.34343],[6.72056,52.35233],[6.71969,52.36129],[6.71805,52.36217],[6.71598,52.36595],[6.71535,52.36733],[6.71277,52.37384],[6.71347,52.37649],[6.70823,52.3769],[6.70708,52.37718],[6.70702,52.37721],[6.7053,52.37813],[6.70347,52.38137],[6.70104,52.38565],[6.69788,52.39127],[6.69864,52.39374],[6.6754,52.41369],[6.66991,52.41723],[6.67201,52.42137],[6.67508,52.42285],[6.67626,52.42374],[6.67421,52.4249],[6.6751,52.42681],[6.67789,52.42799],[6.67351,52.4348],[6.67447,52.43581],[6.67252,52.43816],[6.67332,52.4414],[6.67699,52.44415],[6.67778,52.44415],[6.67943,52.44482],[6.68038,52.44499],[6.68131,52.44569],[6.68296,52.44627],[6.68448,52.44621],[6.68932,52.44705],[6.69225,52.44743],[6.6958,52.45113],[6.69658,52.45173],[6.69758,52.45165],[6.69942,52.45381],[6.69892,52.4567],[6.7016,52.46116],[6.70227,52.46167],[6.70904,52.46941],[6.70974,52.47021],[6.71771,52.47813],[6.72693,52.4756],[6.75274,52.46411],[6.75662,52.46331]]]]}},{"type":"Feature","properties":{"code":"GM0184","name":"Urk"},"geometry":{"type":"MultiPolygon","coordinates":[[[[5.60431,52.68324],[5.60431,52.68231],[5.60693,52.68242],[5.60953,52.68042],[5.61262,52.68135],[5.6258,52.68261],[5.64372,52.68261],[5.64159,52.67801],[5.65538,52.66595],[5.64283,52.66055],[5.65002,52.65431],[5.64887,52.64955],[5.63613,52.64961],[5.63628,52.64722],[5.6411,52.64255],[5.63044,52.6384],[5.62989,52.63772],[5.61592,52.65063],[5.60127,52.65703],[5.60258,52.65746],[5.59875,52.65755],[5.59876,52.65764],[5.60273,52.65772],[5.60284,52.65805],[5.60214,52.65831],[5.60206,52.66022],[5.60013,52.66015],[5.60018,52.6589],[5.59735,52.6588],[5.59664,52.65932],[5.5984,52.6594],[5.5983,52.66024],[5.59649,52.6602],[5.59649,52.66034],[5.5991,52.66041],[5.59923,52.66088],[5.59911,52.66099],[5.59638,52.66068],[5.59322,52.66083],[5.59321,52.66062],[5.59564,52.66029],[5.59796,52.65648],[5.59784,52.65645],[5.59576,52.65891],[5.59147,52.66099],[5.5919,52.66293],[5.59273,52.66307],[5.59312,52.66989],[5.59332,52.67628],[5.59431,52.67627],[5.59455,52.6833],[5.60431,52.68324]]]]}},{"type":"Feature","properties":{"code":"GM0189","name":"Wierden"},"geometry":{"type":"MultiPolygon","coordinates":[[[[6.59885,52.38366],[6.60937,52.36655],[6.61093,52.36597],[6.61341,52.3651],[6.61538,52.36285],[6.61538,52.36285],[6.61493,52.35889],[6.61405,52.35627],[6.6124,52.35574],[6.6102,52.35431],[6.60824,52.34911],[6.60467,52.3449],[6.59771,52.3429],[6.59896,52.34016],[6.60551,52.3345],[6.61728,52.32828],[6.61902,52.32615],[6.61251,52.31978],[6.60829,52.3159],[6.60476,52.31223],[6.60922,52.31247],[6.61014,52.31334],[6.6128,52.31257],[6.61491,52.31122],[6.61401,52.30984],[6.61605,52.30993],[6.61678,52.3091],[6.6111,52.30753],[6.61875,52.30618],[6.63178,52.30178],[6.62607,52.28997],[6.61213,52.27692],[6.6054,52.27072],[6.59515,52.2712],[6.58696,52.27037],[6.5741,52.26932],[6.56812,52.27019],[6.56225,52.27436],[6.55401,52.28331],[6.55344,52.28393],[6.55026,52.28737],[6.54996,52.2878],[6.55229,52.29495],[6.55338,52.29492],[6.55354,52.29723],[6.55229,52.30339],[6.55069,52.30958],[6.54992,52.31128],[6.54903,52.31242],[6.54904,52.31252],[6.54509,52.31838],[6.53965,52.3158],[6.53819,52.31552],[6.53619,52.31565],[6.5331,52.31667],[6.53251,52.31722],[6.53129,52.31874],[6.52467,52.32563],[6.52412,52.32401],[6.52314,52.32383],[6.51806,52.32441],[6.51791,52.32517],[6.49976,52.32356],[6.49933,52.32352],[6.49513,52.32389],[6.46819,52.32646],[6.48647,52.34256],[6.48799,52.3435],[6.48814,52.3436],[6.48661,52.34521],[6.48913,52.34595],[6.4908,52.34936],[6.49598,52.34995],[6.50117,52.35285],[6.50584,52.35245],[6.50666,52.35528],[6.50841,52.35521],[6.51887,52.35516],[6.52079,52.36142],[6.51235,52.36192],[6.51244,52.36257],[6.49906,52.36356],[6.49608,52.36794],[6.49552,52.37618],[6.51261,52.38184],[6.51379,52.3817],[6.50854,52.39215],[6.51023,52.39532],[6.51601,52.40613],[6.57595,52.41751],[6.58131,52.40968],[6.59686,52.38664],[6.59885,52.38366]]]]}},{"type":"Feature","properties":{"code":"GM0193","name":"Zwolle"},"geometry":{"type":"MultiPolygon","coordinates":[[[[6.19361,52.58432],[6.19509,52.58411],[6.20214,52.58495],[6.20566,52.57508],[6.20948,52.56853],[6.21081,52.5678],[6.19697,52.54724],[6.18963,52.53616],[6.19297,52.53197],[6.18744,52.52478],[6.18785,52.52352],[6.18614,52.52269],[6.18611,52.52267],[6.18311,52.52089],[6.18258,52.51951],[6.18297,52.51945],[6.18295,52.51934],[6.17332,52.51883],[6.18407,52.50774],[6.18772,52.50056],[6.18909,52.49901],[6.19683,52.49553],[6.19791,52.49576],[6.19971,52.49527],[6.19995,52.49318],[6.19874,52.49282],[6.20017,52.49088],[6.20097,52.49106],[6.19652,52.48968],[6.19368,52.48625],[6.19239,52.48562],[6.19367,52.48296],[6.19214,52.48173],[6.18953,52.48068],[6.18283,52.48081],[6.1822,52.4791],[6.17753,52.47982],[6.17701,52.47941],[6.17766,52.47786],[6.17473,52.47821],[6.17358,52.4768],[6.17132,52.47726],[6.1625,52.47439],[6.15223,52.47084],[6.15132,52.47109],[6.14415,52.46767],[6.14749,52.46573],[6.15159,52.46177],[6.15229,52.4578],[6.15492,52.45318],[6.15313,52.45023],[6.14768,52.44444],[6.14044,52.44341],[6.13966,52.44162],[6.13708,52.44076],[6.13591,52.44157],[6.13027,52.44161],[6.12041,52.44231],[6.10958,52.44053],[6.10502,52.44259],[6.1023,52.44577],[6.10199,52.4478],[6.10355,52.45396],[6.1017,52.46635],[6.09915,52.47031],[6.09425,52.47411],[6.08927,52.47681],[6.07642,52.48022],[6.07143,52.48211],[6.06637,52.48517],[6.06343,52.48805],[6.06178,52.4904],[6.0584,52.496],[6.05422,52.49979],[6.04619,52.50386],[6.04051,52.50626],[6.02786,52.50961],[6.01881,52.51388],[6.01507,52.51791],[6.01477,52.52046],[6.01551,52.52277],[6.01897,52.52601],[6.02364,52.52737],[6.02501,52.5263],[6.03017,52.52675],[6.03009,52.53082],[6.03046,52.53806],[6.01965,52.54189],[6.00699,52.54554],[6.00362,52.55039],[6.03304,52.5594],[6.03355,52.55903],[6.06315,52.56728],[6.07016,52.55823],[6.07355,52.55918],[6.07419,52.5564],[6.08105,52.55388],[6.0894,52.55184],[6.09241,52.55352],[6.09768,52.55863],[6.10079,52.56376],[6.10368,52.56735],[6.11006,52.56741],[6.10979,52.56111],[6.11396,52.56081],[6.11596,52.55887],[6.11722,52.5585],[6.11808,52.5574],[6.119,52.55767],[6.12669,52.55611],[6.12782,52.55673],[6.14053,52.5521],[6.16681,52.56525],[6.15871,52.57593],[6.15743,52.58078],[6.15507,52.58271],[6.14753,52.5838],[6.14742,52.58441],[6.14758,52.5852],[6.15661,52.58597],[6.17684,52.5877],[6.17705,52.58772],[6.18269,52.58781],[6.19356,52.58433],[6.19361,52.58432]]]]}},{"type":"Feature","properties":{"code":"GM0197","name":"Aalten"},"geometry":{"type":"MultiPolygon","coordinates":[[[[6.55935,51.97436],[6.56968,51.97216],[6.5751,51.97322],[6.58944,51.97171],[6.59174,51.97213],[6.59254,51.97084],[6.59843,51.97114],[6.60428,51.97028],[6.62872,51.96728],[6.63393,51.96567],[6.63892,51.96255],[6.63923,51.9594],[6.62907,51.95009],[6.63307,51.94769],[6.63374,51.94586],[6.63432,51.94501],[6.63371,51.93972],[6.63201,51.93782],[6.63422,51.93737],[6.63415,51.9353],[6.63918,51.93247],[6.64597,51.92961],[6.64694,51.92939],[6.64948,51.92891],[6.65129,51.92854],[6.65326,51.92911],[6.65365,51.93027],[6.65665,51.93018],[6.6576,51.92845],[6.65787,51.92911],[6.659,51.92902],[6.65907,51.92584],[6.65799,51.92603],[6.65803,51.92433],[6.66068,51.92223],[6.66218,51.92054],[6.66172,51.92035],[6.66313,51.91979],[6.66284,51.91851],[6.66077,51.91837],[6.66161,51.91691],[6.66059,51.91671],[6.66101,51.9156],[6.66294,51.91574],[6.66429,51.91648],[6.66699,51.91431],[6.66873,51.91386],[6.65463,51.90894],[6.63772,51.90446],[6.63417,51.90101],[6.6277,51.90086],[6.62531,51.90194],[6.61964,51.90066],[6.60432,51.89726],[6.58578,51.89408],[6.56913,51.88811],[6.56387,51.88549],[6.56278,51.88441],[6.56086,51.88402],[6.56098,51.88248],[6.56034,51.8822],[6.55881,51.88253],[6.55728,51.88178],[6.55586,51.88181],[6.55533,51.88344],[6.55272,51.88405],[6.55243,51.88619],[6.54836,51.88535],[6.5499,51.88339],[6.54925,51.88314],[6.54751,51.88332],[6.54529,51.88463],[6.54415,51.88461],[6.5399,51.88092],[6.52921,51.87682],[6.52989,51.87599],[6.52448,51.87405],[6.52457,51.87369],[6.51829,51.87312],[6.51561,51.87352],[6.51458,51.87313],[6.51155,51.87086],[6.50447,51.86856],[6.50319,51.86763],[6.50106,51.868],[6.50221,51.86471],[6.50029,51.86227],[6.48792,51.85906],[6.48398,51.85756],[6.48251,51.85684],[6.48088,51.85693],[6.47823,51.85688],[6.47705,51.85666],[6.4739,51.85547],[6.47251,51.85382],[6.46474,51.85516],[6.46438,51.85529],[6.46813,51.86035],[6.4684,51.86418],[6.47129,51.86453],[6.47187,51.86608],[6.47183,51.86896],[6.47433,51.86946],[6.47531,51.87066],[6.47787,51.87176],[6.47798,51.87185],[6.47847,51.87231],[6.48097,51.87407],[6.4835,51.87742],[6.48421,51.87897],[6.4819,51.88342],[6.48061,51.88426],[6.47917,51.88924],[6.47999,51.89434],[6.47606,51.90197],[6.47235,51.90735],[6.48271,51.91026],[6.48867,51.91273],[6.48711,51.91409],[6.49118,51.91564],[6.49066,51.91717],[6.49258,51.91741],[6.49323,51.92022],[6.49236,51.92593],[6.49452,51.92712],[6.49709,51.9296],[6.49558,51.93029],[6.50313,51.93931],[6.50098,51.9395],[6.50297,51.94128],[6.50345,51.94402],[6.50478,51.94598],[6.51719,51.94801],[6.51864,51.95117],[6.51861,51.95347],[6.51983,51.95556],[6.53283,51.96235],[6.52727,51.96602],[6.54739,51.97277],[6.55453,51.97376],[6.55935,51.97436]]]]}},{"type":"Feature","properties":{"code":"GM0200","name":"Apeldoorn"},"geometry":{"type":"MultiPolygon","coordinates":[[[[5.98936,52.27404],[5.99337,52.27393],[6.00916,52.27634],[6.02886,52.27681],[6.0304,52.2762],[6.03126,52.27524],[6.02976,52.27261],[6.02893,52.27232],[6.02853,52.27099],[6.03105,52.27092],[6.03031,52.26923],[6.03435,52.26911],[6.0364,52.26853],[6.03485,52.26552],[6.03768,52.26361],[6.03749,52.26092],[6.03651,52.25949],[6.0358,52.25951],[6.03566,52.25931],[6.03515,52.25831],[6.03429,52.2581],[6.03177,52.25855],[6.03116,52.2531],[6.02847,52.24866],[6.0248,52.24894],[6.02734,52.24581],[6.0284,52.24539],[6.02789,52.24486],[6.02893,52.24439],[6.02651,52.2429],[6.02833,52.24168],[6.02847,52.23904],[6.03255,52.23559],[6.03441,52.23431],[6.03604,52.23192],[6.03497,52.23139],[6.03364,52.23152],[6.03424,52.23135],[6.03446,52.22779],[6.03342,52.22408],[6.03546,52.22448],[6.0409,52.22413],[6.04241,52.22247],[6.04691,52.22137],[6.04684,52.22039],[6.04824,52.21642],[6.04791,52.213],[6.05024,52.21002],[6.05375,52.20088],[6.05729,52.19666],[6.05825,52.19617],[6.05824,52.19594],[6.05609,52.19606],[6.05387,52.195],[6.05317,52.19261],[6.05107,52.18875],[6.05097,52.18714],[6.04939,52.18521],[6.05013,52.18329],[6.05164,52.18214],[6.05381,52.18135],[6.05535,52.17949],[6.05979,52.17622],[6.06136,52.17395],[6.06245,52.17171],[6.06266,52.17128],[6.06286,52.17089],[6.06563,52.16534],[6.06581,52.16465],[6.06642,52.16152],[6.06426,52.15739],[6.06738,52.15391],[6.07267,52.15007],[6.07473,52.14816],[6.07437,52.1473],[6.07607,52.14394],[6.07848,52.13888],[6.07267,52.13534],[6.07139,52.13457],[6.06962,52.13131],[6.05173,52.12448],[6.05155,52.1244],[6.04765,52.11919],[6.04317,52.11691],[6.04058,52.11457],[6.04113,52.11237],[6.03582,52.10947],[6.03545,52.10767],[6.03523,52.10717],[6.03421,52.10613],[6.03391,52.10419],[6.03483,52.1029],[6.03247,52.10151],[6.03426,52.09835],[6.03405,52.09572],[6.03159,52.09561],[6.02535,52.08997],[6.01739,52.08302],[6.00885,52.07401],[5.99048,52.07916],[5.97704,52.07831],[5.96465,52.07632],[5.95593,52.07334],[5.9461,52.07789],[5.94822,52.09083],[5.95146,52.09989],[5.94618,52.0993],[5.92726,52.10027],[5.91147,52.10031],[5.9001,52.10379],[5.89379,52.10478],[5.88345,52.10634],[5.87627,52.11446],[5.87418,52.11668],[5.86476,52.12554],[5.86435,52.12699],[5.86421,52.12756],[5.86232,52.13479],[5.86114,52.14526],[5.85955,52.14875],[5.84576,52.15161],[5.80984,52.15141],[5.80965,52.16669],[5.80196,52.17736],[5.81193,52.18488],[5.79966,52.19465],[5.79626,52.19634],[5.79203,52.19699],[5.75059,52.19373],[5.74108,52.20188],[5.73077,52.2086],[5.72859,52.21555],[5.72744,52.2193],[5.74167,52.21988],[5.74303,52.22349],[5.73821,52.23158],[5.73336,52.23177],[5.73092,52.23157],[5.72955,52.23892],[5.72639,52.2425],[5.75168,52.24608],[5.76145,52.2483],[5.74923,52.26827],[5.75126,52.26956],[5.773,52.27035],[5.78004,52.2706],[5.79246,52.26998],[5.79724,52.2697],[5.80223,52.2705],[5.80999,52.2703],[5.82143,52.27267],[5.82974,52.27128],[5.84272,52.26715],[5.85081,52.2687],[5.85452,52.2601],[5.86089,52.25581],[5.86739,52.25987],[5.87959,52.26499],[5.9229,52.27199],[5.93621,52.27442],[5.95792,52.27237],[5.9596,52.27246],[5.97389,52.27321],[5.98114,52.2807],[5.98217,52.28383],[5.98536,52.28459],[5.98574,52.28567],[5.9914,52.28554],[5.99242,52.2849],[5.98936,52.27404]]]]}},{"type":"Feature","properties":{"code":"GM0202","name":"Arnhem"},"geometry":{"type":"MultiPolygon","coordinates":[[[[5.94325,52.0623],[5.9371,52.04853],[5.9414,52.01149],[5.9424,52.01083],[5.94605,52.0105],[5.94331,52.01013],[5.94769,52.00688],[5.94982,52.00411],[5.95097,52.00135],[5.95153,51.99964],[5.95361,51.995],[5.95537,51.99361],[5.95519,51.99336],[5.96094,51.98849],[5.96383,51.98705],[5.97124,51.9847],[5.98093,51.98132],[5.98501,51.9789],[5.99034,51.97441],[5.96841,51.97208],[5.96363,51.97114],[5.95949,51.96947],[5.95243,51.96457],[5.94939,51.959],[5.95011,51.95423],[5.95523,51.94875],[5.94033,51.95604],[5.9356,51.96042],[5.93183,51.95948],[5.93162,51.95673],[5.93072,51.95287],[5.92952,51.95075],[5.92838,51.9508],[5.9283,51.95082],[5.92201,51.95084],[5.91517,51.94997],[5.91417,51.94861],[5.91219,51.94791],[5.91133,51.94734],[5.91172,51.94702],[5.91096,51.94591],[5.91242,51.94491],[5.90186,51.93346],[5.89792,51.93436],[5.89498,51.93512],[5.89267,51.93573],[5.88777,51.93614],[5.88479,51.93745],[5.88365,51.93765],[5.87837,51.93877],[5.87581,51.94038],[5.87189,51.94152],[5.86224,51.94289],[5.86151,51.94258],[5.85282,51.94408],[5.85039,51.94451],[5.84968,51.94294],[5.8394,51.94436],[5.8374,51.94416],[5.83717,51.94518],[5.82993,51.94524],[5.82863,51.94848],[5.83051,51.95327],[5.82991,51.95343],[5.83008,51.95385],[5.83133,51.95604],[5.83134,51.95862],[5.8302,51.95862],[5.82934,51.96085],[5.83442,51.96303],[5.83595,51.96616],[5.83537,51.9707],[5.8362,51.97092],[5.83534,51.97356],[5.84403,51.9725],[5.8543,51.96984],[5.85436,51.96983],[5.85947,51.96955],[5.86418,51.9705],[5.86714,51.97195],[5.87086,51.97511],[5.86919,51.97599],[5.86687,51.9753],[5.86472,51.97627],[5.86374,51.97796],[5.86737,51.98029],[5.86622,51.98401],[5.86527,51.98456],[5.86316,51.98533],[5.86376,51.98754],[5.86376,51.98754],[5.8647,51.99108],[5.86256,51.99122],[5.86371,51.99577],[5.85619,51.99611],[5.8474,51.99832],[5.83381,51.99872],[5.82034,52.00081],[5.80296,52.00405],[5.80723,52.0117],[5.80834,52.01876],[5.81337,52.02407],[5.81865,52.02959],[5.8242,52.03484],[5.83792,52.04663],[5.85003,52.05159],[5.85967,52.05202],[5.88206,52.04941],[5.8994,52.04996],[5.89812,52.06336],[5.90974,52.0621],[5.9461,52.07789],[5.95593,52.07334],[5.94325,52.0623]]]]}},{"type":"Feature","properties":{"code":"GM0203","name":"Barneveld"},"geometry":{"type":"MultiPolygon","coordinates":[[[[5.72639,52.2425],[5.72955,52.23892],[5.73092,52.23157],[5.73336,52.23177],[5.73821,52.23158],[5.74303,52.22349],[5.74167,52.21988],[5.72744,52.2193],[5.72859,52.21555],[5.73077,52.2086],[5.74108,52.20188],[5.75059,52.19373],[5.79203,52.19699],[5.79626,52.19634],[5.79966,52.19465],[5.81193,52.18488],[5.80196,52.17736],[5.80965,52.16669],[5.80984,52.15141],[5.78533,52.15127],[5.77469,52.15223],[5.76211,52.1476],[5.7433,52.1487],[5.73608,52.14791],[5.73579,52.14788],[5.72035,52.14626],[5.72061,52.14499],[5.72185,52.14482],[5.72093,52.14106],[5.72194,52.1386],[5.72152,52.13799],[5.7173,52.13748],[5.71728,52.13645],[5.70183,52.13538],[5.70025,52.13612],[5.69512,52.13651],[5.69252,52.13739],[5.68882,52.13703],[5.68585,52.13527],[5.68393,52.13214],[5.68247,52.13178],[5.67926,52.1316],[5.67939,52.13206],[5.67845,52.13216],[5.67569,52.13335],[5.66902,52.13469],[5.6657,52.13276],[5.66165,52.13204],[5.65695,52.13258],[5.65633,52.13174],[5.64836,52.13091],[5.64711,52.13066],[5.64677,52.13027],[5.64529,52.1308],[5.64292,52.13043],[5.63824,52.13077],[5.63497,52.12971],[5.62273,52.12755],[5.6165,52.12779],[5.61043,52.12551],[5.60738,52.125],[5.60158,52.12544],[5.59767,52.12421],[5.59249,52.12403],[5.59139,52.12444],[5.59037,52.12362],[5.58908,52.12399],[5.58445,52.12182],[5.57673,52.12046],[5.57125,52.1221],[5.56947,52.12218],[5.56775,52.11975],[5.56862,52.11821],[5.56766,52.11832],[5.56522,52.122],[5.56189,52.12168],[5.56124,52.12025],[5.55359,52.11326],[5.55296,52.11328],[5.55097,52.11182],[5.54674,52.11137],[5.55034,52.10542],[5.54529,52.10439],[5.5463,52.10244],[5.54401,52.10195],[5.54154,52.10374],[5.53154,52.10227],[5.52516,52.10075],[5.52319,52.10432],[5.51937,52.10049],[5.51738,52.10063],[5.51549,52.10173],[5.51252,52.1061],[5.5104,52.10784],[5.5072,52.10795],[5.50207,52.10974],[5.50096,52.11087],[5.49386,52.1111],[5.49392,52.11276],[5.49187,52.11449],[5.48645,52.11536],[5.48808,52.1161],[5.49563,52.11559],[5.49892,52.11602],[5.50261,52.11509],[5.50387,52.11375],[5.5063,52.11431],[5.5077,52.1139],[5.50755,52.11562],[5.50376,52.11659],[5.50535,52.11975],[5.50337,52.11966],[5.50004,52.1192],[5.49692,52.11956],[5.49506,52.12199],[5.4947,52.12472],[5.49676,52.12481],[5.49791,52.13028],[5.4991,52.13054],[5.50149,52.12994],[5.50499,52.13109],[5.50768,52.13113],[5.5092,52.13195],[5.51167,52.13205],[5.51204,52.13364],[5.512,52.134],[5.51188,52.13412],[5.51237,52.13422],[5.51244,52.13433],[5.51408,52.13592],[5.51169,52.13749],[5.50745,52.13853],[5.50759,52.13887],[5.5026,52.13954],[5.5,52.14104],[5.49731,52.14144],[5.49898,52.14736],[5.48948,52.14822],[5.48379,52.14947],[5.48134,52.1505],[5.48377,52.15398],[5.48407,52.15535],[5.48432,52.15806],[5.4815,52.1583],[5.48201,52.15955],[5.48212,52.1598],[5.4792,52.16136],[5.47552,52.16216],[5.47287,52.16185],[5.47243,52.16285],[5.47327,52.16326],[5.47551,52.16438],[5.47895,52.16474],[5.47992,52.16582],[5.48085,52.16796],[5.4851,52.17178],[5.48518,52.1747],[5.48561,52.18197],[5.49537,52.18611],[5.49593,52.18686],[5.49631,52.18662],[5.50082,52.18858],[5.50418,52.18914],[5.50493,52.18858],[5.51208,52.18857],[5.52121,52.19184],[5.52921,52.191],[5.53081,52.19154],[5.5344,52.18583],[5.5377,52.18207],[5.54219,52.17785],[5.54454,52.17713],[5.54661,52.17678],[5.54892,52.17532],[5.55464,52.17568],[5.56528,52.17811],[5.56889,52.17791],[5.56818,52.17992],[5.56699,52.18081],[5.56523,52.18073],[5.56453,52.18534],[5.56649,52.18652],[5.57484,52.18617],[5.57527,52.18701],[5.57793,52.18618],[5.57693,52.19167],[5.57517,52.19267],[5.57767,52.1948],[5.58027,52.1945],[5.5832,52.19541],[5.58816,52.19484],[5.58795,52.19543],[5.58955,52.19543],[5.58992,52.19596],[5.59556,52.19634],[5.60025,52.19765],[5.60195,52.19649],[5.60775,52.19516],[5.60776,52.1942],[5.61744,52.19436],[5.61692,52.19214],[5.6178,52.19118],[5.61858,52.19118],[5.61963,52.19312],[5.62428,52.19333],[5.62574,52.19283],[5.63486,52.20381],[5.63327,52.20817],[5.64636,52.21408],[5.65766,52.21917],[5.66552,52.2227],[5.67086,52.22397],[5.68127,52.22534],[5.68364,52.24062],[5.68985,52.24044],[5.69373,52.23972],[5.70672,52.2394],[5.711,52.23962],[5.71162,52.23971],[5.71539,52.24018],[5.7188,52.24149],[5.72639,52.2425]]]]}},{"type":"Feature","properties":{"code":"GM0209","name":"Beuningen"},"geometry":{"type":"MultiPolygon","coordinates":[[[[5.82539,51.86013],[5.82215,51.85542],[5.82151,51.8556],[5.82033,51.85387],[5.81737,51.84949],[5.81232,51.84964],[5.81236,51.85033],[5.80733,51.85184],[5.8061,51.85046],[5.79793,51.84619],[5.7865,51.84092],[5.78359,51.842],[5.7812,51.84298],[5.77965,51.84457],[5.77715,51.84447],[5.77508,51.84425],[5.76473,51.83229],[5.74693,51.83527],[5.73204,51.83798],[5.71763,51.83952],[5.71564,51.83971],[5.67811,51.84315],[5.6774,51.84626],[5.68173,51.84626],[5.68136,51.84868],[5.68482,51.84878],[5.68437,51.8492],[5.6805,51.85387],[5.68017,51.85512],[5.68164,51.85688],[5.67826,51.85857],[5.67957,51.86053],[5.67218,51.86204],[5.67077,51.86456],[5.66785,51.86593],[5.67136,51.87073],[5.67583,51.87561],[5.6803,51.88443],[5.68223,51.889],[5.68246,51.88977],[5.68501,51.89565],[5.69715,51.89504],[5.70666,51.89329],[5.72616,51.88715],[5.73642,51.88541],[5.74073,51.88501],[5.7513,51.8835],[5.76103,51.88112],[5.77336,51.87864],[5.79835,51.87569],[5.81031,51.87277],[5.81707,51.87026],[5.82569,51.86621],[5.82369,51.86431],[5.82549,51.86269],[5.82539,51.86013]]]]}},{"type":"Feature","properties":{"code":"GM0213","name":"Brummen"},"geometry":{"type":"MultiPolygon","coordinates":[[[[6.18468,52.16122],[6.18161,52.15271],[6.1793,52.15226],[6.17677,52.15219],[6.17167,52.1528],[6.15916,52.15771],[6.14742,52.158],[6.14492,52.15721],[6.14468,52.15709],[6.14433,52.15694],[6.14208,52.1552],[6.1419,52.15497],[6.14197,52.1548],[6.14176,52.15471],[6.14064,52.15221],[6.14039,52.14835],[6.14286,52.14566],[6.15059,52.14398],[6.16203,52.14569],[6.16397,52.14635],[6.1685,52.14623],[6.1734,52.14497],[6.17214,52.14339],[6.17284,52.14237],[6.17505,52.14147],[6.17413,52.13943],[6.17901,52.13853],[6.1785,52.13821],[6.1791,52.1379],[6.17747,52.13696],[6.17987,52.13585],[6.17941,52.13558],[6.18355,52.13425],[6.18242,52.13255],[6.18364,52.13125],[6.18401,52.12912],[6.18252,52.12624],[6.18489,52.12467],[6.18589,52.12379],[6.18589,52.11836],[6.18909,52.11504],[6.19219,52.11421],[6.20621,52.11356],[6.21009,52.11269],[6.21325,52.11109],[6.21535,52.10897],[6.21768,52.10453],[6.2179,52.09788],[6.21532,52.09489],[6.21053,52.09245],[6.20683,52.09242],[6.20304,52.09359],[6.19963,52.09379],[6.18957,52.09131],[6.1783,52.0913],[6.17574,52.0903],[6.17401,52.08854],[6.17072,52.0789],[6.16778,52.07594],[6.1628,52.07409],[6.15349,52.06897],[6.14789,52.06469],[6.1393,52.06121],[6.13747,52.05918],[6.13535,52.05973],[6.13643,52.06039],[6.13575,52.06206],[6.13259,52.06186],[6.13208,52.06275],[6.12882,52.0628],[6.12872,52.06428],[6.12277,52.06323],[6.11995,52.06676],[6.12098,52.06859],[6.1157,52.06823],[6.11526,52.06917],[6.11408,52.07148],[6.11062,52.07397],[6.10342,52.07814],[6.09808,52.07917],[6.08526,52.08157],[6.08526,52.08157],[6.08457,52.0817],[6.08135,52.0823],[6.08075,52.08383],[6.07769,52.08353],[6.07743,52.08362],[6.07728,52.08384],[6.0771,52.08388],[6.0761,52.0875],[6.06806,52.08824],[6.06784,52.08823],[6.06767,52.08821],[6.06177,52.08649],[6.05923,52.08558],[6.04361,52.07866],[6.02803,52.06902],[6.02374,52.06728],[6.00964,52.066],[6.00608,52.06635],[6.00899,52.07166],[6.00885,52.07401],[6.01739,52.08302],[6.02535,52.08997],[6.03159,52.09561],[6.03405,52.09572],[6.03426,52.09835],[6.03247,52.10151],[6.03483,52.1029],[6.03391,52.10419],[6.03421,52.10613],[6.03523,52.10717],[6.03545,52.10767],[6.03582,52.10947],[6.04113,52.11237],[6.04058,52.11457],[6.04317,52.11691],[6.04765,52.11919],[6.05155,52.1244],[6.05173,52.12448],[6.06962,52.13131],[6.07139,52.13457],[6.07267,52.13534],[6.07848,52.13888],[6.07607,52.14394],[6.09942,52.1506],[6.10613,52.15219],[6.13952,52.15851],[6.14034,52.15863],[6.14082,52.15869],[6.14228,52.15883],[6.14249,52.15919],[6.14414,52.15937],[6.15358,52.15962],[6.15502,52.16026],[6.15982,52.16154],[6.16699,52.16112],[6.16722,52.16206],[6.17259,52.16183],[6.17258,52.16133],[6.18468,52.16122]]]]}},{"type":"Feature","properties":{"code":"GM0214","name":"Buren"},"geometry":{"type":"MultiPolygon","coordinates":[[[[5.45701,51.98368],[5.47269,51.98298],[5.47766,51.98347],[5.48621,51.98383],[5.50075,51.97859],[5.51098,51.97364],[5.51822,51.97169],[5.51883,51.97157],[5.52711,51.97022],[5.53752,51.96829],[5.54021,51.96728],[5.54956,51.9592],[5.55693,51.95571],[5.56125,51.9545],[5.57557,51.95283],[5.58662,51.95083],[5.5841,51.94733],[5.57912,51.94544],[5.5763,51.94292],[5.57325,51.942],[5.56753,51.94149],[5.5607,51.94406],[5.54944,51.9423],[5.5402,51.94365],[5.53388,51.94348],[5.53364,51.94302],[5.53982,51.93713],[5.54844,51.93425],[5.55412,51.93402],[5.55418,51.93281],[5.55388,51.92581],[5.55388,51.92296],[5.55458,51.92303],[5.55682,51.91923],[5.55179,51.91781],[5.55175,51.9178],[5.54771,51.92165],[5.51565,51.92154],[5.5123,51.92137],[5.51059,51.92227],[5.50714,51.92279],[5.5054,51.92392],[5.50101,51.92267],[5.49881,51.92323],[5.49356,51.91851],[5.48983,51.91825],[5.48642,51.91893],[5.48687,51.92104],[5.48901,51.92102],[5.48863,51.92315],[5.49175,51.92406],[5.4909,51.92474],[5.48721,51.92381],[5.48774,51.92303],[5.4832,51.92327],[5.48125,51.92255],[5.48038,51.92278],[5.47653,51.92087],[5.47426,51.9219],[5.4724,51.92197],[5.46739,51.92354],[5.46035,51.92412],[5.45843,51.92289],[5.45338,51.92276],[5.4496,51.92183],[5.44698,51.92057],[5.4438,51.92142],[5.43511,51.92067],[5.43377,51.91982],[5.43328,51.91943],[5.4317,51.91846],[5.42735,51.9185],[5.4238,51.91735],[5.42075,51.91485],[5.41802,51.9133],[5.4133,51.91281],[5.41126,51.91201],[5.40954,51.90777],[5.40807,51.90644],[5.40432,51.90507],[5.40422,51.90399],[5.39982,51.89858],[5.39261,51.89684],[5.38276,51.89204],[5.36906,51.88536],[5.35378,51.87807],[5.35147,51.87816],[5.34985,51.87722],[5.34487,51.87746],[5.34407,51.87494],[5.34166,51.87349],[5.33902,51.87403],[5.33946,51.87787],[5.33716,51.88098],[5.33493,51.88176],[5.32683,51.88259],[5.32268,51.88197],[5.31719,51.88023],[5.31518,51.88058],[5.31495,51.88182],[5.31629,51.88332],[5.32194,51.88563],[5.32341,51.88698],[5.32337,51.88901],[5.31878,51.89256],[5.31204,51.89591],[5.30921,51.89662],[5.30675,51.89642],[5.30658,51.89658],[5.29732,51.90158],[5.29489,51.90005],[5.27369,51.92009],[5.28518,51.92264],[5.28672,51.92851],[5.28495,51.93069],[5.28128,51.93267],[5.28098,51.93317],[5.27957,51.9332],[5.27623,51.93263],[5.26776,51.93276],[5.25506,51.93548],[5.2548,51.93673],[5.24707,51.94123],[5.24556,51.94349],[5.24192,51.94552],[5.25224,51.94902],[5.25491,51.94986],[5.25431,51.95019],[5.25734,51.95131],[5.25773,51.951],[5.25976,51.9516],[5.25532,51.95422],[5.27037,51.96543],[5.28261,51.96316],[5.30089,51.96157],[5.31087,51.95701],[5.3166,51.95522],[5.32344,51.9551],[5.33312,51.9572],[5.33969,51.96103],[5.33982,51.96114],[5.34825,51.96769],[5.35564,51.97035],[5.36302,51.97095],[5.37601,51.96921],[5.3828,51.96926],[5.39098,51.97073],[5.39934,51.9731],[5.41816,51.97661],[5.42336,51.97876],[5.4304,51.98327],[5.43624,51.98535],[5.44241,51.98595],[5.45701,51.98368]]]]}},{"type":"Feature","properties":{"code":"GM0216","name":"Culemborg"},"geometry":{"type":"MultiPolygon","coordinates":[[[[5.27037,51.96543],[5.25532,51.95422],[5.25976,51.9516],[5.25773,51.951],[5.25734,51.95131],[5.25431,51.95019],[5.25491,51.94986],[5.25224,51.94902],[5.24192,51.94552],[5.24556,51.94349],[5.24707,51.94123],[5.2548,51.93673],[5.25506,51.93548],[5.24587,51.92927],[5.2426,51.92719],[5.23316,51.92358],[5.21181,51.91965],[5.20768,51.92621],[5.20263,51.92477],[5.18738,51.92392],[5.1759,51.9211],[5.1589,51.91964],[5.1668,51.92602],[5.16166,51.9275],[5.15799,51.92848],[5.15001,51.92816],[5.14243,51.92494],[5.14846,51.92949],[5.14901,51.93054],[5.14796,51.93215],[5.14944,51.93353],[5.15147,51.93362],[5.15466,51.93793],[5.163,51.94655],[5.17399,51.96034],[5.18023,51.96745],[5.18972,51.96291],[5.19884,51.9602],[5.20599,51.95943],[5.21343,51.96065],[5.21347,51.96067],[5.21906,51.96343],[5.22396,51.96781],[5.22991,51.97565],[5.23301,51.97755],[5.23687,51.97876],[5.24227,51.97873],[5.24652,51.9775],[5.25627,51.97094],[5.2621,51.96821],[5.27037,51.96543]]]]}},{"type":"Feature","properties":{"code":"GM0221","name":"Doesburg"},"geometry":{"type":"MultiPolygon","coordinates":[[[[6.15912,52.03742],[6.16719,52.03697],[6.17551,52.03937],[6.17554,52.03936],[6.17591,52.03578],[6.17506,52.0317],[6.17702,52.03147],[6.17323,52.02777],[6.17531,52.02724],[6.17466,52.0256],[6.17682,52.02529],[6.17453,52.02272],[6.17723,52.02156],[6.1773,52.02034],[6.17656,52.02036],[6.17655,52.01923],[6.17297,52.01853],[6.17358,52.01757],[6.1698,52.01654],[6.16719,52.01637],[6.16452,52.01692],[6.16475,52.0144],[6.16118,52.01383],[6.1595,52.00667],[6.15666,52.00636],[6.15396,52.00327],[6.15727,52.00414],[6.15886,52.00396],[6.15846,52.00181],[6.15916,52.00068],[6.15925,51.99974],[6.14983,52.00187],[6.14114,51.99858],[6.14182,51.99757],[6.13997,51.99707],[6.13609,51.99743],[6.13025,51.99709],[6.11445,51.99682],[6.11434,51.99681],[6.1105,51.99561],[6.10959,51.99644],[6.11228,51.99897],[6.11477,52.00457],[6.12234,52.00735],[6.12596,52.01013],[6.1274,52.01271],[6.12764,52.0167],[6.12974,52.0193],[6.13103,52.02086],[6.13227,52.02517],[6.13073,52.0291],[6.12695,52.03245],[6.1215,52.03462],[6.12801,52.03401],[6.13509,52.03472],[6.142,52.0367],[6.14613,52.04069],[6.14815,52.04169],[6.15205,52.04208],[6.15543,52.04117],[6.15912,52.03742]]]]}},{"type":"Feature","properties":{"code":"GM0222","name":"Doetinchem"},"geometry":{"type":"MultiPolygon","coordinates":[[[[6.32901,51.98914],[6.33566,51.98565],[6.33222,51.98286],[6.33114,51.98057],[6.32773,51.97729],[6.32752,51.97575],[6.33738,51.97468],[6.35351,51.97468],[6.36986,51.97622],[6.36877,51.97314],[6.36629,51.97178],[6.36534,51.96963],[6.36835,51.96853],[6.37346,51.96986],[6.38139,51.96798],[6.39038,51.96833],[6.39082,51.97074],[6.38827,51.9763],[6.38584,51.97617],[6.38088,51.97774],[6.39031,51.98026],[6.39268,51.97975],[6.3964,51.98001],[6.40252,51.98215],[6.41608,51.97262],[6.40997,51.96589],[6.40729,51.96315],[6.40359,51.95732],[6.40155,51.95678],[6.39629,51.95253],[6.38823,51.94498],[6.3844,51.94113],[6.37996,51.93628],[6.38177,51.93457],[6.38131,51.93332],[6.37685,51.93005],[6.37161,51.92761],[6.36255,51.92377],[6.36255,51.92377],[6.36085,51.92297],[6.35933,51.92278],[6.3584,51.92287],[6.35558,51.92364],[6.35233,51.92381],[6.34917,51.92371],[6.34859,51.92456],[6.3446,51.92525],[6.34236,51.92512],[6.34005,51.92569],[6.33894,51.92483],[6.33804,51.92489],[6.33684,51.92611],[6.33576,51.92606],[6.33545,51.92585],[6.33379,51.92572],[6.33342,51.92547],[6.33116,51.92616],[6.32675,51.92944],[6.32174,51.93519],[6.31998,51.93597],[6.31461,51.9365],[6.3086,51.93976],[6.30576,51.93882],[6.30261,51.94135],[6.30184,51.94197],[6.30207,51.94413],[6.29382,51.94377],[6.29382,51.94377],[6.27902,51.94334],[6.27539,51.9418],[6.27285,51.94189],[6.27288,51.94318],[6.26288,51.94296],[6.25428,51.94325],[6.22931,51.94456],[6.22075,51.94458],[6.22136,51.94393],[6.21904,51.94314],[6.21638,51.94412],[6.2146,51.94322],[6.21205,51.94289],[6.21033,51.94338],[6.20442,51.94238],[6.20308,51.94214],[6.20299,51.94148],[6.20308,51.94133],[6.20274,51.93909],[6.20562,51.93773],[6.20501,51.93664],[6.19326,51.94088],[6.19173,51.94245],[6.18843,51.94334],[6.18859,51.94554],[6.18602,51.94609],[6.18462,51.94769],[6.18277,51.94813],[6.18275,51.94815],[6.17851,51.9487],[6.17266,51.95297],[6.16913,51.95329],[6.16575,51.95494],[6.16314,51.95532],[6.16252,51.95588],[6.15787,51.95879],[6.15095,51.96627],[6.14821,51.97319],[6.14597,51.97525],[6.14647,51.97559],[6.14469,51.9805],[6.16048,51.98104],[6.16058,51.97951],[6.16843,51.9798],[6.1717,51.98083],[6.17941,51.97935],[6.1824,51.9792],[6.18344,51.97953],[6.19099,51.97906],[6.20513,51.98025],[6.21168,51.97839],[6.21726,51.97933],[6.22415,51.97842],[6.2298,51.97621],[6.22928,51.97678],[6.23112,51.97865],[6.23013,51.97909],[6.2317,51.98078],[6.22242,51.98415],[6.2239,51.98574],[6.22809,51.9878],[6.22872,51.98717],[6.23252,51.98648],[6.23211,51.98837],[6.23578,51.98501],[6.23424,51.98342],[6.2348,51.98261],[6.23746,51.98112],[6.24273,51.981],[6.24471,51.98004],[6.24341,51.97893],[6.24298,51.97777],[6.24439,51.97784],[6.24735,51.97732],[6.24838,51.97629],[6.24979,51.97596],[6.25284,51.9799],[6.25681,51.98098],[6.2573,51.98253],[6.2573,51.98253],[6.24795,51.98409],[6.25072,51.98733],[6.25226,51.98683],[6.2539,51.98759],[6.25381,51.98783],[6.25437,51.98807],[6.25936,51.98746],[6.26005,51.98683],[6.26734,51.98377],[6.26894,51.98398],[6.27052,51.98344],[6.2723,51.98369],[6.27387,51.9846],[6.27465,51.98529],[6.27895,51.98491],[6.2919,51.99335],[6.29383,51.99219],[6.29434,51.99032],[6.29566,51.98847],[6.30515,51.99219],[6.31427,51.9941],[6.31652,51.99417],[6.31913,51.99426],[6.32254,51.99342],[6.32646,51.99189],[6.32901,51.98914]]]]}},{"type":"Feature","properties":{"code":"GM0225","name":"Druten"},"geometry":{"type":"MultiPolygon","coordinates":[[[[5.57164,51.90175],[5.59909,51.89912],[5.6243,51.8994],[5.62584,51.8994],[5.64695,51.89791],[5.65468,51.8968],[5.66847,51.89559],[5.68501,51.89565],[5.68246,51.88977],[5.68223,51.889],[5.6803,51.88443],[5.67583,51.87561],[5.67136,51.87073],[5.66785,51.86593],[5.65823,51.86655],[5.63618,51.86736],[5.64012,51.85603],[5.63535,51.85112],[5.63787,51.84889],[5.63593,51.84746],[5.6432,51.84499],[5.62314,51.84047],[5.60983,51.83627],[5.60643,51.83697],[5.59849,51.83785],[5.59827,51.83954],[5.58501,51.83911],[5.58455,51.84153],[5.58157,51.8526],[5.5847,51.85723],[5.57871,51.8592],[5.57773,51.86035],[5.57727,51.86458],[5.55307,51.86263],[5.55405,51.86752],[5.55378,51.87037],[5.5596,51.87051],[5.56026,51.87505],[5.56844,51.87655],[5.56939,51.87967],[5.56826,51.88045],[5.56695,51.88125],[5.56645,51.88391],[5.5688,51.88447],[5.56872,51.88458],[5.56958,51.88492],[5.57045,51.88435],[5.57154,51.88392],[5.57269,51.88566],[5.57225,51.88578],[5.57357,51.88692],[5.57699,51.89244],[5.57571,51.89251],[5.5604,51.88985],[5.55638,51.88875],[5.55066,51.88805],[5.54781,51.88831],[5.54733,51.88826],[5.54312,51.8884],[5.5393,51.89187],[5.53098,51.89139],[5.53136,51.89475],[5.54445,51.89901],[5.55601,51.90104],[5.57164,51.90175]]]]}},{"type":"Feature","properties":{"code":"GM0226","name":"Duiven"},"geometry":{"type":"MultiPolygon","coordinates":[[[[6.06084,51.97448],[6.05999,51.96324],[6.05846,51.95831],[6.05267,51.9527],[6.06326,51.94908],[6.06046,51.94597],[6.06109,51.94566],[6.05646,51.94223],[6.05481,51.93994],[6.05303,51.94033],[6.05158,51.93104],[6.04902,51.93154],[6.04739,51.93033],[6.0464,51.93],[6.04572,51.9304],[6.04236,51.92777],[6.04628,51.92691],[6.047,51.92533],[6.0454,51.92409],[6.046,51.9233],[6.04351,51.9208],[6.04471,51.92012],[6.04346,51.91746],[6.04294,51.91681],[6.04184,51.91695],[6.04128,51.9158],[6.03884,51.91634],[6.0379,51.91472],[6.03746,51.91396],[6.03472,51.91385],[6.02699,51.91652],[6.01405,51.91643],[6.00033,51.91324],[5.99728,51.91307],[5.99276,51.91233],[5.98892,51.91396],[5.98706,51.91331],[5.9771,51.92286],[5.96861,51.92821],[5.97289,51.92919],[5.97233,51.93074],[5.96673,51.93591],[5.96578,51.93877],[5.96926,51.93956],[5.97035,51.93933],[5.97491,51.94162],[5.97998,51.94294],[5.98436,51.94302],[5.98617,51.94636],[5.98457,51.94691],[5.98758,51.95044],[5.98484,51.95168],[5.98553,51.95513],[5.987,51.95991],[5.98684,51.96227],[5.9877,51.96291],[5.98526,51.96396],[5.98664,51.9685],[5.984,51.9724],[5.99155,51.97266],[5.99619,51.97396],[6.00043,51.97617],[6.00173,51.97755],[6.00566,51.97909],[6.00988,51.97887],[6.02182,51.9782],[6.02689,51.97089],[6.03431,51.97135],[6.04297,51.97868],[6.04225,51.97901],[6.04723,51.98064],[6.06077,51.98186],[6.06215,51.98074],[6.06863,51.98048],[6.06727,51.97533],[6.06084,51.97448]]]]}},{"type":"Feature","properties":{"code":"GM0228","name":"Ede"},"geometry":{"type":"MultiPolygon","coordinates":[[[[5.77469,52.15223],[5.78533,52.15127],[5.80984,52.15141],[5.84576,52.15161],[5.85955,52.14875],[5.86114,52.14526],[5.86232,52.13479],[5.86421,52.12756],[5.86435,52.12699],[5.86476,52.12554],[5.87418,52.11668],[5.87627,52.11446],[5.88345,52.10634],[5.89379,52.10478],[5.9001,52.10379],[5.91147,52.10031],[5.92726,52.10027],[5.94618,52.0993],[5.95146,52.09989],[5.94822,52.09083],[5.9461,52.07789],[5.90974,52.0621],[5.89812,52.06336],[5.8994,52.04996],[5.88206,52.04941],[5.85967,52.05202],[5.85003,52.05159],[5.83792,52.04663],[5.8242,52.03484],[5.81865,52.02959],[5.81337,52.02407],[5.80243,52.02236],[5.80422,52.02114],[5.80363,52.02068],[5.79814,52.02202],[5.77766,52.02188],[5.77089,52.02158],[5.77047,52.02116],[5.76988,52.02154],[5.75657,52.02106],[5.74736,52.02002],[5.74514,52.01977],[5.74116,52.01644],[5.73818,52.01229],[5.73928,52.01017],[5.73881,52.00814],[5.73757,52.00716],[5.73414,52.00642],[5.73588,52.00232],[5.73278,52.00074],[5.72436,52.00071],[5.68888,51.99492],[5.68762,51.99456],[5.68472,51.99393],[5.68309,51.99391],[5.68269,51.99255],[5.6783,51.9914],[5.67537,51.99095],[5.67254,51.99352],[5.6696,51.99467],[5.66453,51.99413],[5.66284,51.99495],[5.65542,51.99331],[5.65394,51.99516],[5.63722,51.99192],[5.6333,51.9952],[5.62725,51.99314],[5.62495,51.99514],[5.61931,51.99274],[5.61449,51.99965],[5.60683,51.99742],[5.60602,51.99416],[5.60251,51.995],[5.59656,51.9992],[5.592,52.00139],[5.59081,52.00302],[5.59111,52.0073],[5.58949,52.00946],[5.58742,52.01092],[5.58601,52.01178],[5.58675,52.01229],[5.58692,52.01571],[5.58962,52.01559],[5.59024,52.02027],[5.5872,52.02045],[5.58745,52.02664],[5.58735,52.02726],[5.58671,52.03129],[5.58959,52.03118],[5.58976,52.0327],[5.58991,52.03269],[5.59002,52.0343],[5.58996,52.03441],[5.57729,52.03833],[5.56831,52.04027],[5.5674,52.04062],[5.56866,52.0424],[5.56975,52.04341],[5.57004,52.0434],[5.57015,52.04444],[5.57001,52.04449],[5.56998,52.04564],[5.57085,52.048],[5.5579,52.04887],[5.56073,52.0675],[5.55921,52.07103],[5.56031,52.07215],[5.56144,52.07329],[5.56275,52.07828],[5.56071,52.08141],[5.56075,52.08421],[5.55669,52.08548],[5.55742,52.08618],[5.55705,52.08687],[5.55591,52.08712],[5.55493,52.08651],[5.55472,52.0915],[5.55587,52.09182],[5.55443,52.09347],[5.55443,52.09539],[5.55054,52.09668],[5.55424,52.10015],[5.55306,52.10095],[5.55034,52.10542],[5.54674,52.11137],[5.55097,52.11182],[5.55296,52.11328],[5.55359,52.11326],[5.56124,52.12025],[5.56189,52.12168],[5.56522,52.122],[5.56766,52.11832],[5.56862,52.11821],[5.56775,52.11975],[5.56947,52.12218],[5.57125,52.1221],[5.57673,52.12046],[5.58445,52.12182],[5.58908,52.12399],[5.59037,52.12362],[5.59139,52.12444],[5.59249,52.12403],[5.59767,52.12421],[5.60158,52.12544],[5.60738,52.125],[5.61043,52.12551],[5.6165,52.12779],[5.62273,52.12755],[5.63497,52.12971],[5.63824,52.13077],[5.64292,52.13043],[5.64529,52.1308],[5.64677,52.13027],[5.64711,52.13066],[5.64836,52.13091],[5.65633,52.13174],[5.65695,52.13258],[5.66165,52.13204],[5.6657,52.13276],[5.66902,52.13469],[5.67569,52.13335],[5.67845,52.13216],[5.67939,52.13206],[5.67926,52.1316],[5.68247,52.13178],[5.68393,52.13214],[5.68585,52.13527],[5.68882,52.13703],[5.69252,52.13739],[5.69512,52.13651],[5.70025,52.13612],[5.70183,52.13538],[5.71728,52.13645],[5.7173,52.13748],[5.72152,52.13799],[5.72194,52.1386],[5.72093,52.14106],[5.72185,52.14482],[5.72061,52.14499],[5.72035,52.14626],[5.73579,52.14788],[5.73608,52.14791],[5.7433,52.1487],[5.76211,52.1476],[5.77469,52.15223]]]]}},{"type":"Feature","properties":{"code":"GM0230","name":"Elburg"},"geometry":{"type":"MultiPolygon","coordinates":[[[[5.85056,52.46666],[5.85371,52.46494],[5.85901,52.46251],[5.86227,52.46134],[5.86342,52.46241],[5.86484,52.46206],[5.86303,52.46096],[5.86786,52.45897],[5.87136,52.45779],[5.87147,52.4566],[5.87203,52.45669],[5.87255,52.45524],[5.87407,52.45566],[5.87465,52.45421],[5.87761,52.45312],[5.87644,52.45191],[5.87477,52.4507],[5.87434,52.44976],[5.87138,52.44786],[5.87375,52.447],[5.8693,52.44501],[5.86877,52.44479],[5.87067,52.44252],[5.87224,52.44303],[5.87639,52.43898],[5.87682,52.4386],[5.88439,52.43178],[5.88662,52.42976],[5.89884,52.42071],[5.89996,52.41982],[5.90815,52.41631],[5.91629,52.41295],[5.90599,52.4086],[5.92434,52.39139],[5.91169,52.38679],[5.87601,52.35787],[5.87117,52.36131],[5.86845,52.36131],[5.86479,52.35966],[5.85005,52.37092],[5.83468,52.38199],[5.8214,52.391],[5.82058,52.39256],[5.82058,52.39693],[5.81787,52.39729],[5.81717,52.40157],[5.81205,52.40067],[5.81167,52.4028],[5.80801,52.40177],[5.80198,52.40004],[5.79078,52.39686],[5.78769,52.40006],[5.78602,52.39949],[5.78262,52.39947],[5.77982,52.39865],[5.77969,52.39827],[5.77654,52.3967],[5.77075,52.39552],[5.7687,52.39882],[5.7641,52.39872],[5.76296,52.40067],[5.7594,52.40302],[5.75923,52.40459],[5.75691,52.40687],[5.76628,52.41116],[5.78361,52.42038],[5.78763,52.4219],[5.79149,52.42431],[5.7976,52.4282],[5.8041,52.43126],[5.80742,52.43358],[5.8111,52.43571],[5.8125,52.43738],[5.82192,52.44602],[5.82075,52.44655],[5.81986,52.44731],[5.82077,52.44816],[5.82241,52.44971],[5.82206,52.44999],[5.82304,52.4518],[5.82328,52.4529],[5.82063,52.45441],[5.81623,52.45593],[5.81738,52.45726],[5.81742,52.4573],[5.81851,52.45816],[5.81931,52.45917],[5.82333,52.46385],[5.828,52.46933],[5.829,52.46902],[5.82893,52.46802],[5.82744,52.46728],[5.82492,52.46512],[5.82302,52.46232],[5.82378,52.46135],[5.82342,52.46029],[5.82315,52.45945],[5.8249,52.45927],[5.82642,52.45922],[5.82723,52.45883],[5.82726,52.45764],[5.83137,52.45915],[5.83169,52.46024],[5.83644,52.46663],[5.83691,52.46676],[5.83752,52.46632],[5.83875,52.46599],[5.83966,52.46595],[5.84003,52.46615],[5.84086,52.4672],[5.84236,52.47055],[5.84498,52.46986],[5.84841,52.46722],[5.85056,52.46666]]]]}},{"type":"Feature","properties":{"code":"GM0232","name":"Epe"},"geometry":{"type":"MultiPolygon","coordinates":[[[[6.03386,52.36475],[6.03778,52.36207],[6.04268,52.3635],[6.04173,52.3579],[6.04178,52.35651],[6.04542,52.35714],[6.04771,52.35796],[6.05233,52.36098],[6.06876,52.36165],[6.07486,52.36192],[6.07431,52.36303],[6.07785,52.3643],[6.08088,52.36204],[6.08849,52.36115],[6.09071,52.36044],[6.09352,52.35867],[6.09478,52.35693],[6.08724,52.35389],[6.07801,52.35243],[6.0781,52.35176],[6.07607,52.35057],[6.07613,52.34567],[6.07533,52.34456],[6.07676,52.33865],[6.07558,52.33474],[6.07405,52.33452],[6.07563,52.3333],[6.07436,52.33256],[6.07368,52.33057],[6.05295,52.33091],[6.05276,52.32595],[6.05112,52.3237],[6.04653,52.31565],[6.03708,52.29889],[6.03476,52.2948],[6.03484,52.29247],[6.04059,52.28322],[6.04335,52.27873],[6.04345,52.27561],[6.04245,52.27367],[6.04126,52.27166],[6.04293,52.27005],[6.04311,52.26892],[6.04023,52.26818],[6.0364,52.26853],[6.03435,52.26911],[6.03031,52.26923],[6.03105,52.27092],[6.02853,52.27099],[6.02893,52.27232],[6.02976,52.27261],[6.03126,52.27524],[6.0304,52.2762],[6.02886,52.27681],[6.00916,52.27634],[5.99337,52.27393],[5.98936,52.27404],[5.99242,52.2849],[5.9914,52.28554],[5.98574,52.28567],[5.98536,52.28459],[5.98217,52.28383],[5.98114,52.2807],[5.97389,52.27321],[5.9596,52.27246],[5.95792,52.27237],[5.93621,52.27442],[5.9229,52.27199],[5.87959,52.26499],[5.86739,52.25987],[5.86089,52.25581],[5.85452,52.2601],[5.85081,52.2687],[5.84817,52.27511],[5.84878,52.27683],[5.8515,52.27854],[5.85216,52.28009],[5.8457,52.28732],[5.84428,52.2949],[5.84119,52.29953],[5.84083,52.3044],[5.85099,52.30879],[5.87043,52.32331],[5.87552,52.32927],[5.87489,52.32966],[5.87621,52.33201],[5.88095,52.33519],[5.87426,52.34213],[5.86481,52.35133],[5.875,52.35704],[5.87601,52.35787],[5.91169,52.38679],[5.92434,52.39139],[5.94243,52.39664],[5.95103,52.39844],[5.95712,52.3929],[5.99133,52.3786],[6.00368,52.37448],[6.01357,52.37121],[6.01638,52.37047],[6.01748,52.36988],[6.02995,52.36775],[6.03178,52.36723],[6.03467,52.36611],[6.03386,52.36475]]]]}},{"type":"Feature","properties":{"code":"GM0233","name":"Ermelo"},"geometry":{"type":"MultiPolygon","coordinates":[[[[5.74818,52.30683],[5.74384,52.29805],[5.7443,52.29196],[5.74468,52.2882],[5.74602,52.28694],[5.75465,52.2826],[5.75549,52.27788],[5.74788,52.27199],[5.7465,52.27167],[5.74923,52.26827],[5.76145,52.2483],[5.75168,52.24608],[5.72639,52.2425],[5.7188,52.24149],[5.71539,52.24018],[5.71162,52.23971],[5.711,52.23962],[5.70672,52.2394],[5.69373,52.23972],[5.68985,52.24044],[5.68364,52.24062],[5.68142,52.24175],[5.67716,52.24969],[5.67551,52.25121],[5.64882,52.26699],[5.64206,52.27069],[5.63921,52.27186],[5.63591,52.2727],[5.6209,52.27563],[5.61902,52.27552],[5.61698,52.27506],[5.61222,52.27532],[5.61105,52.27569],[5.61152,52.2764],[5.61066,52.27726],[5.60289,52.27841],[5.59788,52.27866],[5.59325,52.27825],[5.58754,52.27881],[5.5782,52.28185],[5.5774,52.28232],[5.57716,52.28222],[5.577,52.28229],[5.57663,52.28219],[5.57651,52.28223],[5.57647,52.28241],[5.56629,52.28523],[5.56616,52.28522],[5.55527,52.2867],[5.55291,52.28792],[5.5538,52.28836],[5.55201,52.29036],[5.55134,52.2901],[5.54808,52.29181],[5.55931,52.31112],[5.559,52.31356],[5.56039,52.31494],[5.55981,52.31595],[5.5594,52.31679],[5.56071,52.31822],[5.56112,52.3181],[5.55997,52.31673],[5.5604,52.31606],[5.56192,52.3153],[5.56335,52.31562],[5.56436,52.31647],[5.56396,52.31668],[5.56409,52.3169],[5.56386,52.31701],[5.56399,52.31711],[5.56274,52.31761],[5.56253,52.31749],[5.5619,52.31774],[5.56193,52.318],[5.56239,52.31799],[5.56268,52.3179],[5.56484,52.31781],[5.56608,52.31782],[5.567,52.31864],[5.56661,52.31881],[5.56566,52.31799],[5.56535,52.31798],[5.56539,52.31872],[5.56509,52.31873],[5.56503,52.31802],[5.56442,52.31804],[5.56448,52.31875],[5.56413,52.31875],[5.5641,52.31805],[5.56263,52.31808],[5.56389,52.31916],[5.56415,52.31918],[5.56679,52.31914],[5.56783,52.32041],[5.57575,52.3266],[5.5773,52.3257],[5.57829,52.32511],[5.58152,52.32258],[5.58743,52.32163],[5.58767,52.32101],[5.59325,52.31927],[5.59756,52.31931],[5.60205,52.31799],[5.60195,52.31975],[5.60869,52.31905],[5.62038,52.32633],[5.62311,52.32753],[5.62345,52.32667],[5.62879,52.32682],[5.63018,52.32623],[5.63026,52.32685],[5.6407,52.32075],[5.65048,52.31501],[5.6708,52.30392],[5.67812,52.30149],[5.68645,52.31314],[5.70617,52.32838],[5.74804,52.31783],[5.75075,52.31707],[5.74912,52.31001],[5.74818,52.30683]]]]}},{"type":"Feature","properties":{"code":"GM0243","name":"Harderwijk"},"geometry":{"type":"MultiPolygon","coordinates":[[[[5.69566,52.36076],[5.69711,52.36111],[5.69836,52.36059],[5.70066,52.35749],[5.69869,52.35673],[5.69873,52.35602],[5.69864,52.35581],[5.69906,52.3528],[5.70414,52.34685],[5.70484,52.34413],[5.70508,52.34287],[5.70546,52.33986],[5.71102,52.33873],[5.7128,52.33624],[5.71248,52.33185],[5.70617,52.32838],[5.68645,52.31314],[5.67812,52.30149],[5.6708,52.30392],[5.65048,52.31501],[5.6407,52.32075],[5.63026,52.32685],[5.63018,52.32623],[5.62879,52.32682],[5.62345,52.32667],[5.62311,52.32753],[5.62038,52.32633],[5.60869,52.31905],[5.60195,52.31975],[5.60205,52.31799],[5.59756,52.31931],[5.59325,52.31927],[5.58767,52.32101],[5.58743,52.32163],[5.58152,52.32258],[5.57829,52.32511],[5.5773,52.3257],[5.57575,52.3266],[5.58173,52.32996],[5.594,52.33428],[5.59828,52.33713],[5.60318,52.33983],[5.60749,52.34271],[5.61137,52.34557],[5.61227,52.34743],[5.61259,52.3496],[5.61468,52.35074],[5.61282,52.35109],[5.61202,52.3517],[5.61515,52.3517],[5.61493,52.35199],[5.6134,52.35204],[5.61336,52.35228],[5.61555,52.35349],[5.61428,52.3568],[5.61996,52.35462],[5.62065,52.35377],[5.62066,52.35356],[5.62106,52.35338],[5.62113,52.35345],[5.62123,52.3534],[5.62119,52.35322],[5.62148,52.35302],[5.62134,52.35284],[5.62227,52.35225],[5.62368,52.35196],[5.62384,52.35183],[5.62383,52.35154],[5.62344,52.35118],[5.62417,52.35087],[5.62482,52.35144],[5.62117,52.35353],[5.62138,52.35374],[5.62037,52.35497],[5.6205,52.35521],[5.62267,52.35544],[5.62381,52.35539],[5.62396,52.35527],[5.62484,52.3546],[5.62548,52.35496],[5.62415,52.35555],[5.62245,52.35559],[5.62197,52.35567],[5.62085,52.35549],[5.61751,52.35648],[5.61568,52.35667],[5.61545,52.35706],[5.61694,52.35759],[5.61914,52.35845],[5.61938,52.36002],[5.6191,52.36017],[5.61898,52.35863],[5.61887,52.35864],[5.61902,52.35967],[5.61839,52.35954],[5.61827,52.35895],[5.61811,52.35898],[5.61783,52.35931],[5.61572,52.3586],[5.61588,52.3584],[5.61536,52.35823],[5.6159,52.35769],[5.61498,52.35723],[5.61442,52.35782],[5.61434,52.3581],[5.6144,52.35814],[5.61452,52.35794],[5.61476,52.35798],[5.61494,52.35816],[5.61492,52.35839],[5.61466,52.35851],[5.61442,52.35832],[5.61439,52.35842],[5.6189,52.36034],[5.6175,52.36102],[5.61676,52.36065],[5.61404,52.36225],[5.61493,52.3625],[5.61532,52.36261],[5.62517,52.35825],[5.62709,52.357],[5.62744,52.35715],[5.62716,52.35791],[5.62506,52.35917],[5.62554,52.35967],[5.62694,52.35884],[5.62661,52.35847],[5.62761,52.35788],[5.62851,52.35849],[5.62858,52.36055],[5.62708,52.36057],[5.62707,52.361],[5.62738,52.36098],[5.62741,52.36069],[5.62806,52.36068],[5.62811,52.36104],[5.62752,52.36114],[5.6281,52.36145],[5.6282,52.36444],[5.62896,52.36472],[5.62972,52.36424],[5.62928,52.36398],[5.62922,52.36182],[5.62982,52.36152],[5.63096,52.3622],[5.63026,52.3626],[5.62976,52.36261],[5.62978,52.36366],[5.63036,52.36391],[5.63317,52.3618],[5.63886,52.36242],[5.6405,52.36338],[5.63996,52.36372],[5.6341,52.36282],[5.63017,52.36546],[5.63066,52.36585],[5.6413,52.36606],[5.64421,52.36759],[5.64878,52.3675],[5.65334,52.36484],[5.67405,52.37511],[5.67723,52.37701],[5.67759,52.37869],[5.67892,52.37884],[5.68002,52.37603],[5.69566,52.36076]]],[[[5.6039,52.36174],[5.60145,52.3609],[5.60188,52.36152],[5.60095,52.36179],[5.59931,52.36159],[5.59568,52.3617],[5.59368,52.36208],[5.59333,52.36283],[5.59458,52.36331],[5.59846,52.36352],[5.60599,52.36322],[5.6039,52.36174]]]]}},{"type":"Feature","properties":{"code":"GM0244","name":"Hattem"},"geometry":{"type":"MultiPolygon","coordinates":[[[[6.04051,52.50626],[6.04619,52.50386],[6.05422,52.49979],[6.0584,52.496],[6.06178,52.4904],[6.06343,52.48805],[6.06637,52.48517],[6.07143,52.48211],[6.07642,52.48022],[6.08927,52.47681],[6.09425,52.47411],[6.09915,52.47031],[6.1017,52.46635],[6.10355,52.45396],[6.10006,52.45397],[6.09488,52.45186],[6.09285,52.45481],[6.07899,52.45208],[6.06877,52.45131],[6.06332,52.45115],[6.06068,52.45046],[6.03548,52.44378],[6.02267,52.4441],[6.02939,52.45265],[6.03024,52.45378],[6.03472,52.46168],[6.03392,52.4644],[6.03611,52.46751],[6.03694,52.47031],[6.03591,52.47416],[6.03329,52.47804],[6.03286,52.4785],[6.02854,52.48196],[6.02593,52.48329],[6.02139,52.48373],[6.01963,52.48366],[6.0167,52.48227],[6.01604,52.48275],[6.01853,52.48447],[6.01898,52.48896],[6.00874,52.49657],[6.00079,52.50015],[6.00761,52.50426],[6.01237,52.50594],[6.01454,52.50577],[6.01508,52.50596],[6.01934,52.50483],[6.02285,52.50533],[6.02535,52.50657],[6.02786,52.50961],[6.04051,52.50626]]]]}},{"type":"Feature","properties":{"code":"GM0246","name":"Heerde"},"geometry":{"type":"MultiPolygon","coordinates":[[[[6.09285,52.45481],[6.09488,52.45186],[6.10006,52.45397],[6.10355,52.45396],[6.10199,52.4478],[6.1023,52.44577],[6.10502,52.44259],[6.10958,52.44053],[6.11411,52.43801],[6.11949,52.43293],[6.11639,52.4302],[6.11817,52.42844],[6.11825,52.42664],[6.11387,52.41985],[6.11357,52.41691],[6.11474,52.41426],[6.11081,52.40781],[6.11486,52.40699],[6.11625,52.40488],[6.11907,52.40264],[6.12368,52.40192],[6.12537,52.40018],[6.12758,52.39962],[6.13055,52.39998],[6.12997,52.3986],[6.12521,52.39263],[6.1262,52.38607],[6.12583,52.38406],[6.12365,52.38132],[6.12085,52.37954],[6.11337,52.37721],[6.09513,52.37384],[6.08246,52.37207],[6.0797,52.37067],[6.0782,52.36905],[6.07785,52.3643],[6.07431,52.36303],[6.07486,52.36192],[6.06876,52.36165],[6.05233,52.36098],[6.04771,52.35796],[6.04542,52.35714],[6.04178,52.35651],[6.04173,52.3579],[6.04268,52.3635],[6.03778,52.36207],[6.03386,52.36475],[6.03467,52.36611],[6.03178,52.36723],[6.02995,52.36775],[6.01748,52.36988],[6.01638,52.37047],[6.01357,52.37121],[6.00368,52.37448],[5.99133,52.3786],[5.95712,52.3929],[5.95103,52.39844],[5.95186,52.40096],[5.96673,52.40557],[5.97373,52.40977],[5.994,52.42606],[6.01776,52.44421],[6.02267,52.4441],[6.03548,52.44378],[6.06068,52.45046],[6.06332,52.45115],[6.06877,52.45131],[6.07899,52.45208],[6.09285,52.45481]]]]}},{"type":"Feature","properties":{"code":"GM0252","name":"Heumen"},"geometry":{"type":"MultiPolygon","coordinates":[[[[5.8794,51.80828],[5.88102,51.80145],[5.88744,51.79537],[5.88721,51.78534],[5.88798,51.78298],[5.89309,51.77815],[5.89341,51.77785],[5.88637,51.77859],[5.86901,51.77573],[5.86789,51.77552],[5.86745,51.77442],[5.86741,51.7676],[5.86924,51.76286],[5.86714,51.76046],[5.86504,51.75825],[5.86447,51.75768],[5.85215,51.75932],[5.84242,51.75881],[5.82149,51.75744],[5.80947,51.75653],[5.79053,51.75351],[5.77966,51.75221],[5.7693,51.75235],[5.75796,51.75419],[5.75171,51.75604],[5.74524,51.75914],[5.74078,51.76325],[5.73568,51.76891],[5.73202,51.77189],[5.72974,51.77285],[5.7322,51.77818],[5.73369,51.77794],[5.73404,51.7799],[5.73701,51.77835],[5.74054,51.7779],[5.74146,51.77876],[5.74641,51.77884],[5.76854,51.78257],[5.76947,51.78519],[5.77499,51.78377],[5.77859,51.78407],[5.78066,51.7842],[5.79598,51.79188],[5.80095,51.79515],[5.81022,51.79059],[5.81381,51.79281],[5.81408,51.79282],[5.8245,51.798],[5.82468,51.79809],[5.82686,51.79954],[5.82551,51.80013],[5.83696,51.80611],[5.83917,51.80461],[5.84133,51.8059],[5.84094,51.8072],[5.84696,51.80811],[5.85263,51.8075],[5.85303,51.80785],[5.86476,51.8098],[5.8767,51.80986],[5.87911,51.80953],[5.8794,51.80828]]]]}},{"type":"Feature","properties":{"code":"GM0262","name":"Lochem"},"geometry":{"type":"MultiPolygon","coordinates":[[[[6.38596,52.24311],[6.38986,52.24256],[6.40262,52.24327],[6.41642,52.24217],[6.4164,52.23952],[6.41681,52.23713],[6.42198,52.23293],[6.42934,52.22314],[6.43157,52.22124],[6.43997,52.21707],[6.44631,52.2128],[6.45275,52.20648],[6.45349,52.20417],[6.45613,52.20171],[6.45729,52.20096],[6.46712,52.2004],[6.47027,52.19938],[6.46946,52.19828],[6.47,52.19269],[6.4727,52.18904],[6.47836,52.18383],[6.47903,52.1826],[6.49065,52.17986],[6.4924,52.17737],[6.49222,52.17612],[6.49437,52.1732],[6.49285,52.16943],[6.48785,52.16119],[6.48379,52.1572],[6.4614,52.15214],[6.46266,52.1506],[6.46652,52.14964],[6.46658,52.14734],[6.46943,52.14748],[6.47071,52.14641],[6.47096,52.14401],[6.48122,52.14248],[6.48165,52.14091],[6.48487,52.13727],[6.48852,52.13424],[6.48789,52.13244],[6.48652,52.13188],[6.48826,52.12998],[6.4883,52.1269],[6.49141,52.12614],[6.49211,52.124],[6.48972,52.12064],[6.49119,52.12003],[6.48903,52.1193],[6.48747,52.11633],[6.48459,52.1145],[6.48117,52.11029],[6.48247,52.10906],[6.482,52.10592],[6.48012,52.10466],[6.47854,52.10069],[6.47689,52.10042],[6.47254,52.1021],[6.47242,52.10406],[6.47019,52.10429],[6.4705,52.10585],[6.4667,52.10661],[6.46146,52.10403],[6.46013,52.10674],[6.45521,52.10798],[6.45247,52.10691],[6.45182,52.1073],[6.44489,52.1062],[6.44346,52.10477],[6.43974,52.10313],[6.43756,52.10374],[6.424,52.09691],[6.41842,52.10044],[6.39153,52.11305],[6.39649,52.11715],[6.39839,52.11765],[6.39182,52.12373],[6.39584,52.13083],[6.39268,52.13149],[6.38268,52.12855],[6.38344,52.12726],[6.3792,52.12589],[6.37794,52.12715],[6.36914,52.12397],[6.36198,52.12667],[6.35772,52.1303],[6.35772,52.13553],[6.32831,52.13771],[6.32656,52.14739],[6.324,52.15275],[6.31529,52.15129],[6.30512,52.15067],[6.30092,52.14911],[6.29811,52.14982],[6.2957,52.14883],[6.29028,52.1494],[6.28644,52.14894],[6.28342,52.1483],[6.28015,52.14947],[6.2769,52.14947],[6.27454,52.14884],[6.26979,52.14996],[6.26603,52.14787],[6.26439,52.14708],[6.2511,52.14676],[6.24929,52.14745],[6.24435,52.14669],[6.24015,52.14605],[6.23797,52.14613],[6.23526,52.15543],[6.23164,52.15594],[6.22888,52.15535],[6.22845,52.15477],[6.22348,52.15384],[6.22307,52.15583],[6.21915,52.15608],[6.21867,52.15836],[6.21612,52.15859],[6.2172,52.1596],[6.21686,52.16178],[6.21583,52.16204],[6.21181,52.16307],[6.20722,52.16664],[6.20053,52.16492],[6.19871,52.16291],[6.19526,52.16562],[6.1928,52.1698],[6.19436,52.17432],[6.19362,52.17645],[6.19155,52.17844],[6.18891,52.1797],[6.18114,52.18137],[6.16953,52.18909],[6.1654,52.18983],[6.16144,52.18936],[6.15903,52.19009],[6.15635,52.1936],[6.15636,52.19734],[6.1582,52.19974],[6.16143,52.20109],[6.17212,52.20121],[6.17837,52.2033],[6.18404,52.2043],[6.1896,52.20773],[6.19105,52.21058],[6.19072,52.21436],[6.18925,52.21727],[6.18082,52.22316],[6.17398,52.22596],[6.16968,52.22949],[6.16627,52.23101],[6.16734,52.23125],[6.17421,52.23278],[6.17838,52.2337],[6.18253,52.23383],[6.18497,52.23199],[6.18484,52.23182],[6.18599,52.2314],[6.18604,52.23145],[6.18686,52.23097],[6.18914,52.22917],[6.18945,52.22934],[6.19014,52.22921],[6.20311,52.22927],[6.21695,52.22647],[6.21452,52.23133],[6.21648,52.23147],[6.22248,52.22887],[6.22777,52.22975],[6.23392,52.22904],[6.23845,52.22759],[6.25729,52.22728],[6.26084,52.22907],[6.26472,52.22725],[6.2694,52.22646],[6.27129,52.22641],[6.27101,52.22791],[6.27723,52.22794],[6.28633,52.23036],[6.29171,52.23087],[6.29283,52.23083],[6.29304,52.22951],[6.29695,52.229],[6.29794,52.22553],[6.32043,52.22567],[6.32543,52.227],[6.33871,52.22715],[6.33806,52.23622],[6.34922,52.2401],[6.34965,52.24124],[6.35176,52.2417],[6.36685,52.24153],[6.37735,52.24475],[6.38185,52.24611],[6.38341,52.24402],[6.38596,52.24311]]]]}},{"type":"Feature","properties":{"code":"GM0263","name":"Maasdriel"},"geometry":{"type":"MultiPolygon","coordinates":[[[[5.40534,51.83465],[5.40584,51.83271],[5.40697,51.8328],[5.40833,51.82928],[5.41496,51.82494],[5.41622,51.82264],[5.41488,51.82129],[5.41041,51.82255],[5.40606,51.82242],[5.40171,51.82089],[5.40005,51.81942],[5.39838,51.81716],[5.39441,51.81272],[5.38349,51.80463],[5.3756,51.79616],[5.37019,51.7911],[5.36904,51.78982],[5.36254,51.77946],[5.36043,51.76868],[5.35993,51.76059],[5.35757,51.75789],[5.35351,51.75548],[5.32204,51.74652],[5.30436,51.73878],[5.30034,51.73729],[5.296,51.73672],[5.29165,51.73726],[5.28328,51.73978],[5.27572,51.74017],[5.26854,51.73965],[5.26414,51.73883],[5.25547,51.7349],[5.24968,51.73358],[5.24468,51.73442],[5.2311,51.7413],[5.22214,51.74339],[5.21635,51.74345],[5.21185,51.74274],[5.20649,51.74148],[5.19552,51.74027],[5.1857,51.74192],[5.18502,51.7458],[5.18444,51.74586],[5.18572,51.75065],[5.18495,51.75364],[5.18352,51.75582],[5.17967,51.75924],[5.17457,51.76107],[5.17513,51.76253],[5.17386,51.76409],[5.18065,51.76656],[5.18151,51.76642],[5.1839,51.76609],[5.19005,51.76565],[5.19241,51.76646],[5.19199,51.76745],[5.1959,51.76744],[5.2066,51.76905],[5.21113,51.76926],[5.21446,51.76862],[5.23157,51.77063],[5.23344,51.77082],[5.23744,51.77196],[5.2402,51.77101],[5.24886,51.77124],[5.25174,51.77242],[5.25964,51.77389],[5.26256,51.77382],[5.26252,51.77465],[5.26992,51.77433],[5.26829,51.78336],[5.26645,51.79312],[5.27631,51.79521],[5.28627,51.79914],[5.28844,51.79957],[5.28817,51.80018],[5.28101,51.80192],[5.28371,51.80326],[5.28387,51.80515],[5.28309,51.80607],[5.28448,51.80654],[5.28085,51.8104],[5.28296,51.81225],[5.28326,51.81699],[5.2847,51.81743],[5.28172,51.82121],[5.29055,51.82324],[5.29785,51.82406],[5.3046,51.82396],[5.31127,51.82314],[5.31633,51.8218],[5.32484,51.81781],[5.3261,51.81701],[5.3283,51.81525],[5.33355,51.81035],[5.33903,51.80659],[5.34368,51.80486],[5.34707,51.80423],[5.34741,51.80419],[5.35408,51.80421],[5.3611,51.80572],[5.3658,51.80795],[5.37068,51.81195],[5.38439,51.82729],[5.39342,51.83379],[5.40063,51.83766],[5.40534,51.83465]]]]}},{"type":"Feature","properties":{"code":"GM0267","name":"Nijkerk"},"geometry":{"type":"MultiPolygon","coordinates":[[[[5.47069,52.2633],[5.47095,52.26266],[5.47614,52.26311],[5.47291,52.26222],[5.473,52.26203],[5.47432,52.26203],[5.47429,52.26172],[5.47222,52.26127],[5.47366,52.25762],[5.47481,52.25706],[5.47862,52.25782],[5.47854,52.25743],[5.47419,52.25647],[5.48133,52.24339],[5.48369,52.23924],[5.48788,52.2366],[5.49001,52.23583],[5.49608,52.23628],[5.49739,52.23637],[5.49938,52.23388],[5.50099,52.23412],[5.50171,52.23296],[5.50644,52.23159],[5.50815,52.23251],[5.51033,52.23284],[5.511,52.23381],[5.51025,52.23533],[5.51297,52.23573],[5.51277,52.23469],[5.51502,52.23435],[5.51557,52.23413],[5.51488,52.23114],[5.51768,52.23141],[5.51751,52.23096],[5.5194,52.23062],[5.52349,52.2275],[5.52302,52.2273],[5.52694,52.22304],[5.53315,52.2191],[5.53459,52.2193],[5.53622,52.2176],[5.54042,52.21325],[5.53961,52.21317],[5.53985,52.21213],[5.54135,52.21228],[5.54955,52.20365],[5.54992,52.20234],[5.60773,52.20506],[5.60797,52.20509],[5.63327,52.20817],[5.63486,52.20381],[5.62574,52.19283],[5.62428,52.19333],[5.61963,52.19312],[5.61858,52.19118],[5.6178,52.19118],[5.61692,52.19214],[5.61744,52.19436],[5.60776,52.1942],[5.60775,52.19516],[5.60195,52.19649],[5.60025,52.19765],[5.59556,52.19634],[5.58992,52.19596],[5.58955,52.19543],[5.58795,52.19543],[5.58816,52.19484],[5.5832,52.19541],[5.58027,52.1945],[5.57767,52.1948],[5.57517,52.19267],[5.57693,52.19167],[5.57793,52.18618],[5.57527,52.18701],[5.57484,52.18617],[5.56649,52.18652],[5.56453,52.18534],[5.56523,52.18073],[5.56699,52.18081],[5.56818,52.17992],[5.56889,52.17791],[5.56528,52.17811],[5.55464,52.17568],[5.54892,52.17532],[5.54661,52.17678],[5.54454,52.17713],[5.54219,52.17785],[5.5377,52.18207],[5.5344,52.18583],[5.53081,52.19154],[5.52921,52.191],[5.52121,52.19184],[5.51208,52.18857],[5.50493,52.18858],[5.50418,52.18914],[5.50082,52.18858],[5.49631,52.18662],[5.49593,52.18686],[5.49537,52.18611],[5.48561,52.18197],[5.48518,52.1747],[5.4851,52.17178],[5.48085,52.16796],[5.47992,52.16582],[5.46963,52.16621],[5.45762,52.16708],[5.44654,52.16802],[5.44359,52.16883],[5.43988,52.1712],[5.43892,52.17292],[5.44009,52.17338],[5.43904,52.18413],[5.43809,52.18459],[5.4401,52.19005],[5.43971,52.19608],[5.43977,52.19724],[5.43977,52.19727],[5.43945,52.2022],[5.44112,52.20432],[5.44019,52.20463],[5.44057,52.20584],[5.43982,52.20598],[5.43924,52.2046],[5.43471,52.20588],[5.40967,52.21858],[5.40722,52.21341],[5.39552,52.21915],[5.39321,52.22065],[5.39477,52.22485],[5.39659,52.22979],[5.40364,52.2471],[5.41186,52.24632],[5.41464,52.2458],[5.42503,52.24953],[5.43027,52.25024],[5.43531,52.25233],[5.45259,52.25375],[5.45434,52.25351],[5.45996,52.25529],[5.46242,52.2554],[5.46339,52.25646],[5.46417,52.25927],[5.46433,52.25927],[5.46519,52.25565],[5.46475,52.25561],[5.46481,52.25518],[5.46606,52.25546],[5.46596,52.25585],[5.46653,52.25593],[5.4661,52.25799],[5.46556,52.25795],[5.46513,52.25933],[5.4653,52.25937],[5.46546,52.25888],[5.46612,52.2588],[5.4666,52.25835],[5.47129,52.25934],[5.47086,52.25967],[5.46847,52.25928],[5.46828,52.25957],[5.47076,52.26008],[5.46986,52.26122],[5.47116,52.2618],[5.47086,52.26195],[5.46759,52.26165],[5.47084,52.26263],[5.47053,52.26325],[5.46981,52.26325],[5.47145,52.26354],[5.47069,52.2633]]]]}},{"type":"Feature","properties":{"code":"GM0268","name":"Nijmegen"},"geometry":{"type":"MultiPolygon","coordinates":[[[[5.85712,51.89462],[5.85763,51.88839],[5.85949,51.88867],[5.86131,51.88877],[5.8641,51.88872],[5.86549,51.88898],[5.86542,51.88854],[5.8687,51.8882],[5.87148,51.88865],[5.8742,51.88458],[5.87584,51.88086],[5.87614,51.8766],[5.87695,51.8765],[5.88027,51.86921],[5.88195,51.8671],[5.88299,51.86667],[5.88253,51.86629],[5.88274,51.86614],[5.88435,51.86702],[5.88677,51.8652],[5.88158,51.8591],[5.88158,51.8591],[5.88737,51.85881],[5.88741,51.85454],[5.88462,51.85017],[5.88734,51.84969],[5.88549,51.84766],[5.88039,51.84505],[5.88457,51.84384],[5.89453,51.84056],[5.89217,51.84001],[5.89809,51.8364],[5.89579,51.83358],[5.89589,51.83258],[5.89698,51.83217],[5.90394,51.83134],[5.90651,51.83059],[5.90825,51.82935],[5.9053,51.82745],[5.90143,51.82739],[5.90033,51.82572],[5.89909,51.82462],[5.89371,51.82393],[5.89352,51.82428],[5.89234,51.82389],[5.88875,51.82269],[5.88831,51.8231],[5.88806,51.823],[5.88261,51.82116],[5.88193,51.82104],[5.88049,51.82033],[5.88152,51.8174],[5.88409,51.81386],[5.88596,51.8125],[5.88615,51.81085],[5.88555,51.8102],[5.88245,51.8095],[5.87911,51.80953],[5.8767,51.80986],[5.86476,51.8098],[5.85303,51.80785],[5.85263,51.8075],[5.84696,51.80811],[5.84094,51.8072],[5.84133,51.8059],[5.83917,51.80461],[5.83696,51.80611],[5.82551,51.80013],[5.82686,51.79954],[5.82468,51.79809],[5.8245,51.798],[5.81408,51.79282],[5.81381,51.79281],[5.81022,51.79059],[5.80095,51.79515],[5.79608,51.79814],[5.79437,51.79731],[5.79225,51.79893],[5.79043,51.80202],[5.7813,51.80983],[5.77472,51.82053],[5.77471,51.82055],[5.77406,51.82159],[5.77133,51.82306],[5.75762,51.82399],[5.76473,51.83229],[5.77508,51.84425],[5.77715,51.84447],[5.77965,51.84457],[5.7812,51.84298],[5.78359,51.842],[5.7865,51.84092],[5.79793,51.84619],[5.8061,51.85046],[5.80733,51.85184],[5.81236,51.85033],[5.81232,51.84964],[5.81737,51.84949],[5.82033,51.85387],[5.82151,51.8556],[5.82215,51.85542],[5.82539,51.86013],[5.82549,51.86269],[5.82369,51.86431],[5.82569,51.86621],[5.81707,51.87026],[5.82697,51.87319],[5.83161,51.87223],[5.83258,51.87344],[5.83417,51.87562],[5.83515,51.87762],[5.83281,51.87843],[5.83779,51.88343],[5.83682,51.88366],[5.83587,51.88603],[5.83594,51.88815],[5.83439,51.89034],[5.83043,51.89165],[5.83024,51.89368],[5.83672,51.89375],[5.83685,51.89375],[5.85712,51.89462]]]]}},{"type":"Feature","properties":{"code":"GM0269","name":"Oldebroek"},"geometry":{"type":"MultiPolygon","coordinates":[[[[5.92085,52.48255],[5.92556,52.47406],[5.93541,52.47739],[5.93577,52.47723],[5.93635,52.47658],[5.93688,52.4765],[5.94612,52.48204],[5.95145,52.48413],[5.9583,52.48406],[5.96531,52.47644],[5.97181,52.48125],[5.98316,52.48898],[5.99172,52.4939],[6.00079,52.50015],[6.00874,52.49657],[6.01898,52.48896],[6.01853,52.48447],[6.01604,52.48275],[6.0167,52.48227],[6.01963,52.48366],[6.02139,52.48373],[6.02593,52.48329],[6.02854,52.48196],[6.03286,52.4785],[6.03329,52.47804],[6.03591,52.47416],[6.03694,52.47031],[6.03611,52.46751],[6.03392,52.4644],[6.03472,52.46168],[6.03024,52.45378],[6.02939,52.45265],[6.02267,52.4441],[6.01776,52.44421],[5.994,52.42606],[5.97373,52.40977],[5.96673,52.40557],[5.95186,52.40096],[5.95103,52.39844],[5.94243,52.39664],[5.92434,52.39139],[5.90599,52.4086],[5.91629,52.41295],[5.90815,52.41631],[5.89996,52.41982],[5.89884,52.42071],[5.88662,52.42976],[5.88439,52.43178],[5.87682,52.4386],[5.87639,52.43898],[5.87224,52.44303],[5.87067,52.44252],[5.86877,52.44479],[5.8693,52.44501],[5.87375,52.447],[5.87138,52.44786],[5.87434,52.44976],[5.87477,52.4507],[5.87644,52.45191],[5.87761,52.45312],[5.87465,52.45421],[5.87407,52.45566],[5.87255,52.45524],[5.87203,52.45669],[5.87147,52.4566],[5.87136,52.45779],[5.86786,52.45897],[5.86303,52.46096],[5.86484,52.46206],[5.86342,52.46241],[5.86227,52.46134],[5.85901,52.46251],[5.85371,52.46494],[5.85056,52.46666],[5.84841,52.46722],[5.84498,52.46986],[5.84236,52.47055],[5.85022,52.48561],[5.8511,52.4914],[5.85218,52.49481],[5.85822,52.50027],[5.86455,52.51581],[5.86644,52.51776],[5.8658,52.51866],[5.87621,52.52203],[5.87891,52.52167],[5.88728,52.51691],[5.90158,52.50568],[5.91023,52.49719],[5.92085,52.48255]]]]}},{"type":"Feature","properties":{"code":"GM0273","name":"Putten"},"geometry":{"type":"MultiPolygon","coordinates":[[[[5.54808,52.29181],[5.55134,52.2901],[5.55201,52.29036],[5.5538,52.28836],[5.55291,52.28792],[5.55527,52.2867],[5.56616,52.28522],[5.56629,52.28523],[5.57647,52.28241],[5.57651,52.28223],[5.57663,52.28219],[5.577,52.28229],[5.57716,52.28222],[5.5774,52.28232],[5.5782,52.28185],[5.58754,52.27881],[5.59325,52.27825],[5.59788,52.27866],[5.60289,52.27841],[5.61066,52.27726],[5.61152,52.2764],[5.61105,52.27569],[5.61222,52.27532],[5.61698,52.27506],[5.61902,52.27552],[5.6209,52.27563],[5.63591,52.2727],[5.63921,52.27186],[5.64206,52.27069],[5.64882,52.26699],[5.67551,52.25121],[5.67716,52.24969],[5.68142,52.24175],[5.68364,52.24062],[5.68127,52.22534],[5.67086,52.22397],[5.66552,52.2227],[5.65766,52.21917],[5.64636,52.21408],[5.63327,52.20817],[5.60797,52.20509],[5.60773,52.20506],[5.54992,52.20234],[5.54955,52.20365],[5.54135,52.21228],[5.53985,52.21213],[5.53961,52.21317],[5.54042,52.21325],[5.53622,52.2176],[5.53459,52.2193],[5.53315,52.2191],[5.52694,52.22304],[5.52302,52.2273],[5.52349,52.2275],[5.5194,52.23062],[5.51751,52.23096],[5.51768,52.23141],[5.51488,52.23114],[5.51557,52.23413],[5.51502,52.23435],[5.51277,52.23469],[5.51297,52.23573],[5.51025,52.23533],[5.511,52.23381],[5.51033,52.23284],[5.50815,52.23251],[5.50644,52.23159],[5.50171,52.23296],[5.50099,52.23412],[5.49938,52.23388],[5.49739,52.23637],[5.49608,52.23628],[5.49001,52.23583],[5.48788,52.2366],[5.48369,52.23924],[5.48133,52.24339],[5.47419,52.25647],[5.47854,52.25743],[5.47862,52.25782],[5.48841,52.26254],[5.5019,52.26448],[5.50555,52.26476],[5.52744,52.26368],[5.52821,52.26426],[5.52608,52.2648],[5.52875,52.26484],[5.53082,52.26606],[5.53159,52.26769],[5.53061,52.26917],[5.53104,52.27156],[5.53117,52.27156],[5.5316,52.26911],[5.53331,52.26901],[5.53481,52.27057],[5.53312,52.27124],[5.53163,52.2714],[5.53163,52.27148],[5.53352,52.27175],[5.53458,52.27125],[5.53577,52.27143],[5.54101,52.27917],[5.54808,52.29181]]]]}},{"type":"Feature","properties":{"code":"GM0274","name":"Renkum"},"geometry":{"type":"MultiPolygon","coordinates":[[[[5.81337,52.02407],[5.80834,52.01876],[5.80723,52.0117],[5.80296,52.00405],[5.82034,52.00081],[5.83381,51.99872],[5.8474,51.99832],[5.85619,51.99611],[5.86371,51.99577],[5.86256,51.99122],[5.8647,51.99108],[5.86376,51.98754],[5.86376,51.98754],[5.86316,51.98533],[5.86527,51.98456],[5.86622,51.98401],[5.86737,51.98029],[5.86374,51.97796],[5.86472,51.97627],[5.86687,51.9753],[5.86919,51.97599],[5.87086,51.97511],[5.86714,51.97195],[5.86418,51.9705],[5.85947,51.96955],[5.85436,51.96983],[5.8543,51.96984],[5.84403,51.9725],[5.83534,51.97356],[5.82543,51.97323],[5.81839,51.9719],[5.81075,51.96925],[5.78677,51.96016],[5.78246,51.95917],[5.77761,51.95913],[5.77215,51.96016],[5.7619,51.96353],[5.7463,51.97002],[5.74161,51.97011],[5.73077,51.96797],[5.72261,51.96405],[5.72089,51.9669],[5.71768,51.96682],[5.71364,51.96814],[5.71364,51.96814],[5.71849,51.97448],[5.71778,51.97538],[5.72116,51.98092],[5.71664,51.98144],[5.72046,51.99101],[5.72436,52.00071],[5.73278,52.00074],[5.73588,52.00232],[5.73414,52.00642],[5.73757,52.00716],[5.73881,52.00814],[5.73928,52.01017],[5.73818,52.01229],[5.74116,52.01644],[5.74514,52.01977],[5.74736,52.02002],[5.75657,52.02106],[5.76988,52.02154],[5.77047,52.02116],[5.77089,52.02158],[5.77766,52.02188],[5.79814,52.02202],[5.80363,52.02068],[5.80422,52.02114],[5.80243,52.02236],[5.81337,52.02407]]]]}},{"type":"Feature","properties":{"code":"GM0275","name":"Rheden"},"geometry":{"type":"MultiPolygon","coordinates":[[[[6.07743,52.08362],[6.07769,52.08353],[6.08075,52.08383],[6.08135,52.0823],[6.08457,52.0817],[6.08526,52.08157],[6.08526,52.08157],[6.09808,52.07917],[6.10342,52.07814],[6.11062,52.07397],[6.11408,52.07148],[6.11526,52.06917],[6.1157,52.06823],[6.12098,52.06859],[6.11995,52.06676],[6.12277,52.06323],[6.12872,52.06428],[6.12882,52.0628],[6.13208,52.06275],[6.13259,52.06186],[6.13575,52.06206],[6.13643,52.06039],[6.13535,52.05973],[6.13747,52.05918],[6.13207,52.05573],[6.12306,52.05254],[6.11576,52.04875],[6.1116,52.0447],[6.11088,52.04162],[6.11172,52.03925],[6.1133,52.03767],[6.11685,52.03588],[6.1215,52.03462],[6.12695,52.03245],[6.13073,52.0291],[6.13227,52.02517],[6.13103,52.02086],[6.12974,52.0193],[6.12764,52.0167],[6.1274,52.01271],[6.12596,52.01013],[6.12234,52.00735],[6.11477,52.00457],[6.11228,51.99897],[6.10959,51.99644],[6.109,51.99614],[6.10343,51.99452],[6.09375,51.99279],[6.08792,51.99343],[6.08462,51.9948],[6.07803,52.00131],[6.07766,52.00379],[6.07885,52.00713],[6.07762,52.00962],[6.07408,52.01193],[6.06828,52.01417],[6.06438,52.01497],[6.06409,52.015],[6.05744,52.01402],[6.04807,52.00979],[6.04575,52.00756],[6.04462,52.00399],[6.04309,52.00224],[6.03322,51.99721],[6.02779,51.99584],[6.02032,51.99691],[6.01533,51.99687],[6.01039,51.99473],[6.00655,51.99128],[6.00488,51.98682],[6.00197,51.98065],[5.99828,51.97706],[5.99034,51.97441],[5.98501,51.9789],[5.98093,51.98132],[5.97124,51.9847],[5.96383,51.98705],[5.96094,51.98849],[5.95519,51.99336],[5.95537,51.99361],[5.95361,51.995],[5.95153,51.99964],[5.9578,52.00088],[5.96327,52.00038],[5.97451,52.00284],[5.97581,52.00445],[5.97888,52.00907],[5.97986,52.01354],[5.97918,52.01648],[5.98046,52.0184],[5.99413,52.0245],[5.9958,52.02622],[5.9948,52.02778],[5.98712,52.0411],[5.98165,52.04809],[5.97796,52.05439],[5.98897,52.05507],[5.99822,52.05406],[6.00016,52.05439],[6.00395,52.05675],[6.00604,52.06213],[6.00608,52.06635],[6.00964,52.066],[6.02374,52.06728],[6.02803,52.06902],[6.04361,52.07866],[6.05923,52.08558],[6.06177,52.08649],[6.06767,52.08821],[6.06784,52.08823],[6.06806,52.08824],[6.0761,52.0875],[6.0771,52.08388],[6.07728,52.08384],[6.07743,52.08362]]]]}},{"type":"Feature","properties":{"code":"GM0277","name":"Rozendaal"},"geometry":{"type":"MultiPolygon","coordinates":[[[[6.00395,52.05675],[6.00016,52.05439],[5.99822,52.05406],[5.98897,52.05507],[5.97796,52.05439],[5.98165,52.04809],[5.98712,52.0411],[5.9948,52.02778],[5.9958,52.02622],[5.99413,52.0245],[5.98046,52.0184],[5.97918,52.01648],[5.97986,52.01354],[5.97888,52.00907],[5.97581,52.00445],[5.97451,52.00284],[5.96327,52.00038],[5.9578,52.00088],[5.95153,51.99964],[5.95097,52.00135],[5.94982,52.00411],[5.94769,52.00688],[5.94331,52.01013],[5.94605,52.0105],[5.9424,52.01083],[5.9414,52.01149],[5.9371,52.04853],[5.94325,52.0623],[5.95593,52.07334],[5.96465,52.07632],[5.97704,52.07831],[5.99048,52.07916],[6.00885,52.07401],[6.00899,52.07166],[6.00608,52.06635],[6.00604,52.06213],[6.00395,52.05675]]]]}},{"type":"Feature","properties":{"code":"GM0279","name":"Scherpenzeel"},"geometry":{"type":"MultiPolygon","coordinates":[[[[5.51738,52.10063],[5.51937,52.10049],[5.52319,52.10432],[5.52516,52.10075],[5.53154,52.10227],[5.53282,52.09998],[5.53916,52.09781],[5.53883,52.09644],[5.53508,52.09287],[5.53829,52.09269],[5.53712,52.08864],[5.53086,52.08977],[5.52663,52.0849],[5.53131,52.08394],[5.53114,52.08228],[5.5269,52.08068],[5.52265,52.07754],[5.52036,52.07831],[5.51941,52.07921],[5.51445,52.0788],[5.50992,52.07905],[5.51036,52.07806],[5.50911,52.07698],[5.50684,52.07675],[5.505,52.07674],[5.50492,52.07599],[5.50458,52.07335],[5.50209,52.07335],[5.49988,52.07134],[5.49613,52.07168],[5.49407,52.07191],[5.4907,52.07141],[5.48828,52.07039],[5.48589,52.07026],[5.48436,52.06945],[5.47636,52.07265],[5.47366,52.07313],[5.4709,52.07469],[5.46737,52.07549],[5.46644,52.0761],[5.46565,52.07829],[5.46133,52.07931],[5.45924,52.08023],[5.46015,52.08095],[5.45968,52.082],[5.4613,52.08265],[5.46337,52.08344],[5.46405,52.08306],[5.4679,52.08596],[5.47149,52.0882],[5.47184,52.0893],[5.47295,52.08911],[5.47472,52.09022],[5.47678,52.09038],[5.48311,52.09275],[5.48608,52.09366],[5.48474,52.09662],[5.48527,52.0991],[5.4843,52.10554],[5.49386,52.1111],[5.50096,52.11087],[5.50207,52.10974],[5.5072,52.10795],[5.5104,52.10784],[5.51252,52.1061],[5.51549,52.10173],[5.51738,52.10063]]]]}},{"type":"Feature","properties":{"code":"GM0281","name":"Tiel"},"geometry":{"type":"MultiPolygon","coordinates":[[[[5.45338,51.92276],[5.45392,51.92052],[5.46164,51.92162],[5.46263,51.9209],[5.46361,51.92132],[5.46973,51.91988],[5.46872,51.91852],[5.46978,51.91812],[5.46723,51.91477],[5.46801,51.91478],[5.47058,51.91144],[5.47215,51.91172],[5.47245,51.90807],[5.45877,51.90489],[5.45657,51.90481],[5.45561,51.90445],[5.45604,51.9037],[5.45644,51.90303],[5.45554,51.90282],[5.45885,51.8975],[5.46097,51.89365],[5.46357,51.89134],[5.46392,51.88901],[5.45343,51.88744],[5.44498,51.8842],[5.43605,51.87902],[5.43481,51.87815],[5.43334,51.87705],[5.42298,51.86642],[5.41782,51.85809],[5.41523,51.8518],[5.40957,51.8537],[5.4081,51.85439],[5.40793,51.85441],[5.39978,51.85457],[5.39524,51.85293],[5.37962,51.86151],[5.37841,51.8634],[5.37312,51.86145],[5.36007,51.85836],[5.34929,51.85843],[5.34276,51.8568],[5.33889,51.85759],[5.33853,51.85826],[5.32829,51.85702],[5.32808,51.85926],[5.32836,51.85941],[5.32809,51.86452],[5.33658,51.86997],[5.33902,51.87403],[5.34166,51.87349],[5.34407,51.87494],[5.34487,51.87746],[5.34985,51.87722],[5.35147,51.87816],[5.35378,51.87807],[5.36906,51.88536],[5.38276,51.89204],[5.39261,51.89684],[5.39982,51.89858],[5.40422,51.90399],[5.40432,51.90507],[5.40807,51.90644],[5.40954,51.90777],[5.41126,51.91201],[5.4133,51.91281],[5.41802,51.9133],[5.42075,51.91485],[5.4238,51.91735],[5.42735,51.9185],[5.4317,51.91846],[5.43328,51.91943],[5.43377,51.91982],[5.43511,51.92067],[5.4438,51.92142],[5.44698,51.92057],[5.4496,51.92183],[5.45338,51.92276]]]]}},{"type":"Feature","properties":{"code":"GM0285","name":"Voorst"},"geometry":{"type":"MultiPolygon","coordinates":[[[[6.06653,52.31781],[6.07184,52.31719],[6.07378,52.31774],[6.07969,52.31764],[6.08099,52.3119],[6.0844,52.31145],[6.08293,52.30712],[6.08347,52.30329],[6.08389,52.30333],[6.0842,52.30221],[6.08396,52.30216],[6.08413,52.30157],[6.08623,52.3019],[6.08813,52.30038],[6.0909,52.29999],[6.09919,52.30013],[6.09874,52.30116],[6.10132,52.30122],[6.10587,52.29241],[6.11132,52.28821],[6.11127,52.28072],[6.11237,52.27831],[6.12111,52.27203],[6.12298,52.26926],[6.12363,52.26504],[6.12606,52.26245],[6.13007,52.26069],[6.12515,52.25683],[6.12364,52.25369],[6.12387,52.25148],[6.12647,52.25065],[6.13541,52.24961],[6.13877,52.2478],[6.14337,52.24645],[6.14451,52.24712],[6.14942,52.24797],[6.15002,52.24832],[6.15343,52.247],[6.1542,52.24587],[6.15385,52.24431],[6.15117,52.24253],[6.14467,52.23941],[6.14224,52.23846],[6.14176,52.2371],[6.14171,52.23417],[6.14308,52.23162],[6.14768,52.22769],[6.15651,52.22569],[6.16015,52.22522],[6.16217,52.22417],[6.16399,52.22165],[6.16262,52.21836],[6.16407,52.21744],[6.16538,52.21751],[6.16753,52.21884],[6.16865,52.22069],[6.16528,52.22284],[6.16572,52.2235],[6.1625,52.22792],[6.16787,52.22634],[6.16844,52.22728],[6.16303,52.22852],[6.16627,52.23101],[6.16968,52.22949],[6.17398,52.22596],[6.18082,52.22316],[6.18925,52.21727],[6.19072,52.21436],[6.19105,52.21058],[6.1896,52.20773],[6.18404,52.2043],[6.17837,52.2033],[6.17212,52.20121],[6.16143,52.20109],[6.1582,52.19974],[6.15636,52.19734],[6.15635,52.1936],[6.15903,52.19009],[6.16144,52.18936],[6.1654,52.18983],[6.16953,52.18909],[6.18114,52.18137],[6.18891,52.1797],[6.19155,52.17844],[6.19362,52.17645],[6.19436,52.17432],[6.1928,52.1698],[6.19151,52.16764],[6.18675,52.16449],[6.18468,52.16122],[6.17258,52.16133],[6.17259,52.16183],[6.16722,52.16206],[6.16699,52.16112],[6.15982,52.16154],[6.15502,52.16026],[6.15358,52.15962],[6.14414,52.15937],[6.14249,52.15919],[6.14228,52.15883],[6.14082,52.15869],[6.14034,52.15863],[6.13952,52.15851],[6.10613,52.15219],[6.09942,52.1506],[6.07607,52.14394],[6.07437,52.1473],[6.07473,52.14816],[6.07267,52.15007],[6.06738,52.15391],[6.06426,52.15739],[6.06642,52.16152],[6.06581,52.16465],[6.06563,52.16534],[6.06286,52.17089],[6.06266,52.17128],[6.06245,52.17171],[6.06136,52.17395],[6.05979,52.17622],[6.05535,52.17949],[6.05381,52.18135],[6.05164,52.18214],[6.05013,52.18329],[6.04939,52.18521],[6.05097,52.18714],[6.05107,52.18875],[6.05317,52.19261],[6.05387,52.195],[6.05609,52.19606],[6.05824,52.19594],[6.05825,52.19617],[6.05729,52.19666],[6.05375,52.20088],[6.05024,52.21002],[6.04791,52.213],[6.04824,52.21642],[6.04684,52.22039],[6.04691,52.22137],[6.04241,52.22247],[6.0409,52.22413],[6.03546,52.22448],[6.03342,52.22408],[6.03446,52.22779],[6.03424,52.23135],[6.03364,52.23152],[6.03497,52.23139],[6.03604,52.23192],[6.03441,52.23431],[6.03255,52.23559],[6.02847,52.23904],[6.02833,52.24168],[6.02651,52.2429],[6.02893,52.24439],[6.02789,52.24486],[6.0284,52.24539],[6.02734,52.24581],[6.0248,52.24894],[6.02847,52.24866],[6.03116,52.2531],[6.03177,52.25855],[6.03429,52.2581],[6.03515,52.25831],[6.03566,52.25931],[6.0358,52.25951],[6.03651,52.25949],[6.03749,52.26092],[6.03768,52.26361],[6.03485,52.26552],[6.0364,52.26853],[6.04023,52.26818],[6.04311,52.26892],[6.04293,52.27005],[6.04126,52.27166],[6.04245,52.27367],[6.04345,52.27561],[6.04335,52.27873],[6.04059,52.28322],[6.03484,52.29247],[6.03476,52.2948],[6.03708,52.29889],[6.04653,52.31565],[6.05112,52.3237],[6.05276,52.32595],[6.05295,52.33091],[6.07368,52.33057],[6.07168,52.32465],[6.07071,52.32188],[6.06739,52.32141],[6.06609,52.32025],[6.06653,52.31781]]]]}},{"type":"Feature","properties":{"code":"GM0289","name":"Wageningen"},"geometry":{"type":"MultiPolygon","coordinates":[[[[5.72046,51.99101],[5.71664,51.98144],[5.72116,51.98092],[5.71778,51.97538],[5.71849,51.97448],[5.71364,51.96814],[5.71364,51.96814],[5.71768,51.96682],[5.72089,51.9669],[5.72261,51.96405],[5.7215,51.96387],[5.70663,51.96271],[5.68192,51.95916],[5.67655,51.95757],[5.6697,51.95382],[5.66599,51.9528],[5.66219,51.95264],[5.65376,51.95391],[5.64892,51.954],[5.64426,51.95235],[5.64622,51.95058],[5.64962,51.95002],[5.6453,51.94668],[5.64509,51.94488],[5.64064,51.93958],[5.63963,51.93826],[5.63623,51.93669],[5.63029,51.93641],[5.62786,51.93719],[5.62277,51.93977],[5.61789,51.94135],[5.60594,51.94312],[5.61643,51.94935],[5.62044,51.94832],[5.62016,51.9515],[5.62345,51.95195],[5.62503,51.95161],[5.62731,51.95247],[5.6265,51.95737],[5.62321,51.96256],[5.62026,51.96658],[5.62486,51.97045],[5.62606,51.97407],[5.61989,51.97771],[5.61506,51.98272],[5.61381,51.99034],[5.60997,51.99369],[5.60602,51.99416],[5.60683,51.99742],[5.61449,51.99965],[5.61931,51.99274],[5.62495,51.99514],[5.62725,51.99314],[5.6333,51.9952],[5.63722,51.99192],[5.65394,51.99516],[5.65542,51.99331],[5.66284,51.99495],[5.66453,51.99413],[5.6696,51.99467],[5.67254,51.99352],[5.67537,51.99095],[5.6783,51.9914],[5.68269,51.99255],[5.68309,51.99391],[5.68472,51.99393],[5.68762,51.99456],[5.68888,51.99492],[5.72436,52.00071],[5.72046,51.99101]]]]}},{"type":"Feature","properties":{"code":"GM0293","name":"Westervoort"},"geometry":{"type":"MultiPolygon","coordinates":[[[[5.97491,51.94162],[5.97035,51.93933],[5.96926,51.93956],[5.96578,51.93877],[5.96179,51.93879],[5.96029,51.94378],[5.95523,51.94875],[5.95011,51.95423],[5.94939,51.959],[5.95243,51.96457],[5.95949,51.96947],[5.96363,51.97114],[5.96841,51.97208],[5.99034,51.97441],[5.99828,51.97706],[6.00197,51.98065],[6.00314,51.98026],[6.00173,51.97755],[6.00043,51.97617],[5.99619,51.97396],[5.99155,51.97266],[5.984,51.9724],[5.98664,51.9685],[5.98526,51.96396],[5.9877,51.96291],[5.98684,51.96227],[5.987,51.95991],[5.98553,51.95513],[5.98484,51.95168],[5.98758,51.95044],[5.98457,51.94691],[5.98617,51.94636],[5.98436,51.94302],[5.97998,51.94294],[5.97491,51.94162]]]]}},{"type":"Feature","properties":{"code":"GM0294","name":"Winterswijk"},"geometry":{"type":"MultiPolygon","coordinates":[[[[6.75298,52.02841],[6.76409,52.02231],[6.76631,52.01878],[6.77168,52.01797],[6.81141,51.9981],[6.8078,51.99497],[6.82661,51.99353],[6.83035,51.98619],[6.82963,51.97939],[6.83023,51.97641],[6.83231,51.97435],[6.8328,51.97181],[6.83243,51.97004],[6.82853,51.96411],[6.81384,51.96363],[6.81246,51.96183],[6.79887,51.95872],[6.79624,51.94398],[6.79727,51.94255],[6.79399,51.93529],[6.78598,51.93119],[6.78894,51.92966],[6.77004,51.9162],[6.76599,51.91607],[6.76048,51.91412],[6.75727,51.91382],[6.75403,51.91262],[6.7544,51.91007],[6.75206,51.90855],[6.75126,51.90724],[6.74554,51.90572],[6.73713,51.90468],[6.7325,51.89872],[6.72197,51.89606],[6.70322,51.9064],[6.7038,51.90941],[6.70272,51.90981],[6.69982,51.90906],[6.69767,51.90987],[6.69535,51.91587],[6.69265,51.91472],[6.68425,51.9161],[6.68422,51.91759],[6.67479,51.91594],[6.66873,51.91386],[6.66699,51.91431],[6.66429,51.91648],[6.66294,51.91574],[6.66101,51.9156],[6.66059,51.91671],[6.66161,51.91691],[6.66077,51.91837],[6.66284,51.91851],[6.66313,51.91979],[6.66172,51.92035],[6.66218,51.92054],[6.66068,51.92223],[6.65803,51.92433],[6.65799,51.92603],[6.65907,51.92584],[6.659,51.92902],[6.65787,51.92911],[6.6576,51.92845],[6.65665,51.93018],[6.65365,51.93027],[6.65326,51.92911],[6.65129,51.92854],[6.64948,51.92891],[6.64694,51.92939],[6.64597,51.92961],[6.63918,51.93247],[6.63415,51.9353],[6.63422,51.93737],[6.63201,51.93782],[6.63371,51.93972],[6.63432,51.94501],[6.63374,51.94586],[6.63307,51.94769],[6.62907,51.95009],[6.63923,51.9594],[6.63892,51.96255],[6.63788,51.96499],[6.64253,51.96582],[6.6456,51.96886],[6.6556,51.97554],[6.65462,51.97632],[6.65706,51.97755],[6.65516,51.97933],[6.65271,51.99753],[6.65336,51.99993],[6.65446,52.00291],[6.65524,52.00464],[6.65817,52.01118],[6.65581,52.01356],[6.65665,52.01481],[6.65853,52.01423],[6.66175,52.01555],[6.66238,52.01741],[6.67206,52.0229],[6.67773,52.02838],[6.67961,52.02869],[6.68067,52.028],[6.68357,52.0282],[6.68785,52.03986],[6.71413,52.04006],[6.75298,52.02841]]]]}},{"type":"Feature","properties":{"code":"GM0296","name":"Wijchen"},"geometry":{"type":"MultiPolygon","coordinates":[[[[5.76473,51.83229],[5.75762,51.82399],[5.77133,51.82306],[5.77406,51.82159],[5.77471,51.82055],[5.77472,51.82053],[5.7813,51.80983],[5.79043,51.80202],[5.79225,51.79893],[5.79437,51.79731],[5.79608,51.79814],[5.80095,51.79515],[5.79598,51.79188],[5.78066,51.7842],[5.77859,51.78407],[5.77499,51.78377],[5.76947,51.78519],[5.76854,51.78257],[5.74641,51.77884],[5.74146,51.77876],[5.74054,51.7779],[5.73701,51.77835],[5.73404,51.7799],[5.73369,51.77794],[5.7322,51.77818],[5.72974,51.77285],[5.7219,51.77483],[5.71123,51.77503],[5.70598,51.77625],[5.70231,51.77814],[5.6965,51.78547],[5.69372,51.78774],[5.68579,51.79119],[5.6741,51.79245],[5.66841,51.79292],[5.66335,51.79453],[5.65749,51.79803],[5.65391,51.80115],[5.6499,51.80614],[5.64657,51.81303],[5.64422,51.81604],[5.6413,51.81789],[5.63521,51.81954],[5.6259,51.81923],[5.62216,51.81921],[5.61781,51.82006],[5.60623,51.8253],[5.59798,51.82805],[5.59954,51.82912],[5.60307,51.82828],[5.60896,51.83099],[5.60785,51.83312],[5.60986,51.83394],[5.60663,51.83569],[5.60983,51.83627],[5.62314,51.84047],[5.6432,51.84499],[5.63593,51.84746],[5.63787,51.84889],[5.63535,51.85112],[5.64012,51.85603],[5.63618,51.86736],[5.65823,51.86655],[5.66785,51.86593],[5.67077,51.86456],[5.67218,51.86204],[5.67957,51.86053],[5.67826,51.85857],[5.68164,51.85688],[5.68017,51.85512],[5.6805,51.85387],[5.68437,51.8492],[5.68482,51.84878],[5.68136,51.84868],[5.68173,51.84626],[5.6774,51.84626],[5.67811,51.84315],[5.71564,51.83971],[5.71763,51.83952],[5.73204,51.83798],[5.74693,51.83527],[5.76473,51.83229]]]]}},{"type":"Feature","properties":{"code":"GM0297","name":"Zaltbommel"},"geometry":{"type":"MultiPolygon","coordinates":[[[[5.11836,51.81791],[5.12176,51.81661],[5.12734,51.81516],[5.13491,51.81422],[5.14045,51.81409],[5.1487,51.81502],[5.15928,51.81648],[5.17064,51.81703],[5.17674,51.81635],[5.19512,51.81151],[5.20327,51.81024],[5.21288,51.81005],[5.2207,51.8109],[5.23546,51.81448],[5.23742,51.81502],[5.24718,51.81712],[5.27951,51.82074],[5.28172,51.82121],[5.2847,51.81743],[5.28326,51.81699],[5.28296,51.81225],[5.28085,51.8104],[5.28448,51.80654],[5.28309,51.80607],[5.28387,51.80515],[5.28371,51.80326],[5.28101,51.80192],[5.28817,51.80018],[5.28844,51.79957],[5.28627,51.79914],[5.27631,51.79521],[5.26645,51.79312],[5.26829,51.78336],[5.26992,51.77433],[5.26252,51.77465],[5.26256,51.77382],[5.25964,51.77389],[5.25174,51.77242],[5.24886,51.77124],[5.2402,51.77101],[5.23744,51.77196],[5.23344,51.77082],[5.23157,51.77063],[5.21446,51.76862],[5.21113,51.76926],[5.2066,51.76905],[5.1959,51.76744],[5.19199,51.76745],[5.19241,51.76646],[5.19005,51.76565],[5.1839,51.76609],[5.18151,51.76642],[5.18065,51.76656],[5.17386,51.76409],[5.17513,51.76253],[5.17457,51.76107],[5.17967,51.75924],[5.18352,51.75582],[5.18495,51.75364],[5.18572,51.75065],[5.18444,51.74586],[5.18502,51.7458],[5.1857,51.74192],[5.17726,51.74292],[5.16884,51.74307],[5.1635,51.7427],[5.12805,51.73761],[5.12661,51.73793],[5.12598,51.73963],[5.12559,51.74323],[5.12634,51.74502],[5.13811,51.75073],[5.14271,51.75521],[5.13765,51.75763],[5.13589,51.76032],[5.13635,51.76392],[5.13869,51.76745],[5.13965,51.77022],[5.13758,51.77291],[5.11864,51.77781],[5.11609,51.77892],[5.10897,51.78358],[5.10486,51.78573],[5.10028,51.78715],[5.09589,51.78765],[5.09144,51.78693],[5.0872,51.7851],[5.08195,51.78071],[5.07854,51.77956],[5.07425,51.77907],[5.06985,51.77955],[5.06697,51.78055],[5.06104,51.78528],[5.05712,51.7907],[5.05258,51.79529],[5.04815,51.79811],[5.04448,51.79933],[5.0386,51.80097],[5.02618,51.80397],[5.02425,51.80477],[5.01597,51.80822],[5.01243,51.81065],[5.01031,51.81301],[5.0101,51.81661],[5.00934,51.81751],[5.00036,51.82093],[5.013,51.82073],[5.02635,51.81886],[5.03512,51.8175],[5.03986,51.81732],[5.05073,51.81853],[5.07411,51.82582],[5.08245,51.82685],[5.08987,51.82664],[5.10098,51.82446],[5.11836,51.81791]]]]}},{"type":"Feature","properties":{"code":"GM0299","name":"Zevenaar"},"geometry":{"type":"MultiPolygon","coordinates":[[[[6.07803,52.00131],[6.08462,51.9948],[6.08792,51.99343],[6.09375,51.99279],[6.10343,51.99452],[6.109,51.99614],[6.10959,51.99644],[6.1105,51.99561],[6.11434,51.99681],[6.11445,51.99682],[6.13025,51.99709],[6.13609,51.99743],[6.13997,51.99707],[6.14182,51.99757],[6.14114,51.99858],[6.14983,52.00187],[6.15925,51.99974],[6.16308,51.99957],[6.16432,51.99899],[6.15994,51.99785],[6.15957,51.99603],[6.16189,51.99325],[6.16159,51.99075],[6.16048,51.98104],[6.14469,51.9805],[6.12921,51.97821],[6.12109,51.9734],[6.12234,51.97148],[6.11829,51.97054],[6.11236,51.96887],[6.10882,51.96717],[6.1052,51.9667],[6.09039,51.96784],[6.08951,51.96351],[6.09137,51.96292],[6.0911,51.94231],[6.09143,51.93872],[6.09415,51.93883],[6.09469,51.93672],[6.11265,51.9278],[6.12449,51.92229],[6.13843,51.91553],[6.14031,51.91547],[6.14143,51.91592],[6.14296,51.91846],[6.14371,51.91803],[6.14258,51.91543],[6.14333,51.91363],[6.15257,51.90887],[6.15478,51.91126],[6.15662,51.91123],[6.15719,51.90737],[6.16003,51.90475],[6.16286,51.90295],[6.16536,51.90234],[6.16677,51.90105],[6.16791,51.90094],[6.16563,51.8986],[6.16302,51.90114],[6.16229,51.90094],[6.15739,51.9051],[6.15623,51.90524],[6.15432,51.9052],[6.15405,51.90455],[6.13055,51.89986],[6.12567,51.8982],[6.11789,51.90166],[6.11482,51.89772],[6.11231,51.89894],[6.11154,51.89861],[6.10931,51.89583],[6.11018,51.89494],[6.10347,51.89248],[6.10633,51.89165],[6.1131,51.89257],[6.11822,51.89201],[6.12115,51.89107],[6.1223,51.89011],[6.1244,51.89015],[6.13011,51.88827],[6.13344,51.88648],[6.13713,51.8858],[6.13805,51.8836],[6.14361,51.87625],[6.1433,51.87498],[6.14455,51.87162],[6.14454,51.86974],[6.14843,51.86823],[6.15078,51.86619],[6.15611,51.86547],[6.16151,51.86299],[6.16692,51.86164],[6.16724,51.86096],[6.16437,51.85887],[6.16361,51.85344],[6.16564,51.85021],[6.16656,51.84072],[6.14749,51.8454],[6.13577,51.84717],[6.10723,51.8481],[6.09952,51.84939],[6.08956,51.8526],[6.07721,51.85924],[6.06349,51.86545],[6.05441,51.86911],[6.04628,51.87091],[6.03715,51.87542],[6.03058,51.88024],[6.0218,51.89632],[6.01453,51.90126],[5.99845,51.90664],[5.98706,51.91331],[5.98892,51.91396],[5.99276,51.91233],[5.99728,51.91307],[6.00033,51.91324],[6.01405,51.91643],[6.02699,51.91652],[6.03472,51.91385],[6.03746,51.91396],[6.0379,51.91472],[6.03884,51.91634],[6.04128,51.9158],[6.04184,51.91695],[6.04294,51.91681],[6.04346,51.91746],[6.04471,51.92012],[6.04351,51.9208],[6.046,51.9233],[6.0454,51.92409],[6.047,51.92533],[6.04628,51.92691],[6.04236,51.92777],[6.04572,51.9304],[6.0464,51.93],[6.04739,51.93033],[6.04902,51.93154],[6.05158,51.93104],[6.05303,51.94033],[6.05481,51.93994],[6.05646,51.94223],[6.06109,51.94566],[6.06046,51.94597],[6.06326,51.94908],[6.05267,51.9527],[6.05846,51.95831],[6.05999,51.96324],[6.06084,51.97448],[6.06727,51.97533],[6.06863,51.98048],[6.06215,51.98074],[6.06077,51.98186],[6.04723,51.98064],[6.04225,51.97901],[6.04297,51.97868],[6.03431,51.97135],[6.02689,51.97089],[6.02182,51.9782],[6.00988,51.97887],[6.00566,51.97909],[6.00173,51.97755],[6.00314,51.98026],[6.00197,51.98065],[6.00488,51.98682],[6.00655,51.99128],[6.01039,51.99473],[6.01533,51.99687],[6.02032,51.99691],[6.02779,51.99584],[6.03322,51.99721],[6.04309,52.00224],[6.04462,52.00399],[6.04575,52.00756],[6.04807,52.00979],[6.05744,52.01402],[6.06409,52.015],[6.06438,52.01497],[6.06828,52.01417],[6.07408,52.01193],[6.07762,52.00962],[6.07885,52.00713],[6.07766,52.00379],[6.07803,52.00131]]]]}},{"type":"Feature","properties":{"code":"GM0301","name":"Zutphen"},"geometry":{"type":"MultiPolygon","coordinates":[[[[6.19526,52.16562],[6.19871,52.16291],[6.20053,52.16492],[6.20722,52.16664],[6.21181,52.16307],[6.21583,52.16204],[6.21686,52.16178],[6.2172,52.1596],[6.21612,52.15859],[6.21867,52.15836],[6.21915,52.15608],[6.22307,52.15583],[6.22348,52.15384],[6.22845,52.15477],[6.22888,52.15535],[6.23164,52.15594],[6.23526,52.15543],[6.23797,52.14613],[6.24015,52.14605],[6.24435,52.14669],[6.24929,52.14745],[6.2511,52.14676],[6.26439,52.14708],[6.26603,52.14787],[6.26979,52.14996],[6.27454,52.14884],[6.2769,52.14947],[6.28015,52.14947],[6.28342,52.1483],[6.28644,52.14894],[6.29028,52.1494],[6.2957,52.14883],[6.29811,52.14982],[6.30092,52.14911],[6.30512,52.15067],[6.31529,52.15129],[6.324,52.15275],[6.32656,52.14739],[6.32831,52.13771],[6.31018,52.13156],[6.296,52.12827],[6.28262,52.12352],[6.2775,52.12169],[6.27159,52.11304],[6.2697,52.11161],[6.26661,52.11183],[6.25823,52.11027],[6.24472,52.11261],[6.24243,52.11253],[6.23592,52.11372],[6.23504,52.1128],[6.23388,52.11313],[6.23177,52.11115],[6.23242,52.11075],[6.22664,52.10941],[6.22578,52.10685],[6.22216,52.10673],[6.22451,52.10186],[6.22448,52.1002],[6.22016,52.10033],[6.21922,52.09255],[6.22169,52.08877],[6.22018,52.08958],[6.21948,52.08873],[6.21816,52.08959],[6.21849,52.09273],[6.217,52.09312],[6.21683,52.09443],[6.2192,52.09631],[6.2179,52.09788],[6.21768,52.10453],[6.21535,52.10897],[6.21325,52.11109],[6.21009,52.11269],[6.20621,52.11356],[6.19219,52.11421],[6.18909,52.11504],[6.18589,52.11836],[6.18589,52.12379],[6.18489,52.12467],[6.18252,52.12624],[6.18401,52.12912],[6.18364,52.13125],[6.18242,52.13255],[6.18355,52.13425],[6.17941,52.13558],[6.17987,52.13585],[6.17747,52.13696],[6.1791,52.1379],[6.1785,52.13821],[6.17901,52.13853],[6.17413,52.13943],[6.17505,52.14147],[6.17284,52.14237],[6.17214,52.14339],[6.1734,52.14497],[6.1685,52.14623],[6.16397,52.14635],[6.16203,52.14569],[6.15059,52.14398],[6.14286,52.14566],[6.14039,52.14835],[6.14064,52.15221],[6.14176,52.15471],[6.14197,52.1548],[6.1419,52.15497],[6.14208,52.1552],[6.14433,52.15694],[6.14468,52.15709],[6.14492,52.15721],[6.14742,52.158],[6.15916,52.15771],[6.17167,52.1528],[6.17677,52.15219],[6.1793,52.15226],[6.18161,52.15271],[6.18468,52.16122],[6.18675,52.16449],[6.19151,52.16764],[6.1928,52.1698],[6.19526,52.16562]]]]}},{"type":"Feature","properties":{"code":"GM0302","name":"Nunspeet"},"geometry":{"type":"MultiPolygon","coordinates":[[[[5.76296,52.40067],[5.7641,52.39872],[5.7687,52.39882],[5.77075,52.39552],[5.77654,52.3967],[5.77969,52.39827],[5.77982,52.39865],[5.78262,52.39947],[5.78602,52.39949],[5.78769,52.40006],[5.79078,52.39686],[5.80198,52.40004],[5.80801,52.40177],[5.81167,52.4028],[5.81205,52.40067],[5.81717,52.40157],[5.81787,52.39729],[5.82058,52.39693],[5.82058,52.39256],[5.8214,52.391],[5.83468,52.38199],[5.85005,52.37092],[5.86479,52.35966],[5.86845,52.36131],[5.87117,52.36131],[5.87601,52.35787],[5.875,52.35704],[5.86481,52.35133],[5.87426,52.34213],[5.88095,52.33519],[5.87621,52.33201],[5.87489,52.32966],[5.87552,52.32927],[5.87043,52.32331],[5.85099,52.30879],[5.84083,52.3044],[5.84119,52.29953],[5.84428,52.2949],[5.8457,52.28732],[5.85216,52.28009],[5.8515,52.27854],[5.84878,52.27683],[5.84817,52.27511],[5.85081,52.2687],[5.84272,52.26715],[5.82974,52.27128],[5.82143,52.27267],[5.80999,52.2703],[5.80223,52.2705],[5.79724,52.2697],[5.79246,52.26998],[5.78004,52.2706],[5.773,52.27035],[5.75126,52.26956],[5.74923,52.26827],[5.7465,52.27167],[5.74788,52.27199],[5.75549,52.27788],[5.75465,52.2826],[5.74602,52.28694],[5.74468,52.2882],[5.7443,52.29196],[5.74384,52.29805],[5.74818,52.30683],[5.74912,52.31001],[5.75075,52.31707],[5.74804,52.31783],[5.70617,52.32838],[5.71248,52.33185],[5.7128,52.33624],[5.71102,52.33873],[5.70546,52.33986],[5.70508,52.34287],[5.70484,52.34413],[5.70414,52.34685],[5.69906,52.3528],[5.69864,52.35581],[5.69873,52.35602],[5.69869,52.35673],[5.70066,52.35749],[5.69836,52.36059],[5.69711,52.36111],[5.69566,52.36076],[5.68002,52.37603],[5.67892,52.37884],[5.68347,52.37823],[5.69013,52.37897],[5.69463,52.38069],[5.69988,52.38125],[5.70335,52.38368],[5.70303,52.38448],[5.70328,52.38462],[5.7041,52.38412],[5.70479,52.3843],[5.70375,52.3849],[5.70423,52.38506],[5.70542,52.3843],[5.70663,52.38455],[5.70729,52.3853],[5.70709,52.38581],[5.70669,52.38601],[5.70657,52.38641],[5.70758,52.38594],[5.7079,52.38641],[5.70737,52.3868],[5.70766,52.38688],[5.70817,52.38672],[5.70955,52.3868],[5.70987,52.38747],[5.71148,52.3879],[5.71277,52.38775],[5.71602,52.38773],[5.72247,52.39077],[5.72402,52.39084],[5.7263,52.39203],[5.72783,52.39396],[5.73092,52.39521],[5.73164,52.39471],[5.73539,52.39608],[5.73482,52.39679],[5.7377,52.39797],[5.73997,52.39766],[5.75033,52.40378],[5.75528,52.40527],[5.75691,52.40687],[5.75923,52.40459],[5.7594,52.40302],[5.76296,52.40067]]]]}},{"type":"Feature","properties":{"code":"GM0303","name":"Dronten"},"geometry":{"type":"MultiPolygon","coordinates":[[[[5.75988,52.57961],[5.76089,52.58155],[5.76396,52.58121],[5.76143,52.58108],[5.76103,52.57933],[5.76741,52.5793],[5.78339,52.57982],[5.804,52.57968],[5.80902,52.57894],[5.81282,52.57746],[5.85173,52.55122],[5.85384,52.54721],[5.85496,52.54508],[5.85542,52.54562],[5.85575,52.54615],[5.85604,52.54615],[5.85581,52.54525],[5.85627,52.54514],[5.85651,52.54585],[5.85702,52.54587],[5.8576,52.54565],[5.85772,52.54518],[5.85787,52.5446],[5.85695,52.54403],[5.85676,52.54437],[5.85656,52.54471],[5.85616,52.54479],[5.85554,52.54459],[5.85569,52.54411],[5.8566,52.54381],[5.85608,52.54351],[5.85564,52.54383],[5.85529,52.5438],[5.85498,52.54304],[5.85682,52.52037],[5.85753,52.5202],[5.85753,52.51919],[5.85691,52.5192],[5.857,52.5182],[5.85547,52.51685],[5.85277,52.50889],[5.85298,52.50598],[5.84755,52.49345],[5.81611,52.45885],[5.81639,52.45771],[5.81742,52.4573],[5.81738,52.45726],[5.81629,52.45761],[5.81516,52.45636],[5.81445,52.45673],[5.81233,52.45662],[5.80378,52.44586],[5.80272,52.4462],[5.79984,52.44146],[5.79727,52.43962],[5.79706,52.43883],[5.78133,52.43089],[5.77791,52.42834],[5.77578,52.42791],[5.75726,52.41898],[5.74701,52.41458],[5.74521,52.41466],[5.7446,52.41405],[5.74485,52.41516],[5.74234,52.4153],[5.74202,52.41454],[5.74382,52.41375],[5.74178,52.4136],[5.73978,52.41531],[5.72651,52.41697],[5.72011,52.41614],[5.66147,52.39794],[5.64525,52.39073],[5.64448,52.38992],[5.64516,52.38924],[5.64384,52.38925],[5.64476,52.38854],[5.63931,52.38732],[5.63736,52.38574],[5.63671,52.38619],[5.63542,52.38501],[5.63622,52.38415],[5.6357,52.38395],[5.63454,52.38478],[5.63264,52.38405],[5.63439,52.38257],[5.63231,52.38392],[5.6252,52.38032],[5.62334,52.37661],[5.6208,52.37592],[5.61613,52.37172],[5.61678,52.37078],[5.61519,52.37084],[5.61474,52.37057],[5.61467,52.37053],[5.61356,52.37104],[5.61185,52.37469],[5.61719,52.38478],[5.62298,52.4088],[5.6184,52.40857],[5.58907,52.41119],[5.588,52.41477],[5.56664,52.43586],[5.5738,52.43879],[5.58197,52.44559],[5.58639,52.44771],[5.57278,52.46245],[5.56542,52.47028],[5.60587,52.48452],[5.59136,52.49996],[5.58815,52.51339],[5.58806,52.51377],[5.58806,52.51377],[5.59128,52.51412],[5.58831,52.54919],[5.58741,52.56346],[5.57289,52.59616],[5.62832,52.60536],[5.64155,52.61055],[5.64932,52.61466],[5.65004,52.61559],[5.65121,52.61477],[5.64198,52.60985],[5.63997,52.60787],[5.65081,52.59932],[5.65477,52.59734],[5.72555,52.58644],[5.73024,52.58573],[5.75571,52.58189],[5.75676,52.58128],[5.75683,52.58064],[5.75693,52.57958],[5.75988,52.57961]]],[[[5.85873,52.51981],[5.85958,52.51986],[5.86286,52.52091],[5.86351,52.52035],[5.85877,52.51906],[5.85873,52.51981]]],[[[5.85921,52.52041],[5.85863,52.52457],[5.85863,52.52457],[5.85864,52.52458],[5.86055,52.52594],[5.86154,52.52563],[5.86263,52.52335],[5.86205,52.52186],[5.86038,52.52136],[5.86003,52.5203],[5.85921,52.52041]]],[[[5.73959,52.59103],[5.73542,52.59396],[5.73413,52.59675],[5.73484,52.60229],[5.74186,52.60475],[5.75057,52.60388],[5.75492,52.60202],[5.75793,52.59075],[5.75662,52.58834],[5.73959,52.59103]]]]}},{"type":"Feature","properties":{"code":"GM0307","name":"Amersfoort"},"geometry":{"type":"MultiPolygon","coordinates":[[[[5.39552,52.21915],[5.40722,52.21341],[5.40967,52.21858],[5.43471,52.20588],[5.43924,52.2046],[5.43982,52.20598],[5.44057,52.20584],[5.44019,52.20463],[5.44112,52.20432],[5.43945,52.2022],[5.43977,52.19727],[5.43977,52.19724],[5.43971,52.19608],[5.4401,52.19005],[5.43809,52.18459],[5.43904,52.18413],[5.44009,52.17338],[5.43892,52.17292],[5.43988,52.1712],[5.44359,52.16883],[5.44654,52.16802],[5.45762,52.16708],[5.46963,52.16621],[5.47992,52.16582],[5.47895,52.16474],[5.47551,52.16438],[5.47327,52.16326],[5.47243,52.16285],[5.47287,52.16185],[5.47552,52.16216],[5.4792,52.16136],[5.48212,52.1598],[5.48201,52.15955],[5.4815,52.1583],[5.48432,52.15806],[5.48407,52.15535],[5.48377,52.15398],[5.48134,52.1505],[5.47675,52.15222],[5.46986,52.15285],[5.45958,52.15288],[5.45595,52.15435],[5.44698,52.15954],[5.44496,52.1599],[5.44246,52.16145],[5.43895,52.16139],[5.43194,52.15876],[5.42355,52.15762],[5.41784,52.15479],[5.41621,52.15092],[5.41401,52.14831],[5.41377,52.14803],[5.40834,52.14265],[5.40939,52.14039],[5.40756,52.14196],[5.4054,52.13981],[5.4001,52.13572],[5.40008,52.13571],[5.39807,52.13355],[5.39713,52.13395],[5.38434,52.13174],[5.37439,52.13099],[5.37222,52.13236],[5.37046,52.13157],[5.35564,52.13683],[5.33404,52.12042],[5.325,52.11681],[5.31092,52.10838],[5.30646,52.11027],[5.31158,52.11414],[5.33127,52.12663],[5.33385,52.13135],[5.33205,52.13379],[5.33064,52.1357],[5.33632,52.14595],[5.33634,52.14605],[5.33872,52.16006],[5.34348,52.16027],[5.34467,52.16363],[5.34761,52.17073],[5.34688,52.17168],[5.34731,52.17279],[5.34868,52.17295],[5.34851,52.17353],[5.34993,52.17386],[5.3491,52.17468],[5.3499,52.17561],[5.34432,52.17704],[5.34066,52.17818],[5.33644,52.18272],[5.33356,52.18317],[5.32671,52.18181],[5.3237,52.18259],[5.32465,52.18729],[5.32384,52.1885],[5.32068,52.19022],[5.31467,52.19158],[5.31164,52.19104],[5.31022,52.19202],[5.30934,52.19473],[5.31428,52.20302],[5.33069,52.20339],[5.32788,52.20935],[5.33054,52.21473],[5.35836,52.20972],[5.35912,52.21036],[5.36443,52.20984],[5.36488,52.20937],[5.37329,52.2078],[5.37807,52.20707],[5.3854,52.20643],[5.39274,52.20553],[5.39552,52.21915]]]]}},{"type":"Feature","properties":{"code":"GM0308","name":"Baarn"},"geometry":{"type":"MultiPolygon","coordinates":[[[[5.33526,52.22631],[5.33432,52.22012],[5.33054,52.21473],[5.32788,52.20935],[5.33069,52.20339],[5.31428,52.20302],[5.31363,52.20422],[5.31218,52.20425],[5.31066,52.20348],[5.30879,52.20455],[5.30402,52.20001],[5.29727,52.19756],[5.29712,52.1975],[5.2825,52.19207],[5.28234,52.19286],[5.28158,52.19261],[5.27022,52.18853],[5.26208,52.18394],[5.25723,52.18087],[5.24926,52.17573],[5.24696,52.17423],[5.24317,52.17008],[5.23904,52.16762],[5.23836,52.16778],[5.2379,52.17125],[5.23599,52.1711],[5.23632,52.16746],[5.225,52.1657],[5.22389,52.16538],[5.2227,52.17469],[5.22122,52.17457],[5.22112,52.17637],[5.22099,52.17826],[5.21413,52.17667],[5.21208,52.17637],[5.216,52.18806],[5.21505,52.18875],[5.21325,52.19008],[5.21411,52.19916],[5.2163,52.20304],[5.2155,52.20427],[5.21653,52.20545],[5.21721,52.20623],[5.21649,52.20637],[5.21896,52.21213],[5.22058,52.21597],[5.22473,52.2252],[5.23263,52.22499],[5.25417,52.22445],[5.25559,52.22441],[5.25573,52.22441],[5.27057,52.22401],[5.28311,52.22354],[5.28757,52.22288],[5.2888,52.22299],[5.29417,52.22355],[5.30097,52.22353],[5.30272,52.22237],[5.30265,52.22148],[5.30644,52.21946],[5.31316,52.22195],[5.31461,52.22454],[5.31313,52.22565],[5.31262,52.22529],[5.3134,52.2247],[5.31121,52.22457],[5.31008,52.22596],[5.31065,52.22623],[5.31159,52.22651],[5.31064,52.22759],[5.3074,52.22919],[5.30661,52.23027],[5.30768,52.2316],[5.30977,52.23219],[5.31228,52.23283],[5.31976,52.231],[5.33554,52.22845],[5.33526,52.22631]]]]}},{"type":"Feature","properties":{"code":"GM0310","name":"De Bilt"},"geometry":{"type":"MultiPolygon","coordinates":[[[[5.216,52.18806],[5.21208,52.17637],[5.21413,52.17667],[5.22099,52.17826],[5.22112,52.17637],[5.22122,52.17457],[5.2227,52.17469],[5.22389,52.16538],[5.225,52.1657],[5.2267,52.15416],[5.22688,52.15299],[5.22928,52.13673],[5.2293,52.13663],[5.22946,52.13557],[5.22957,52.13459],[5.229,52.13166],[5.23023,52.12262],[5.23093,52.11679],[5.21822,52.11367],[5.2209,52.10601],[5.22233,52.10389],[5.21564,52.10202],[5.21081,52.10072],[5.21198,52.09888],[5.21141,52.09831],[5.21273,52.09767],[5.21232,52.097],[5.20861,52.09362],[5.20959,52.09148],[5.21059,52.09031],[5.20723,52.08644],[5.20552,52.08683],[5.20671,52.08627],[5.20552,52.0849],[5.19275,52.08608],[5.18976,52.08633],[5.18617,52.09293],[5.18462,52.09315],[5.18269,52.09431],[5.1807,52.09461],[5.18056,52.09313],[5.17681,52.09336],[5.17601,52.09408],[5.17586,52.09341],[5.17201,52.09378],[5.16611,52.09373],[5.16132,52.09438],[5.15731,52.09834],[5.1564,52.09815],[5.15627,52.0984],[5.16191,52.10722],[5.15726,52.10814],[5.15038,52.11088],[5.14865,52.11524],[5.14931,52.11849],[5.14673,52.12041],[5.14262,52.12084],[5.1422,52.12019],[5.1416,52.12117],[5.14016,52.12058],[5.1404,52.12099],[5.12655,52.1246],[5.10709,52.13321],[5.11078,52.13664],[5.12053,52.14554],[5.09551,52.15508],[5.09489,52.15535],[5.11885,52.17241],[5.11531,52.17982],[5.12141,52.18095],[5.12411,52.18083],[5.14323,52.18],[5.14334,52.1803],[5.16674,52.17898],[5.1697,52.1788],[5.17943,52.17821],[5.18419,52.17796],[5.19259,52.17783],[5.2155,52.20427],[5.2163,52.20304],[5.21411,52.19916],[5.21325,52.19008],[5.21505,52.18875],[5.216,52.18806]]]]}},{"type":"Feature","properties":{"code":"GM0312","name":"Bunnik"},"geometry":{"type":"MultiPolygon","coordinates":[[[[5.1624,52.07861],[5.16692,52.07668],[5.17161,52.07867],[5.1791,52.07791],[5.18155,52.07626],[5.19264,52.07791],[5.19515,52.07735],[5.19894,52.07631],[5.20055,52.07681],[5.22502,52.06492],[5.21846,52.06024],[5.21913,52.05975],[5.24742,52.05865],[5.25074,52.05565],[5.25151,52.05332],[5.24801,52.04741],[5.24989,52.04638],[5.24895,52.04211],[5.24949,52.04099],[5.25108,52.03923],[5.25589,52.03813],[5.25754,52.03832],[5.25858,52.03726],[5.25747,52.03611],[5.2575,52.03268],[5.26445,52.03113],[5.2693,52.02917],[5.27087,52.0274],[5.26324,52.02438],[5.26988,52.01833],[5.27169,52.01461],[5.27991,52.01072],[5.2757,52.00572],[5.27581,52.00248],[5.27759,52.00095],[5.27754,52.00014],[5.27448,51.99842],[5.27157,51.99778],[5.26737,51.99908],[5.26633,52.0003],[5.26617,52.00302],[5.26474,52.00322],[5.25956,52.001],[5.24319,51.99879],[5.23057,52.01036],[5.2245,52.01344],[5.21937,52.01522],[5.20216,52.01745],[5.20353,52.02008],[5.20021,52.02291],[5.1991,52.02522],[5.20091,52.03166],[5.19945,52.03372],[5.19543,52.03643],[5.1925,52.03441],[5.18954,52.03699],[5.18898,52.0384],[5.19147,52.04304],[5.1895,52.04331],[5.18737,52.04412],[5.17893,52.04634],[5.17884,52.04572],[5.16074,52.04551],[5.15303,52.05676],[5.15775,52.05834],[5.15689,52.06343],[5.1589,52.06486],[5.15833,52.06525],[5.15939,52.06706],[5.1564,52.06906],[5.15566,52.07142],[5.16044,52.07779],[5.16018,52.0803],[5.16072,52.08056],[5.1624,52.07861]]]]}},{"type":"Feature","properties":{"code":"GM0313","name":"Bunschoten"},"geometry":{"type":"MultiPolygon","coordinates":[[[[5.33124,52.27361],[5.33967,52.2702],[5.34088,52.2707],[5.35002,52.26882],[5.35693,52.26984],[5.3611,52.26829],[5.36331,52.26848],[5.36669,52.26695],[5.37143,52.26319],[5.37006,52.26317],[5.37029,52.26226],[5.37241,52.26084],[5.37325,52.26129],[5.37129,52.26268],[5.37141,52.26274],[5.37423,52.26167],[5.3742,52.26165],[5.37472,52.26003],[5.37746,52.25902],[5.3817,52.25802],[5.38211,52.25928],[5.38252,52.25919],[5.38405,52.25716],[5.38877,52.25396],[5.38897,52.25283],[5.40085,52.24746],[5.40364,52.2471],[5.39659,52.22979],[5.39477,52.22485],[5.39321,52.22065],[5.39552,52.21915],[5.39274,52.20553],[5.3854,52.20643],[5.37807,52.20707],[5.37329,52.2078],[5.36488,52.20937],[5.36443,52.20984],[5.35912,52.21036],[5.35836,52.20972],[5.33054,52.21473],[5.33432,52.22012],[5.33526,52.22631],[5.33554,52.22845],[5.31976,52.231],[5.31228,52.23283],[5.31341,52.23525],[5.31089,52.24212],[5.31066,52.24633],[5.31413,52.25195],[5.32423,52.25298],[5.32858,52.25532],[5.32837,52.25717],[5.32318,52.26054],[5.32203,52.26233],[5.32262,52.26388],[5.32673,52.26615],[5.32853,52.26871],[5.33124,52.27361]]]]}},{"type":"Feature","properties":{"code":"GM0317","name":"Eemnes"},"geometry":{"type":"MultiPolygon","coordinates":[[[[5.27866,52.28047],[5.30583,52.27733],[5.30647,52.27761],[5.30887,52.27639],[5.31067,52.2743],[5.31545,52.2741],[5.32105,52.2724],[5.32745,52.27369],[5.33124,52.27361],[5.32853,52.26871],[5.32673,52.26615],[5.32262,52.26388],[5.32203,52.26233],[5.32318,52.26054],[5.32837,52.25717],[5.32858,52.25532],[5.32423,52.25298],[5.31413,52.25195],[5.31066,52.24633],[5.31089,52.24212],[5.31341,52.23525],[5.31228,52.23283],[5.30977,52.23219],[5.30768,52.2316],[5.30661,52.23027],[5.3074,52.22919],[5.31064,52.22759],[5.31159,52.22651],[5.31065,52.22623],[5.31008,52.22596],[5.31121,52.22457],[5.3134,52.2247],[5.31262,52.22529],[5.31313,52.22565],[5.31461,52.22454],[5.31316,52.22195],[5.30644,52.21946],[5.30265,52.22148],[5.30272,52.22237],[5.30097,52.22353],[5.29417,52.22355],[5.2888,52.22299],[5.28757,52.22288],[5.28311,52.22354],[5.27057,52.22401],[5.25573,52.22441],[5.25559,52.22441],[5.25417,52.22445],[5.23263,52.22499],[5.22473,52.2252],[5.2229,52.22526],[5.23188,52.23708],[5.23737,52.24428],[5.23841,52.24566],[5.24509,52.25443],[5.24408,52.25466],[5.2611,52.27584],[5.26566,52.28151],[5.26577,52.28165],[5.26921,52.28154],[5.27713,52.28064],[5.27866,52.28047]]]]}},{"type":"Feature","properties":{"code":"GM0321","name":"Houten"},"geometry":{"type":"MultiPolygon","coordinates":[[[[5.15303,52.05676],[5.16074,52.04551],[5.17884,52.04572],[5.17893,52.04634],[5.18737,52.04412],[5.1895,52.04331],[5.19147,52.04304],[5.18898,52.0384],[5.18954,52.03699],[5.1925,52.03441],[5.19543,52.03643],[5.19945,52.03372],[5.20091,52.03166],[5.1991,52.02522],[5.20021,52.02291],[5.20353,52.02008],[5.20216,52.01745],[5.21937,52.01522],[5.2245,52.01344],[5.23057,52.01036],[5.24319,51.99879],[5.24235,51.99866],[5.24402,51.99835],[5.24354,51.99761],[5.24538,51.99598],[5.25613,51.99361],[5.25332,51.99234],[5.25414,51.98607],[5.27141,51.98115],[5.27127,51.98105],[5.26605,51.97581],[5.25627,51.97094],[5.24652,51.9775],[5.24227,51.97873],[5.23687,51.97876],[5.23301,51.97755],[5.22991,51.97565],[5.22396,51.96781],[5.21906,51.96343],[5.21347,51.96067],[5.21343,51.96065],[5.20599,51.95943],[5.19884,51.9602],[5.18972,51.96291],[5.18023,51.96745],[5.17272,51.96962],[5.16095,51.97047],[5.1546,51.97177],[5.14971,51.97427],[5.14688,51.97682],[5.14361,51.98415],[5.1436,51.98422],[5.14188,51.99073],[5.13968,51.99394],[5.13387,51.99669],[5.12822,51.99775],[5.11956,51.99992],[5.12082,52.00332],[5.12102,52.0037],[5.12284,52.00861],[5.12557,52.01669],[5.12835,52.02461],[5.13099,52.02472],[5.12177,52.03043],[5.12967,52.04985],[5.12472,52.04992],[5.12683,52.05492],[5.14568,52.05256],[5.14994,52.05559],[5.15281,52.05669],[5.15303,52.05676]]]]}},{"type":"Feature","properties":{"code":"GM0327","name":"Leusden"},"geometry":{"type":"MultiPolygon","coordinates":[[[[5.5,52.14104],[5.5026,52.13954],[5.50759,52.13887],[5.50745,52.13853],[5.51169,52.13749],[5.51408,52.13592],[5.51244,52.13433],[5.51237,52.13422],[5.51188,52.13412],[5.512,52.134],[5.51204,52.13364],[5.51167,52.13205],[5.5092,52.13195],[5.50768,52.13113],[5.50499,52.13109],[5.50149,52.12994],[5.4991,52.13054],[5.49791,52.13028],[5.49676,52.12481],[5.4947,52.12472],[5.49506,52.12199],[5.49692,52.11956],[5.50004,52.1192],[5.50337,52.11966],[5.50535,52.11975],[5.50376,52.11659],[5.50755,52.11562],[5.5077,52.1139],[5.5063,52.11431],[5.50387,52.11375],[5.50261,52.11509],[5.49892,52.11602],[5.49563,52.11559],[5.48808,52.1161],[5.48645,52.11536],[5.48216,52.11616],[5.47909,52.11742],[5.4768,52.11415],[5.47583,52.11207],[5.47513,52.10689],[5.47604,52.10501],[5.47356,52.10456],[5.47199,52.10146],[5.46841,52.1006],[5.46752,52.1004],[5.45787,52.10537],[5.44579,52.10685],[5.44381,52.10707],[5.44213,52.10421],[5.43918,52.10188],[5.43798,52.09979],[5.43573,52.09891],[5.4341,52.09778],[5.43221,52.09787],[5.43241,52.0969],[5.42965,52.09591],[5.42866,52.09643],[5.42604,52.0964],[5.42477,52.09704],[5.42446,52.09664],[5.42198,52.09666],[5.42058,52.09715],[5.42026,52.09811],[5.415,52.10012],[5.41016,52.10326],[5.40738,52.10302],[5.40452,52.10411],[5.40078,52.09188],[5.40133,52.08933],[5.40121,52.08934],[5.40121,52.08934],[5.37801,52.09047],[5.34057,52.09503],[5.3343,52.09633],[5.32246,52.1019],[5.31092,52.10838],[5.325,52.11681],[5.33404,52.12042],[5.35564,52.13683],[5.37046,52.13157],[5.37222,52.13236],[5.37439,52.13099],[5.38434,52.13174],[5.39713,52.13395],[5.39807,52.13355],[5.40008,52.13571],[5.4001,52.13572],[5.4054,52.13981],[5.40756,52.14196],[5.40939,52.14039],[5.40834,52.14265],[5.41377,52.14803],[5.41401,52.14831],[5.41621,52.15092],[5.41784,52.15479],[5.42355,52.15762],[5.43194,52.15876],[5.43895,52.16139],[5.44246,52.16145],[5.44496,52.1599],[5.44698,52.15954],[5.45595,52.15435],[5.45958,52.15288],[5.46986,52.15285],[5.47675,52.15222],[5.48134,52.1505],[5.48379,52.14947],[5.48948,52.14822],[5.49898,52.14736],[5.49731,52.14144],[5.5,52.14104]]]]}},{"type":"Feature","properties":{"code":"GM0331","name":"Lopik"},"geometry":{"type":"MultiPolygon","coordinates":[[[[5.02391,52.01993],[5.02708,52.01478],[5.02732,52.01478],[5.02935,52.01147],[5.03014,52.01016],[5.03177,52.00752],[5.034,52.00394],[5.03605,52.00426],[5.04247,52.00567],[5.05261,51.99765],[5.05389,51.99663],[5.05308,51.99538],[5.05587,51.99408],[5.06264,51.99123],[5.045,51.98196],[5.0404,51.97744],[5.03883,51.97414],[5.03613,51.97133],[5.03285,51.96975],[5.02967,51.9692],[5.02238,51.96973],[5.0161,51.97214],[5.01008,51.97554],[5.00218,51.97822],[4.99807,51.97787],[4.99186,51.97585],[4.987,51.97331],[4.98391,51.97059],[4.97889,51.96596],[4.97614,51.96345],[4.9681,51.95934],[4.96385,51.95943],[4.95733,51.96098],[4.94869,51.96347],[4.94331,51.96394],[4.93982,51.96344],[4.93358,51.95971],[4.9263,51.95093],[4.91919,51.94473],[4.91401,51.94244],[4.87779,51.93803],[4.87581,51.94353],[4.87276,51.95094],[4.8716,51.95371],[4.86896,51.95671],[4.86567,51.96043],[4.8643,51.9634],[4.86038,51.96801],[4.84977,51.97385],[4.84755,51.97514],[4.84555,51.9752],[4.8443,51.97635],[4.83411,51.98558],[4.83522,51.98614],[4.85326,51.99173],[4.87783,52.00057],[4.89158,52.00485],[4.89641,52.00652],[4.90973,52.01104],[4.91389,52.01108],[4.91686,52.01014],[4.92005,52.01001],[4.9521,52.01676],[4.97726,52.02053],[4.99216,52.02103],[4.99519,52.02172],[5.01972,52.02553],[5.02035,52.02557],[5.02391,52.01993]]]]}},{"type":"Feature","properties":{"code":"GM0335","name":"Montfoort"},"geometry":{"type":"MultiPolygon","coordinates":[[[[4.94571,52.07556],[4.95633,52.0703],[4.95711,52.06595],[4.9705,52.06756],[4.98259,52.06495],[4.99584,52.06733],[4.9995,52.06613],[5.01801,52.06222],[5.01707,52.06114],[5.01028,52.05374],[5.0049,52.05556],[5.00113,52.05403],[4.99715,52.05295],[4.99533,52.05261],[4.99107,52.05286],[4.9903,52.05244],[4.98328,52.04024],[4.97839,52.03969],[4.97899,52.03807],[4.98314,52.02778],[4.99405,52.02974],[4.99519,52.02172],[4.99216,52.02103],[4.97726,52.02053],[4.9521,52.01676],[4.92005,52.01001],[4.91664,52.01341],[4.91775,52.01322],[4.90852,52.02278],[4.90497,52.02648],[4.91243,52.02529],[4.92006,52.02556],[4.92403,52.02653],[4.92644,52.02848],[4.92668,52.02999],[4.9114,52.04018],[4.91481,52.04238],[4.91712,52.04379],[4.9065,52.05348],[4.90055,52.05214],[4.89574,52.05048],[4.89541,52.04823],[4.88134,52.05752],[4.87551,52.06158],[4.87146,52.05923],[4.86823,52.06345],[4.8732,52.06875],[4.87452,52.06819],[4.87533,52.06889],[4.88898,52.06891],[4.90025,52.0702],[4.90161,52.0704],[4.90547,52.07015],[4.9082,52.0719],[4.91489,52.07409],[4.91798,52.07477],[4.92466,52.07759],[4.92661,52.07782],[4.93085,52.07929],[4.9362,52.07987],[4.93937,52.07792],[4.94571,52.07556]]]]}},{"type":"Feature","properties":{"code":"GM0339","name":"Renswoude"},"geometry":{"type":"MultiPolygon","coordinates":[[[[5.55034,52.10542],[5.55306,52.10095],[5.55424,52.10015],[5.55054,52.09668],[5.55443,52.09539],[5.55443,52.09347],[5.55587,52.09182],[5.55472,52.0915],[5.55493,52.08651],[5.55591,52.08712],[5.55705,52.08687],[5.55742,52.08618],[5.55669,52.08548],[5.56075,52.08421],[5.56071,52.08141],[5.56275,52.07828],[5.56144,52.07329],[5.56031,52.07215],[5.55921,52.07103],[5.56073,52.0675],[5.5579,52.04887],[5.55782,52.04865],[5.55452,52.04921],[5.54464,52.04937],[5.54086,52.04281],[5.53906,52.0416],[5.53882,52.04126],[5.53828,52.04142],[5.53735,52.04141],[5.53541,52.04148],[5.53164,52.03986],[5.5318,52.03976],[5.53142,52.03947],[5.52935,52.0402],[5.526,52.04137],[5.51643,52.04776],[5.51591,52.05261],[5.51499,52.05263],[5.51568,52.05419],[5.513,52.05511],[5.49788,52.05702],[5.49557,52.07096],[5.49613,52.07168],[5.49988,52.07134],[5.50209,52.07335],[5.50458,52.07335],[5.50492,52.07599],[5.505,52.07674],[5.50684,52.07675],[5.50911,52.07698],[5.51036,52.07806],[5.50992,52.07905],[5.51445,52.0788],[5.51941,52.07921],[5.52036,52.07831],[5.52265,52.07754],[5.5269,52.08068],[5.53114,52.08228],[5.53131,52.08394],[5.52663,52.0849],[5.53086,52.08977],[5.53712,52.08864],[5.53829,52.09269],[5.53508,52.09287],[5.53883,52.09644],[5.53916,52.09781],[5.53282,52.09998],[5.53154,52.10227],[5.54154,52.10374],[5.54401,52.10195],[5.5463,52.10244],[5.54529,52.10439],[5.55034,52.10542]]]]}},{"type":"Feature","properties":{"code":"GM0340","name":"Rhenen"},"geometry":{"type":"MultiPolygon","coordinates":[[[[5.54834,52.00165],[5.55323,51.99903],[5.55443,52.00018],[5.55804,52.00363],[5.56135,52.00185],[5.57048,51.99696],[5.57324,51.99877],[5.58209,52.00448],[5.58949,52.00946],[5.59111,52.0073],[5.59081,52.00302],[5.592,52.00139],[5.59656,51.9992],[5.60251,51.995],[5.60602,51.99416],[5.60997,51.99369],[5.61381,51.99034],[5.61506,51.98272],[5.61989,51.97771],[5.62606,51.97407],[5.62486,51.97045],[5.62026,51.96658],[5.62321,51.96256],[5.6265,51.95737],[5.62731,51.95247],[5.62503,51.95161],[5.62345,51.95195],[5.62016,51.9515],[5.62044,51.94832],[5.61643,51.94935],[5.60594,51.94312],[5.60391,51.94388],[5.59274,51.94918],[5.58662,51.95083],[5.57557,51.95283],[5.56125,51.9545],[5.55693,51.95571],[5.54956,51.9592],[5.54021,51.96728],[5.53752,51.96829],[5.52711,51.97022],[5.51883,51.97157],[5.51822,51.97169],[5.51098,51.97364],[5.50075,51.97859],[5.48621,51.98383],[5.47766,51.98347],[5.47785,51.98769],[5.48055,51.98875],[5.47926,51.9902],[5.4803,51.99109],[5.48459,51.98776],[5.48608,51.99085],[5.48529,51.99096],[5.4909,51.99656],[5.49287,51.99609],[5.4942,51.9949],[5.50789,52.01231],[5.51102,52.01642],[5.51259,52.01852],[5.52465,52.01449],[5.53346,52.01237],[5.53237,52.0109],[5.53669,52.00832],[5.53918,52.00741],[5.54023,52.00702],[5.54834,52.00165]]]]}},{"type":"Feature","properties":{"code":"GM0342","name":"Soest"},"geometry":{"type":"MultiPolygon","coordinates":[[[[5.30879,52.20455],[5.31066,52.20348],[5.31218,52.20425],[5.31363,52.20422],[5.31428,52.20302],[5.30934,52.19473],[5.31022,52.19202],[5.31164,52.19104],[5.31467,52.19158],[5.32068,52.19022],[5.32384,52.1885],[5.32465,52.18729],[5.3237,52.18259],[5.32671,52.18181],[5.33356,52.18317],[5.33644,52.18272],[5.34066,52.17818],[5.34432,52.17704],[5.3499,52.17561],[5.3491,52.17468],[5.34993,52.17386],[5.34851,52.17353],[5.34868,52.17295],[5.34731,52.17279],[5.34688,52.17168],[5.34761,52.17073],[5.34467,52.16363],[5.34348,52.16027],[5.33872,52.16006],[5.33634,52.14605],[5.33632,52.14595],[5.33064,52.1357],[5.33205,52.13379],[5.33385,52.13135],[5.33127,52.12663],[5.31158,52.11414],[5.30646,52.11027],[5.29897,52.1118],[5.2946,52.11347],[5.2918,52.11454],[5.29053,52.11421],[5.28221,52.11208],[5.27756,52.11882],[5.27715,52.11945],[5.27421,52.12374],[5.27194,52.12705],[5.2641,52.12508],[5.25618,52.13638],[5.25527,52.13889],[5.25642,52.14406],[5.25639,52.14417],[5.25479,52.14952],[5.25099,52.15634],[5.24967,52.15876],[5.24317,52.17008],[5.24696,52.17423],[5.24926,52.17573],[5.25723,52.18087],[5.26208,52.18394],[5.27022,52.18853],[5.28158,52.19261],[5.28234,52.19286],[5.2825,52.19207],[5.29712,52.1975],[5.29727,52.19756],[5.30402,52.20001],[5.30879,52.20455]]]]}},{"type":"Feature","properties":{"code":"GM0344","name":"Utrecht"},"geometry":{"type":"MultiPolygon","coordinates":[[[[5.03251,52.11684],[5.03354,52.11676],[5.04088,52.1255],[5.04542,52.12846],[5.04498,52.12878],[5.04756,52.12997],[5.0612,52.12256],[5.06573,52.12526],[5.06699,52.12599],[5.06973,52.12641],[5.0702,52.12718],[5.07239,52.12536],[5.07616,52.12705],[5.08553,52.13437],[5.08576,52.13455],[5.08716,52.13567],[5.10019,52.13021],[5.10108,52.12984],[5.10227,52.13033],[5.1034,52.12985],[5.10558,52.13189],[5.10709,52.13321],[5.12655,52.1246],[5.1404,52.12099],[5.14016,52.12058],[5.1416,52.12117],[5.1422,52.12019],[5.14262,52.12084],[5.14673,52.12041],[5.14931,52.11849],[5.14865,52.11524],[5.15038,52.11088],[5.15726,52.10814],[5.16191,52.10722],[5.15627,52.0984],[5.1564,52.09815],[5.15731,52.09834],[5.16132,52.09438],[5.16611,52.09373],[5.17201,52.09378],[5.17586,52.09341],[5.17601,52.09408],[5.17681,52.09336],[5.18056,52.09313],[5.1807,52.09461],[5.18269,52.09431],[5.18462,52.09315],[5.18617,52.09293],[5.18976,52.08633],[5.19275,52.08608],[5.19515,52.07735],[5.19264,52.07791],[5.18155,52.07626],[5.1791,52.07791],[5.17161,52.07867],[5.16692,52.07668],[5.1624,52.07861],[5.16072,52.08056],[5.16018,52.0803],[5.16044,52.07779],[5.15566,52.07142],[5.1564,52.06906],[5.15939,52.06706],[5.15833,52.06525],[5.1589,52.06486],[5.15689,52.06343],[5.15775,52.05834],[5.15303,52.05676],[5.15281,52.05669],[5.14994,52.05559],[5.14568,52.05256],[5.12683,52.05492],[5.12408,52.05522],[5.12125,52.05439],[5.11775,52.05664],[5.11316,52.0577],[5.11328,52.05788],[5.11126,52.05832],[5.11038,52.0574],[5.10944,52.05551],[5.10842,52.05201],[5.10734,52.05003],[5.10539,52.05011],[5.1044,52.04994],[5.10209,52.05426],[5.09735,52.05948],[5.09679,52.05928],[5.09412,52.05875],[5.08999,52.06073],[5.07322,52.06222],[5.06964,52.06142],[5.06723,52.0575],[5.06514,52.05498],[5.06417,52.05158],[5.06362,52.04136],[5.06344,52.04111],[5.06355,52.04072],[5.06356,52.03835],[5.06251,52.0286],[5.06314,52.02788],[5.0628,52.02682],[5.06102,52.02628],[5.05491,52.02887],[5.05534,52.02974],[5.05198,52.03089],[5.05142,52.03011],[5.04558,52.03477],[5.03804,52.04417],[5.02834,52.05076],[5.02767,52.0517],[5.02826,52.05358],[5.02696,52.05463],[5.02712,52.0554],[5.02559,52.05586],[5.02161,52.05581],[5.01743,52.06099],[5.01707,52.06114],[5.01801,52.06222],[4.9995,52.06613],[5.00162,52.07814],[5.00323,52.07796],[5.00501,52.08845],[4.99422,52.09039],[4.99352,52.09223],[4.98933,52.10076],[4.97566,52.09979],[4.97344,52.10123],[4.97305,52.10278],[4.97582,52.10572],[4.97627,52.10797],[4.97873,52.1081],[4.97962,52.10872],[4.97958,52.11156],[4.98022,52.1122],[4.97847,52.11316],[4.9782,52.11285],[4.9701,52.12244],[4.97394,52.12967],[4.98524,52.13244],[4.98638,52.13524],[4.9945,52.13861],[5.0031,52.14205],[5.0027,52.1413],[5.01211,52.12969],[5.03251,52.11684]]]]}},{"type":"Feature","properties":{"code":"GM0345","name":"Veenendaal"},"geometry":{"type":"MultiPolygon","coordinates":[[[[5.55452,52.04921],[5.55782,52.04865],[5.5579,52.04887],[5.57085,52.048],[5.56998,52.04564],[5.57001,52.04449],[5.57015,52.04444],[5.57004,52.0434],[5.56975,52.04341],[5.56866,52.0424],[5.5674,52.04062],[5.56831,52.04027],[5.57729,52.03833],[5.58996,52.03441],[5.59002,52.0343],[5.58991,52.03269],[5.58976,52.0327],[5.58959,52.03118],[5.58671,52.03129],[5.58735,52.02726],[5.58745,52.02664],[5.5872,52.02045],[5.59024,52.02027],[5.58962,52.01559],[5.58692,52.01571],[5.58675,52.01229],[5.58601,52.01178],[5.58742,52.01092],[5.58949,52.00946],[5.58209,52.00448],[5.57324,51.99877],[5.57048,51.99696],[5.56135,52.00185],[5.55804,52.00363],[5.55443,52.00018],[5.55323,51.99903],[5.54834,52.00165],[5.54023,52.00702],[5.53918,52.00741],[5.53669,52.00832],[5.53237,52.0109],[5.53346,52.01237],[5.52465,52.01449],[5.51259,52.01852],[5.51834,52.02588],[5.52232,52.03105],[5.52527,52.03499],[5.52935,52.0402],[5.53142,52.03947],[5.5318,52.03976],[5.53164,52.03986],[5.53541,52.04148],[5.53735,52.04141],[5.53828,52.04142],[5.53882,52.04126],[5.53906,52.0416],[5.54086,52.04281],[5.54464,52.04937],[5.55452,52.04921]]]]}},{"type":"Feature","properties":{"code":"GM0351","name":"Woudenberg"},"geometry":{"type":"MultiPolygon","coordinates":[[[[5.4843,52.10554],[5.48527,52.0991],[5.48474,52.09662],[5.48608,52.09366],[5.48311,52.09275],[5.47678,52.09038],[5.47472,52.09022],[5.47295,52.08911],[5.47184,52.0893],[5.47149,52.0882],[5.4679,52.08596],[5.46405,52.08306],[5.46337,52.08344],[5.4613,52.08265],[5.45968,52.082],[5.46015,52.08095],[5.45924,52.08023],[5.46133,52.07931],[5.46565,52.07829],[5.46644,52.0761],[5.46737,52.07549],[5.4709,52.07469],[5.47366,52.07313],[5.47636,52.07265],[5.48436,52.06945],[5.48589,52.07026],[5.48828,52.07039],[5.4907,52.07141],[5.49407,52.07191],[5.49613,52.07168],[5.49557,52.07096],[5.49788,52.05702],[5.49143,52.05732],[5.48538,52.05623],[5.47719,52.05285],[5.4669,52.05116],[5.4621,52.04899],[5.46114,52.04726],[5.45349,52.04995],[5.44861,52.04324],[5.4457,52.04526],[5.4416,52.04569],[5.43515,52.04789],[5.42987,52.05287],[5.42833,52.05631],[5.42871,52.05734],[5.43062,52.05905],[5.43527,52.0596],[5.43645,52.06161],[5.43831,52.07027],[5.43747,52.07202],[5.43547,52.07285],[5.43338,52.07229],[5.42407,52.0725],[5.42236,52.07302],[5.41039,52.06918],[5.41005,52.06941],[5.40935,52.06898],[5.40908,52.06854],[5.4019,52.0643],[5.40053,52.06475],[5.39896,52.06694],[5.40082,52.06783],[5.39954,52.06921],[5.40537,52.071],[5.4048,52.07205],[5.40706,52.07258],[5.40589,52.07522],[5.4035,52.07568],[5.39451,52.07496],[5.39106,52.07507],[5.38982,52.07567],[5.38834,52.07493],[5.38453,52.07827],[5.33225,52.08416],[5.32692,52.08673],[5.2983,52.09645],[5.32246,52.1019],[5.3343,52.09633],[5.34057,52.09503],[5.37801,52.09047],[5.40121,52.08934],[5.40121,52.08934],[5.40133,52.08933],[5.40078,52.09188],[5.40452,52.10411],[5.40738,52.10302],[5.41016,52.10326],[5.415,52.10012],[5.42026,52.09811],[5.42058,52.09715],[5.42198,52.09666],[5.42446,52.09664],[5.42477,52.09704],[5.42604,52.0964],[5.42866,52.09643],[5.42965,52.09591],[5.43241,52.0969],[5.43221,52.09787],[5.4341,52.09778],[5.43573,52.09891],[5.43798,52.09979],[5.43918,52.10188],[5.44213,52.10421],[5.44381,52.10707],[5.44579,52.10685],[5.45787,52.10537],[5.46752,52.1004],[5.46841,52.1006],[5.47199,52.10146],[5.47356,52.10456],[5.47604,52.10501],[5.47513,52.10689],[5.47583,52.11207],[5.4768,52.11415],[5.47909,52.11742],[5.48216,52.11616],[5.48645,52.11536],[5.49187,52.11449],[5.49392,52.11276],[5.49386,52.1111],[5.4843,52.10554]]]]}},{"type":"Feature","properties":{"code":"GM0352","name":"Wijk bij Duurstede"},"geometry":{"type":"MultiPolygon","coordinates":[[[[5.36366,52.01002],[5.38165,52.00214],[5.39891,52.00292],[5.41528,51.9967],[5.39942,51.98795],[5.37843,51.98608],[5.38759,51.97631],[5.39416,51.97593],[5.39495,51.97444],[5.39201,51.9734],[5.39052,51.97125],[5.39098,51.97073],[5.3828,51.96926],[5.37601,51.96921],[5.36302,51.97095],[5.35564,51.97035],[5.34825,51.96769],[5.33982,51.96114],[5.33969,51.96103],[5.33312,51.9572],[5.32344,51.9551],[5.3166,51.95522],[5.31087,51.95701],[5.30089,51.96157],[5.28261,51.96316],[5.27037,51.96543],[5.2621,51.96821],[5.25627,51.97094],[5.26605,51.97581],[5.27127,51.98105],[5.27141,51.98115],[5.25414,51.98607],[5.25332,51.99234],[5.25613,51.99361],[5.24538,51.99598],[5.24354,51.99761],[5.24402,51.99835],[5.24235,51.99866],[5.24319,51.99879],[5.25956,52.001],[5.26474,52.00322],[5.26617,52.00302],[5.26633,52.0003],[5.26737,51.99908],[5.27157,51.99778],[5.27448,51.99842],[5.27754,52.00014],[5.27759,52.00095],[5.27581,52.00248],[5.2757,52.00572],[5.27991,52.01072],[5.288,52.00992],[5.29122,52.00835],[5.31465,52.027],[5.32399,52.02283],[5.34429,52.02019],[5.35026,52.01604],[5.36366,52.01002]]]]}},{"type":"Feature","properties":{"code":"GM0353","name":"IJsselstein"},"geometry":{"type":"MultiPolygon","coordinates":[[[[5.01743,52.06099],[5.02161,52.05581],[5.02559,52.05586],[5.02712,52.0554],[5.02696,52.05463],[5.02826,52.05358],[5.02767,52.0517],[5.02834,52.05076],[5.03804,52.04417],[5.04558,52.03477],[5.05142,52.03011],[5.05198,52.03089],[5.05534,52.02974],[5.05491,52.02887],[5.06102,52.02628],[5.0628,52.02682],[5.06287,52.02574],[5.06294,52.02524],[5.06599,52.0187],[5.068,52.0144],[5.06893,52.01417],[5.07143,52.00986],[5.0736,52.00591],[5.07486,52.00355],[5.07279,52.00031],[5.07579,52.00078],[5.07772,51.99871],[5.07753,51.99745],[5.06629,51.99407],[5.06264,51.99123],[5.05587,51.99408],[5.05308,51.99538],[5.05389,51.99663],[5.05261,51.99765],[5.04247,52.00567],[5.03605,52.00426],[5.034,52.00394],[5.03177,52.00752],[5.03014,52.01016],[5.02935,52.01147],[5.02732,52.01478],[5.02708,52.01478],[5.02391,52.01993],[5.02035,52.02557],[5.01972,52.02553],[4.99519,52.02172],[4.99405,52.02974],[4.98314,52.02778],[4.97899,52.03807],[4.97839,52.03969],[4.98328,52.04024],[4.9903,52.05244],[4.99107,52.05286],[4.99533,52.05261],[4.99715,52.05295],[5.00113,52.05403],[5.0049,52.05556],[5.01028,52.05374],[5.01707,52.06114],[5.01743,52.06099]]]]}},{"type":"Feature","properties":{"code":"GM0355","name":"Zeist"},"geometry":{"type":"MultiPolygon","coordinates":[[[[5.23836,52.16778],[5.23904,52.16762],[5.24317,52.17008],[5.24967,52.15876],[5.25099,52.15634],[5.25479,52.14952],[5.25639,52.14417],[5.25642,52.14406],[5.25527,52.13889],[5.25618,52.13638],[5.2641,52.12508],[5.27194,52.12705],[5.27421,52.12374],[5.27715,52.11945],[5.27756,52.11882],[5.28221,52.11208],[5.29053,52.11421],[5.2918,52.11454],[5.2946,52.11347],[5.29897,52.1118],[5.30646,52.11027],[5.31092,52.10838],[5.32246,52.1019],[5.2983,52.09645],[5.32692,52.08673],[5.33225,52.08416],[5.33261,52.07881],[5.32042,52.07033],[5.29115,52.08635],[5.26616,52.07071],[5.26536,52.07021],[5.25935,52.06677],[5.25752,52.06549],[5.256,52.06289],[5.25212,52.06203],[5.24742,52.05865],[5.21913,52.05975],[5.21846,52.06024],[5.22502,52.06492],[5.20055,52.07681],[5.19894,52.07631],[5.19515,52.07735],[5.19275,52.08608],[5.20552,52.0849],[5.20671,52.08627],[5.20552,52.08683],[5.20723,52.08644],[5.21059,52.09031],[5.20959,52.09148],[5.20861,52.09362],[5.21232,52.097],[5.21273,52.09767],[5.21141,52.09831],[5.21198,52.09888],[5.21081,52.10072],[5.21564,52.10202],[5.22233,52.10389],[5.2209,52.10601],[5.21822,52.11367],[5.23093,52.11679],[5.23023,52.12262],[5.229,52.13166],[5.22957,52.13459],[5.22946,52.13557],[5.2293,52.13663],[5.22928,52.13673],[5.22688,52.15299],[5.2267,52.15416],[5.225,52.1657],[5.23632,52.16746],[5.23599,52.1711],[5.2379,52.17125],[5.23836,52.16778]]]]}},{"type":"Feature","properties":{"code":"GM0356","name":"Nieuwegein"},"geometry":{"type":"MultiPolygon","coordinates":[[[[5.08999,52.06073],[5.09412,52.05875],[5.09679,52.05928],[5.09735,52.05948],[5.10209,52.05426],[5.1044,52.04994],[5.10539,52.05011],[5.10734,52.05003],[5.10842,52.05201],[5.10944,52.05551],[5.11038,52.0574],[5.11126,52.05832],[5.11328,52.05788],[5.11316,52.0577],[5.11775,52.05664],[5.12125,52.05439],[5.12408,52.05522],[5.12683,52.05492],[5.12472,52.04992],[5.12967,52.04985],[5.12177,52.03043],[5.13099,52.02472],[5.12835,52.02461],[5.12557,52.01669],[5.12284,52.00861],[5.12102,52.0037],[5.12082,52.00332],[5.11956,51.99992],[5.11392,52.00167],[5.10297,52.00303],[5.09172,52.00192],[5.07753,51.99745],[5.07772,51.99871],[5.07579,52.00078],[5.07279,52.00031],[5.07486,52.00355],[5.0736,52.00591],[5.07143,52.00986],[5.06893,52.01417],[5.068,52.0144],[5.06599,52.0187],[5.06294,52.02524],[5.06287,52.02574],[5.0628,52.02682],[5.06314,52.02788],[5.06251,52.0286],[5.06356,52.03835],[5.06355,52.04072],[5.06344,52.04111],[5.06362,52.04136],[5.06417,52.05158],[5.06514,52.05498],[5.06723,52.0575],[5.06964,52.06142],[5.07322,52.06222],[5.08999,52.06073]]]]}},{"type":"Feature","properties":{"code":"GM0358","name":"Aalsmeer"},"geometry":{"type":"MultiPolygon","coordinates":[[[[4.78293,52.25515],[4.78089,52.25352],[4.7792,52.25354],[4.77087,52.24991],[4.76899,52.2484],[4.76789,52.24698],[4.76807,52.24539],[4.77327,52.24103],[4.72376,52.21657],[4.7233,52.21635],[4.72365,52.21824],[4.7229,52.22036],[4.72415,52.23237],[4.70443,52.23384],[4.70024,52.23308],[4.69624,52.23211],[4.68621,52.22663],[4.68363,52.22635],[4.67997,52.22676],[4.6767,52.22593],[4.67035,52.23076],[4.67707,52.23439],[4.68125,52.23914],[4.69271,52.24272],[4.69551,52.24322],[4.70187,52.24447],[4.70527,52.24676],[4.71322,52.2554],[4.72079,52.25878],[4.72588,52.26334],[4.7298,52.26516],[4.73457,52.26655],[4.73923,52.26761],[4.74377,52.26984],[4.74562,52.27164],[4.7467,52.27225],[4.75132,52.27369],[4.75688,52.2744],[4.76511,52.27678],[4.77102,52.27937],[4.77991,52.28313],[4.78834,52.28853],[4.79325,52.2941],[4.79444,52.29627],[4.79566,52.29932],[4.79884,52.30142],[4.8037,52.30358],[4.80988,52.30578],[4.8224,52.29202],[4.82384,52.29054],[4.82383,52.29002],[4.8191,52.28547],[4.81495,52.28143],[4.81022,52.27681],[4.80686,52.2731],[4.80063,52.26605],[4.79557,52.26155],[4.7947,52.26068],[4.7946,52.26006],[4.78293,52.25515]]]]}},{"type":"Feature","properties":{"code":"GM0361","name":"Alkmaar"},"geometry":{"type":"MultiPolygon","coordinates":[[[[4.77804,52.66432],[4.77403,52.65522],[4.77403,52.65522],[4.773,52.65341],[4.77561,52.65265],[4.77367,52.64836],[4.79194,52.65629],[4.79202,52.65644],[4.79362,52.65714],[4.80051,52.66024],[4.80054,52.66003],[4.80056,52.65787],[4.80056,52.65787],[4.80041,52.65724],[4.79864,52.65356],[4.79298,52.64842],[4.78669,52.64059],[4.78528,52.63812],[4.7884,52.63889],[4.79164,52.63823],[4.7947,52.63788],[4.80781,52.63398],[4.81448,52.63387],[4.82421,52.63382],[4.83022,52.63268],[4.83441,52.63743],[4.83454,52.63799],[4.83451,52.63915],[4.83518,52.6409],[4.83553,52.64244],[4.83855,52.64614],[4.84273,52.64594],[4.84742,52.64206],[4.8516,52.64056],[4.86055,52.63914],[4.86297,52.63745],[4.86388,52.63536],[4.8734,52.63444],[4.87553,52.63411],[4.88137,52.63344],[4.88535,52.63014],[4.88805,52.62738],[4.8894,52.62392],[4.88725,52.62259],[4.88399,52.61314],[4.89693,52.61335],[4.92204,52.61148],[4.92579,52.60948],[4.92692,52.6067],[4.92144,52.60831],[4.91537,52.60864],[4.90117,52.60293],[4.89349,52.59784],[4.89052,52.59462],[4.88475,52.58424],[4.87638,52.57783],[4.86863,52.57595],[4.86567,52.57375],[4.86424,52.57162],[4.86303,52.56873],[4.86294,52.56505],[4.86134,52.56228],[4.85868,52.55946],[4.85384,52.55677],[4.85183,52.55483],[4.84831,52.55007],[4.84459,52.54731],[4.84228,52.54349],[4.83549,52.54067],[4.83391,52.53896],[4.82803,52.54167],[4.82438,52.5426],[4.82099,52.53825],[4.81903,52.53873],[4.81699,52.53565],[4.82441,52.53381],[4.82019,52.53123],[4.81163,52.53019],[4.80471,52.52536],[4.79828,52.52436],[4.79244,52.51973],[4.78986,52.51924],[4.78497,52.51942],[4.78497,52.51942],[4.78471,52.51944],[4.78248,52.51958],[4.77784,52.53177],[4.77773,52.53375],[4.77806,52.54418],[4.78162,52.5571],[4.77197,52.5599],[4.75686,52.56207],[4.75254,52.56278],[4.74508,52.56685],[4.7447,52.56794],[4.74728,52.57136],[4.7489,52.57399],[4.75131,52.58228],[4.75648,52.59157],[4.75248,52.59258],[4.75214,52.59189],[4.73746,52.59386],[4.73696,52.59576],[4.73791,52.59729],[4.73541,52.60383],[4.73619,52.60545],[4.7339,52.6073],[4.73335,52.60755],[4.73788,52.61216],[4.73788,52.61216],[4.73945,52.61387],[4.73319,52.61766],[4.73126,52.61869],[4.73126,52.61869],[4.72153,52.62251],[4.71631,52.62499],[4.71459,52.62478],[4.7149,52.62535],[4.71529,52.62582],[4.7098,52.62872],[4.71133,52.62991],[4.70831,52.63088],[4.70981,52.63251],[4.70887,52.63551],[4.71003,52.64247],[4.7142,52.64282],[4.71281,52.64621],[4.71761,52.64665],[4.71693,52.6496],[4.72039,52.65008],[4.72194,52.64918],[4.72268,52.64937],[4.72179,52.65073],[4.72525,52.65195],[4.72682,52.65549],[4.72925,52.65612],[4.72571,52.65731],[4.72755,52.65739],[4.72762,52.6585],[4.73064,52.65875],[4.73153,52.65981],[4.73285,52.65989],[4.73115,52.66159],[4.7337,52.6618],[4.73521,52.66139],[4.7341,52.66293],[4.73925,52.66294],[4.7426,52.66118],[4.74516,52.66336],[4.74593,52.66308],[4.74901,52.66597],[4.75241,52.67145],[4.74771,52.67685],[4.74384,52.6787],[4.74174,52.68081],[4.74358,52.68131],[4.74477,52.68168],[4.74691,52.6823],[4.74998,52.68237],[4.77251,52.67771],[4.77902,52.67648],[4.77901,52.67405],[4.77858,52.67231],[4.77597,52.66785],[4.77449,52.66534],[4.77804,52.66432]]]]}},{"type":"Feature","properties":{"code":"GM0362","name":"Amstelveen"},"geometry":{"type":"MultiPolygon","coordinates":[[[[4.85594,52.33026],[4.85652,52.32941],[4.85639,52.32493],[4.85633,52.32176],[4.85647,52.32177],[4.85675,52.32141],[4.8576,52.32142],[4.85764,52.32174],[4.86149,52.3218],[4.86914,52.32193],[4.86914,52.32193],[4.86935,52.32194],[4.87811,52.32209],[4.87812,52.32209],[4.88218,52.32216],[4.89301,52.32237],[4.89492,52.32242],[4.89516,52.32241],[4.89629,52.32242],[4.89828,52.32164],[4.90253,52.32132],[4.90784,52.31951],[4.90913,52.31825],[4.90541,52.31601],[4.90607,52.31391],[4.90525,52.31068],[4.90781,52.307],[4.90409,52.30371],[4.89961,52.30098],[4.89857,52.29934],[4.90118,52.29699],[4.90102,52.29608],[4.89297,52.29522],[4.89178,52.2947],[4.89147,52.29447],[4.89091,52.29149],[4.88707,52.28974],[4.88748,52.28897],[4.88977,52.28792],[4.88867,52.2869],[4.88533,52.2865],[4.88454,52.28418],[4.87878,52.2789],[4.88163,52.27446],[4.88158,52.27208],[4.87947,52.26708],[4.88234,52.26404],[4.87908,52.26171],[4.87327,52.2606],[4.87365,52.25805],[4.87067,52.25485],[4.87012,52.25328],[4.86878,52.2517],[4.86611,52.25099],[4.86062,52.24822],[4.85752,52.24772],[4.85654,52.24628],[4.85529,52.24556],[4.85494,52.24215],[4.85205,52.24201],[4.84377,52.24567],[4.83476,52.24982],[4.82484,52.25275],[4.80752,52.25757],[4.79532,52.26098],[4.7947,52.26068],[4.79557,52.26155],[4.80063,52.26605],[4.80686,52.2731],[4.81022,52.27681],[4.81495,52.28143],[4.8191,52.28547],[4.82383,52.29002],[4.82384,52.29054],[4.8224,52.29202],[4.80988,52.30578],[4.81708,52.31182],[4.81715,52.31197],[4.81612,52.31349],[4.81906,52.32332],[4.81875,52.32556],[4.82518,52.32573],[4.8394,52.32736],[4.83948,52.32915],[4.84048,52.32958],[4.84396,52.33022],[4.84511,52.32973],[4.84762,52.33007],[4.84799,52.33057],[4.85594,52.33026]]]]}},{"type":"Feature","properties":{"code":"GM0363","name":"Amsterdam"},"geometry":{"type":"MultiPolygon","coordinates":[[[[4.99689,52.31764],[4.99742,52.31674],[4.99709,52.31446],[4.9973,52.3142],[4.99746,52.31425],[4.99786,52.31398],[4.99808,52.31404],[5.01613,52.32451],[5.01665,52.32299],[5.01793,52.32319],[5.01842,52.32434],[5.01727,52.33019],[5.02159,52.33086],[5.02895,52.33077],[5.03979,52.32903],[5.04395,52.32796],[5.0448,52.32747],[5.04439,52.32715],[5.04559,52.32677],[5.04907,52.32699],[5.05821,52.32482],[5.06151,52.32367],[5.06111,52.32211],[5.06152,52.3218],[5.06012,52.32107],[5.05674,52.3196],[5.05909,52.31705],[5.05803,52.31668],[5.05834,52.31632],[5.06254,52.31764],[5.0633,52.31821],[5.06526,52.31918],[5.06572,52.32048],[5.06469,52.32201],[5.06932,52.32168],[5.07539,52.31915],[5.09165,52.31464],[5.09308,52.31415],[5.09211,52.31302],[5.09462,52.31243],[5.10057,52.3103],[5.09648,52.30729],[5.09577,52.30376],[5.09679,52.30044],[5.09894,52.2987],[5.10197,52.2978],[5.10627,52.29834],[5.10767,52.29729],[5.10606,52.29467],[5.10292,52.29447],[5.09935,52.2928],[5.09847,52.29164],[5.09871,52.29057],[5.10465,52.28538],[5.1043,52.28326],[5.10282,52.28238],[5.10209,52.2817],[5.10207,52.27989],[5.0877,52.28169],[5.08461,52.27941],[5.07708,52.27798],[5.06488,52.27827],[5.06381,52.27858],[5.06532,52.27966],[5.06388,52.27998],[5.06441,52.28074],[5.06586,52.28054],[5.06586,52.28114],[5.06547,52.2852],[5.06479,52.28508],[5.06342,52.28706],[5.05954,52.28932],[5.05274,52.28651],[5.05042,52.28786],[5.04278,52.28249],[5.04074,52.28388],[5.03952,52.28326],[5.03321,52.28626],[5.03053,52.28849],[5.02438,52.28136],[5.02283,52.28215],[5.02187,52.28265],[5.02154,52.30246],[5.0177,52.30272],[5.01617,52.30314],[5.01426,52.30368],[5.01272,52.30358],[5.00795,52.30155],[5.00526,52.29839],[5.00376,52.29834],[5.00324,52.2964],[5.00324,52.29602],[5.00185,52.29588],[5.00176,52.29277],[4.99747,52.28912],[4.9835,52.29037],[4.97185,52.28437],[4.97184,52.28436],[4.97037,52.28349],[4.96758,52.27956],[4.9658,52.28065],[4.96263,52.28029],[4.96105,52.27817],[4.95657,52.27867],[4.95524,52.27831],[4.95387,52.28003],[4.9432,52.29236],[4.93924,52.29694],[4.93026,52.30643],[4.92941,52.30783],[4.92991,52.3081],[4.92933,52.30853],[4.92943,52.30863],[4.93033,52.30919],[4.93006,52.30934],[4.93414,52.3119],[4.93611,52.31258],[4.93523,52.31389],[4.93777,52.31476],[4.93872,52.31509],[4.93845,52.31565],[4.93804,52.31651],[4.93983,52.31712],[4.94033,52.3183],[4.93958,52.31912],[4.94021,52.31933],[4.94022,52.31934],[4.94104,52.31962],[4.93993,52.32194],[4.93762,52.3233],[4.93796,52.32412],[4.93853,52.3242],[4.93915,52.32467],[4.9405,52.32568],[4.94187,52.32615],[4.94472,52.32713],[4.94766,52.32814],[4.94812,52.32763],[4.95267,52.32264],[4.95671,52.32403],[4.95675,52.32404],[4.96754,52.32776],[4.97027,52.32618],[4.97047,52.32629],[4.97066,52.32638],[4.97531,52.33056],[4.97714,52.33064],[4.97774,52.33103],[4.98011,52.33091],[4.98395,52.33067],[4.98618,52.32972],[4.9896,52.32755],[4.99167,52.32444],[4.99689,52.31764]]],[[[4.9994,52.34626],[4.99834,52.34846],[5.00496,52.34614],[5.00753,52.34442],[5.00513,52.34417],[4.9994,52.34626]]],[[[5.00155,52.36682],[5.01453,52.36797],[5.01275,52.36729],[5.002,52.36628],[5.00155,52.36682]]],[[[5.01254,52.37239],[5.01298,52.373],[5.01323,52.37309],[5.01456,52.37296],[5.01479,52.37262],[5.01447,52.37176],[5.01407,52.37166],[5.01322,52.37167],[5.01254,52.37239]]],[[[4.80994,52.42302],[4.82661,52.42092],[4.82772,52.42078],[4.84264,52.4188],[4.85608,52.41666],[4.85986,52.42047],[4.85783,52.42398],[4.85795,52.42472],[4.86221,52.42856],[4.8627,52.4296],[4.8628,52.42962],[4.86268,52.42994],[4.86419,52.43026],[4.86421,52.43037],[4.86501,52.43055],[4.86526,52.43054],[4.86597,52.43068],[4.86954,52.42985],[4.87146,52.4301],[4.87321,52.42955],[4.87362,52.42847],[4.87657,52.42623],[4.87899,52.4257],[4.88165,52.42566],[4.88686,52.42556],[4.88768,52.42559],[4.88814,52.42562],[4.89268,52.42542],[4.89874,52.42446],[4.89874,52.42449],[4.90569,52.42213],[4.90745,52.42126],[4.90807,52.4211],[4.90796,52.42087],[4.90868,52.42072],[4.90966,52.42025],[4.9143,52.4185],[4.91566,52.41857],[4.92045,52.41661],[4.92274,52.41553],[4.93072,52.41161],[4.93514,52.41204],[4.94265,52.41386],[4.94478,52.41502],[4.94779,52.42156],[4.94881,52.42146],[4.94968,52.42198],[4.95148,52.42193],[4.95172,52.42251],[4.95134,52.42323],[4.95233,52.42352],[4.95356,52.42226],[4.95578,52.42243],[4.956,52.42196],[4.97332,52.4228],[4.97624,52.42403],[4.98264,52.42676],[4.9871,52.42284],[4.9891,52.42331],[4.9904,52.42452],[4.99049,52.42543],[4.99558,52.42547],[5.00029,52.42541],[5.0182,52.41906],[5.02114,52.42105],[5.02836,52.41942],[5.02973,52.41771],[5.03004,52.41564],[5.03293,52.41646],[5.03524,52.41825],[5.04011,52.41731],[5.04918,52.41513],[5.06541,52.41724],[5.06826,52.41656],[5.06727,52.41342],[5.05763,52.41482],[5.05221,52.41318],[5.04625,52.40673],[5.03748,52.40425],[5.03131,52.40068],[5.02931,52.3985],[5.02488,52.38795],[5.01894,52.3865],[5.01748,52.38453],[5.01616,52.38424],[5.0142,52.38457],[5.01297,52.38424],[5.01307,52.38348],[5.01085,52.38306],[5.01123,52.38216],[5.013,52.38232],[5.0135,52.38183],[5.01357,52.37868],[5.01168,52.37363],[5.00848,52.37257],[5.00133,52.37523],[4.99992,52.37831],[4.99873,52.37872],[4.9941,52.37762],[4.99357,52.3783],[4.99802,52.37949],[4.9981,52.37941],[4.99843,52.37951],[4.99828,52.37979],[4.99188,52.37799],[4.99133,52.37775],[4.99171,52.37745],[4.99178,52.37725],[4.99176,52.3772],[4.99142,52.37721],[4.98966,52.3776],[4.98376,52.37403],[4.98165,52.37346],[4.98015,52.3737],[4.9785,52.37577],[4.97462,52.37896],[4.97396,52.37944],[4.97412,52.37873],[4.97436,52.37411],[4.97407,52.37194],[4.98032,52.36905],[4.97873,52.36873],[4.97366,52.36857],[4.97329,52.36756],[4.97686,52.36527],[4.98092,52.3633],[4.98355,52.36439],[4.98352,52.36473],[4.98386,52.36475],[4.98393,52.36454],[4.98474,52.36488],[4.98422,52.36522],[4.98469,52.36567],[4.99078,52.36377],[4.99062,52.36365],[4.99024,52.36379],[4.98908,52.36296],[4.98939,52.36279],[4.98661,52.36082],[4.9858,52.36124],[4.9854,52.36092],[4.9863,52.36043],[4.98617,52.36032],[4.98663,52.36008],[4.98708,52.35986],[4.98739,52.35997],[4.9877,52.35979],[4.99208,52.36166],[4.99715,52.35936],[5.00576,52.35481],[5.00613,52.35506],[5.00659,52.35482],[5.00624,52.35455],[5.00952,52.35326],[5.01355,52.35455],[5.01378,52.35513],[5.01403,52.35518],[5.0144,52.35482],[5.01525,52.35509],[5.01982,52.35633],[5.02042,52.35647],[5.02051,52.3561],[5.02113,52.35547],[5.02125,52.3541],[5.0206,52.35387],[5.01826,52.35378],[5.01718,52.35401],[5.0165,52.35368],[5.0191,52.35038],[5.01881,52.34989],[5.01515,52.34861],[5.01551,52.34795],[5.01515,52.34783],[5.01529,52.34763],[5.01512,52.34743],[5.01478,52.34784],[5.01433,52.34781],[5.01416,52.34756],[5.01457,52.34707],[5.00909,52.34504],[5.00363,52.34781],[4.99879,52.3508],[4.99919,52.35108],[4.99908,52.35114],[4.99901,52.35117],[4.99756,52.35031],[4.99188,52.35288],[4.98931,52.35472],[4.9902,52.35493],[4.98672,52.35664],[4.98652,52.358],[4.98737,52.35816],[4.98903,52.3573],[4.98943,52.35738],[4.9899,52.35713],[4.99003,52.35721],[4.98813,52.35824],[4.9882,52.35864],[4.9861,52.35979],[4.98471,52.36033],[4.98046,52.35857],[4.97943,52.35948],[4.97973,52.35964],[4.97842,52.36082],[4.97717,52.36031],[4.9762,52.36109],[4.97539,52.36077],[4.97421,52.36183],[4.97769,52.36426],[4.97639,52.365],[4.97436,52.36581],[4.97165,52.3649],[4.97036,52.36328],[4.96895,52.36085],[4.9741,52.36069],[4.97415,52.35805],[4.97517,52.35721],[4.98438,52.35811],[4.98574,52.35763],[4.98513,52.35537],[4.99143,52.35242],[4.9944,52.35003],[4.99579,52.34981],[4.997,52.34869],[4.99839,52.34635],[5.00254,52.34412],[5.00581,52.34356],[5.01064,52.3441],[5.0123,52.34385],[5.01226,52.3438],[5.00907,52.34189],[5.00416,52.34258],[4.99932,52.34154],[4.99834,52.34201],[4.98991,52.34646],[4.9838,52.34971],[4.98036,52.35154],[4.97671,52.35349],[4.97248,52.35546],[4.96959,52.3561],[4.96931,52.35561],[4.9695,52.35558],[4.96952,52.3555],[4.96887,52.35515],[4.96624,52.35416],[4.96586,52.35465],[4.96454,52.35277],[4.96043,52.34794],[4.96038,52.34789],[4.95636,52.34368],[4.95627,52.34359],[4.95273,52.34016],[4.9525,52.34001],[4.9497,52.33873],[4.94986,52.33853],[4.94375,52.33674],[4.9438,52.33671],[4.943,52.33657],[4.9426,52.33652],[4.94172,52.33641],[4.9417,52.33553],[4.93967,52.33561],[4.93651,52.33459],[4.93562,52.33551],[4.93422,52.3355],[4.92849,52.33655],[4.92677,52.33596],[4.92694,52.33578],[4.92577,52.33537],[4.92536,52.33538],[4.92495,52.33538],[4.92376,52.33544],[4.92255,52.33308],[4.91748,52.33154],[4.91293,52.33051],[4.91326,52.3284],[4.91326,52.3284],[4.91359,52.32633],[4.91388,52.32455],[4.9111,52.3241],[4.91033,52.32357],[4.91134,52.32288],[4.91081,52.32188],[4.91428,52.32041],[4.91238,52.31825],[4.90913,52.31825],[4.90784,52.31951],[4.90253,52.32132],[4.89828,52.32164],[4.89629,52.32242],[4.89516,52.32241],[4.89492,52.32242],[4.89301,52.32237],[4.88218,52.32216],[4.87812,52.32209],[4.87811,52.32209],[4.86935,52.32194],[4.86914,52.32193],[4.86914,52.32193],[4.86149,52.3218],[4.85764,52.32174],[4.8576,52.32142],[4.85675,52.32141],[4.85647,52.32177],[4.85633,52.32176],[4.85639,52.32493],[4.85652,52.32941],[4.85594,52.33026],[4.84799,52.33057],[4.84762,52.33007],[4.84511,52.32973],[4.84396,52.33022],[4.84048,52.32958],[4.83948,52.32915],[4.8394,52.32736],[4.82518,52.32573],[4.81875,52.32556],[4.81712,52.32693],[4.8164,52.32741],[4.80305,52.33303],[4.7988,52.3348],[4.79822,52.33504],[4.79733,52.3356],[4.7911,52.3415],[4.7808,52.34585],[4.7733,52.34892],[4.76739,52.35127],[4.75568,52.35615],[4.75484,52.35791],[4.75588,52.36181],[4.75784,52.36872],[4.75847,52.37109],[4.75838,52.37402],[4.75672,52.37784],[4.75726,52.37798],[4.75912,52.37933],[4.75908,52.38094],[4.75895,52.38412],[4.75851,52.38719],[4.75831,52.3879],[4.7583,52.38795],[4.75786,52.39659],[4.75748,52.39688],[4.72876,52.40071],[4.73857,52.42922],[4.73921,52.43106],[4.75008,52.42964],[4.7532,52.42924],[4.76476,52.42778],[4.76754,52.4285],[4.78348,52.42641],[4.80994,52.42302]],[[4.95956,52.36646],[4.95822,52.36617],[4.95826,52.36601],[4.95831,52.36581],[4.96108,52.36599],[4.9623,52.3647],[4.96227,52.3642],[4.96132,52.36368],[4.96835,52.36095],[4.96974,52.36353],[4.97021,52.36488],[4.96843,52.36673],[4.96989,52.36821],[4.96916,52.36862],[4.9623,52.36857],[4.95801,52.36843],[4.95818,52.36687],[4.95969,52.36714],[4.95956,52.36646]],[[4.96132,52.38166],[4.96118,52.38156],[4.96164,52.38135],[4.96162,52.38132],[4.96122,52.38149],[4.96115,52.38141],[4.96108,52.38133],[4.9614,52.38117],[4.96137,52.38115],[4.96088,52.38135],[4.96074,52.38123],[4.96085,52.38118],[4.96084,52.38116],[4.9603,52.38139],[4.9602,52.38131],[4.96037,52.38123],[4.95997,52.38097],[4.95959,52.38093],[4.95899,52.38107],[4.95886,52.38096],[4.95914,52.38084],[4.95876,52.38061],[4.96187,52.37978],[4.96174,52.37961],[4.95883,52.38038],[4.9587,52.38016],[4.96163,52.37939],[4.96139,52.37906],[4.96115,52.37913],[4.96125,52.37928],[4.95996,52.37964],[4.95986,52.37947],[4.96478,52.37684],[4.97225,52.37292],[4.97363,52.37218],[4.97394,52.37434],[4.97346,52.37837],[4.97284,52.37983],[4.96939,52.37927],[4.9686,52.37932],[4.96329,52.38359],[4.96116,52.3818],[4.9615,52.38165],[4.96145,52.38161],[4.96132,52.38166]]]]}},{"type":"Feature","properties":{"code":"GM0373","name":"Bergen (NH.)"},"geometry":{"type":"MultiPolygon","coordinates":[[[[4.65919,52.74731],[4.66046,52.74671],[4.66243,52.74674],[4.6684,52.74249],[4.66901,52.74197],[4.66925,52.74166],[4.67122,52.74058],[4.67889,52.73917],[4.67965,52.73811],[4.68102,52.73768],[4.68353,52.73354],[4.6869,52.73265],[4.68982,52.73299],[4.69035,52.73262],[4.69978,52.72449],[4.70231,52.72168],[4.70433,52.72042],[4.70698,52.7187],[4.71047,52.71453],[4.71446,52.71128],[4.71581,52.71005],[4.71621,52.70771],[4.71786,52.70264],[4.71921,52.6991],[4.7206,52.69712],[4.72522,52.69385],[4.72885,52.6914],[4.73838,52.68436],[4.74174,52.68081],[4.74384,52.6787],[4.74771,52.67685],[4.75241,52.67145],[4.74901,52.66597],[4.74593,52.66308],[4.74516,52.66336],[4.7426,52.66118],[4.73925,52.66294],[4.7341,52.66293],[4.73521,52.66139],[4.7337,52.6618],[4.73115,52.66159],[4.73285,52.65989],[4.73153,52.65981],[4.73064,52.65875],[4.72762,52.6585],[4.72755,52.65739],[4.72571,52.65731],[4.72925,52.65612],[4.72682,52.65549],[4.72525,52.65195],[4.72179,52.65073],[4.72268,52.64937],[4.72194,52.64918],[4.72039,52.65008],[4.71693,52.6496],[4.71761,52.64665],[4.71281,52.64621],[4.7142,52.64282],[4.71003,52.64247],[4.70887,52.63551],[4.70981,52.63251],[4.70831,52.63088],[4.71133,52.62991],[4.7098,52.62872],[4.71529,52.62582],[4.7149,52.62535],[4.71459,52.62478],[4.70795,52.62035],[4.7057,52.62136],[4.68999,52.62375],[4.68551,52.61931],[4.6858,52.61777],[4.68369,52.61267],[4.68077,52.61028],[4.68037,52.60846],[4.67444,52.60377],[4.67388,52.60096],[4.67317,52.59621],[4.67386,52.59293],[4.6724,52.5923],[4.67258,52.5909],[4.65984,52.58614],[4.65571,52.58551],[4.65498,52.58287],[4.60996,52.57374],[4.61528,52.59623],[4.6166,52.60585],[4.61689,52.60885],[4.61839,52.61659],[4.61937,52.62384],[4.62041,52.6273],[4.62167,52.63052],[4.62224,52.63579],[4.62375,52.63979],[4.62539,52.6557],[4.62677,52.66477],[4.62761,52.66663],[4.63024,52.67567],[4.63252,52.6818],[4.63432,52.69399],[4.63758,52.70754],[4.63742,52.712],[4.63653,52.71286],[4.6357,52.72029],[4.63661,52.72867],[4.6429,52.75066],[4.64576,52.75664],[4.65104,52.75585],[4.65898,52.7496],[4.65919,52.74731]]]]}},{"type":"Feature","properties":{"code":"GM0375","name":"Beverwijk"},"geometry":{"type":"MultiPolygon","coordinates":[[[[4.66989,52.4984],[4.67285,52.49697],[4.6735,52.49653],[4.67507,52.49559],[4.67441,52.49516],[4.67699,52.49443],[4.67799,52.49336],[4.67861,52.49372],[4.67992,52.49317],[4.68051,52.49354],[4.68203,52.49282],[4.68372,52.49275],[4.68384,52.49272],[4.68597,52.49174],[4.68709,52.49239],[4.69038,52.49083],[4.69099,52.49132],[4.69474,52.49134],[4.69493,52.49068],[4.6946,52.48959],[4.69455,52.4883],[4.69551,52.48739],[4.6976,52.48751],[4.69967,52.4898],[4.70372,52.48853],[4.70309,52.48756],[4.70797,52.48633],[4.70591,52.48444],[4.70616,52.48284],[4.70547,52.48186],[4.70073,52.48024],[4.69873,52.47714],[4.69928,52.47453],[4.69728,52.47201],[4.69782,52.47103],[4.69461,52.46808],[4.69008,52.46562],[4.68515,52.46366],[4.68427,52.46352],[4.68507,52.46256],[4.68459,52.46223],[4.683,52.46113],[4.67485,52.45552],[4.66192,52.46176],[4.66761,52.46843],[4.66437,52.47057],[4.65416,52.47666],[4.65333,52.47715],[4.64929,52.47653],[4.64901,52.47661],[4.64674,52.47708],[4.64764,52.47842],[4.6407,52.47939],[4.63784,52.48013],[4.62096,52.48233],[4.61819,52.48329],[4.61355,52.4838],[4.60405,52.48147],[4.60272,52.48335],[4.59612,52.48597],[4.59051,52.48725],[4.58134,52.48932],[4.58656,52.49916],[4.59167,52.49784],[4.59169,52.49828],[4.59555,52.4982],[4.59798,52.49685],[4.59993,52.49726],[4.59864,52.49594],[4.60431,52.49439],[4.6063,52.49479],[4.6063,52.49481],[4.60747,52.49457],[4.61151,52.49664],[4.61304,52.49633],[4.6214,52.49786],[4.63096,52.49866],[4.63137,52.49869],[4.63389,52.4989],[4.635,52.49953],[4.63502,52.49906],[4.64511,52.49957],[4.64631,52.49908],[4.64943,52.49912],[4.64945,52.49905],[4.65002,52.49842],[4.65124,52.49885],[4.65256,52.49819],[4.65538,52.49793],[4.6574,52.49866],[4.65748,52.49868],[4.66605,52.50174],[4.66691,52.50105],[4.6663,52.50074],[4.66833,52.49992],[4.66989,52.4984]]]]}},{"type":"Feature","properties":{"code":"GM0376","name":"Blaricum"},"geometry":{"type":"MultiPolygon","coordinates":[[[[5.31718,52.30059],[5.31444,52.30102],[5.31107,52.29992],[5.30826,52.29981],[5.30432,52.29734],[5.30312,52.29522],[5.29972,52.29452],[5.29723,52.29316],[5.29553,52.28996],[5.29588,52.28859],[5.29655,52.28669],[5.30647,52.27761],[5.30583,52.27733],[5.27866,52.28047],[5.27713,52.28064],[5.26921,52.28154],[5.26577,52.28165],[5.26566,52.28151],[5.2611,52.27584],[5.24408,52.25466],[5.24406,52.25466],[5.23205,52.26447],[5.23059,52.2647],[5.23013,52.26562],[5.22958,52.26546],[5.22598,52.2682],[5.22551,52.27291],[5.21687,52.26899],[5.21164,52.26734],[5.20924,52.26593],[5.20769,52.26627],[5.20382,52.26712],[5.2069,52.27209],[5.20703,52.27342],[5.20722,52.27435],[5.21088,52.27734],[5.21096,52.27735],[5.2276,52.27713],[5.23249,52.28127],[5.23635,52.28119],[5.24123,52.28131],[5.24133,52.28132],[5.24638,52.28233],[5.24623,52.2832],[5.2498,52.28433],[5.2501,52.28442],[5.25756,52.28674],[5.26832,52.29009],[5.27099,52.29092],[5.27116,52.291],[5.27441,52.29341],[5.27774,52.29607],[5.28091,52.29378],[5.28781,52.2976],[5.29136,52.29659],[5.29872,52.29806],[5.30232,52.30211],[5.30733,52.30273],[5.30901,52.30493],[5.31227,52.30347],[5.31341,52.30337],[5.3139,52.3031],[5.31718,52.30059]]],[[[5.3271,52.29033],[5.31565,52.2927],[5.31547,52.29492],[5.3242,52.29488],[5.32867,52.29244],[5.32633,52.29079],[5.3271,52.29033]]]]}},{"type":"Feature","properties":{"code":"GM0377","name":"Bloemendaal"},"geometry":{"type":"MultiPolygon","coordinates":[[[[4.61725,52.42513],[4.62084,52.42438],[4.62147,52.4249],[4.62499,52.42349],[4.62358,52.42208],[4.62449,52.42162],[4.62591,52.42056],[4.62543,52.4201],[4.62705,52.41736],[4.6264,52.41653],[4.62874,52.41584],[4.62784,52.41471],[4.62884,52.41431],[4.62762,52.4126],[4.62999,52.41197],[4.63161,52.41167],[4.63165,52.41167],[4.62929,52.40712],[4.62441,52.39774],[4.62439,52.3977],[4.62367,52.39577],[4.6237,52.39169],[4.62161,52.38798],[4.61625,52.38882],[4.61082,52.38982],[4.60858,52.38552],[4.60533,52.38549],[4.60202,52.38462],[4.60053,52.38292],[4.60026,52.38076],[4.59978,52.37896],[4.59955,52.37722],[4.60107,52.3768],[4.60117,52.37552],[4.60145,52.37277],[4.60183,52.37219],[4.60459,52.37136],[4.60377,52.36886],[4.60416,52.36759],[4.60732,52.36704],[4.60572,52.3634],[4.60226,52.3567],[4.59681,52.3455],[4.59358,52.33781],[4.59026,52.32852],[4.59019,52.32835],[4.5908,52.32821],[4.59131,52.32823],[4.59178,52.32853],[4.59337,52.32812],[4.59387,52.32865],[4.59699,52.32789],[4.5973,52.32783],[4.60623,52.32376],[4.60652,52.32363],[4.60726,52.3233],[4.60737,52.32338],[4.60762,52.32356],[4.60781,52.32349],[4.61138,52.3222],[4.61153,52.31834],[4.61168,52.31356],[4.60289,52.31585],[4.60146,52.31652],[4.59946,52.3171],[4.59946,52.3171],[4.59657,52.31771],[4.59509,52.31768],[4.59332,52.31778],[4.59331,52.31778],[4.59103,52.31779],[4.58769,52.31788],[4.58799,52.31694],[4.58747,52.31676],[4.58689,52.317],[4.58661,52.31701],[4.58609,52.31732],[4.58594,52.31757],[4.58579,52.3182],[4.58344,52.31838],[4.57324,52.31536],[4.56908,52.31648],[4.56845,52.31564],[4.56371,52.3093],[4.54732,52.314],[4.565,52.34434],[4.57004,52.35336],[4.57451,52.36145],[4.57662,52.36517],[4.57957,52.37034],[4.57972,52.3706],[4.59146,52.39136],[4.59166,52.39172],[4.54304,52.40109],[4.54132,52.4014],[4.55478,52.42261],[4.55964,52.4379],[4.5601,52.43804],[4.56319,52.43765],[4.58469,52.43484],[4.58782,52.43444],[4.61505,52.42594],[4.61725,52.42513]]]]}},{"type":"Feature","properties":{"code":"GM0383","name":"Castricum"},"geometry":{"type":"MultiPolygon","coordinates":[[[[4.75648,52.59157],[4.75131,52.58228],[4.7489,52.57399],[4.74728,52.57136],[4.7447,52.56794],[4.74508,52.56685],[4.75254,52.56278],[4.75686,52.56207],[4.77197,52.5599],[4.78162,52.5571],[4.77806,52.54418],[4.77773,52.53375],[4.77469,52.53455],[4.76802,52.53463],[4.76243,52.53751],[4.75948,52.53738],[4.75527,52.53574],[4.75044,52.5379],[4.73539,52.54382],[4.72372,52.54667],[4.7198,52.54385],[4.71879,52.55162],[4.7059,52.54822],[4.70643,52.5463],[4.70369,52.5454],[4.69453,52.54419],[4.6956,52.53587],[4.6976,52.52924],[4.69747,52.52916],[4.69574,52.52673],[4.66957,52.53054],[4.65997,52.53175],[4.6562,52.53153],[4.65303,52.53072],[4.65279,52.53073],[4.5983,52.53114],[4.60118,52.53935],[4.60996,52.57374],[4.65498,52.58287],[4.65571,52.58551],[4.65984,52.58614],[4.67258,52.5909],[4.67398,52.58995],[4.67061,52.58873],[4.67164,52.5873],[4.67774,52.58548],[4.67765,52.58434],[4.67927,52.58387],[4.68552,52.58313],[4.68624,52.58296],[4.68542,52.58096],[4.6913,52.58005],[4.69108,52.57958],[4.69659,52.57898],[4.69832,52.58186],[4.70336,52.58155],[4.70375,52.58034],[4.71026,52.58059],[4.71818,52.58008],[4.71847,52.58006],[4.72334,52.57977],[4.72488,52.57874],[4.72671,52.57964],[4.73999,52.57893],[4.74445,52.59029],[4.75097,52.58912],[4.75214,52.59189],[4.75248,52.59258],[4.75648,52.59157]]]]}},{"type":"Feature","properties":{"code":"GM0384","name":"Diemen"},"geometry":{"type":"MultiPolygon","coordinates":[[[[4.97248,52.35546],[4.97671,52.35349],[4.98036,52.35154],[4.9838,52.34971],[4.98991,52.34646],[4.99834,52.34201],[4.99932,52.34154],[5.00416,52.34258],[5.00907,52.34189],[5.01226,52.3438],[5.0123,52.34385],[5.01254,52.34394],[5.01337,52.34376],[5.01479,52.34457],[5.01547,52.34369],[5.01532,52.34326],[5.01578,52.34316],[5.01621,52.34374],[5.01602,52.34527],[5.01655,52.34572],[5.01512,52.34743],[5.01529,52.34763],[5.01675,52.3459],[5.01905,52.34788],[5.02365,52.34802],[5.02686,52.34877],[5.03494,52.34453],[5.034,52.34064],[5.02619,52.33806],[5.02614,52.33749],[5.02742,52.33783],[5.02749,52.33772],[5.02534,52.33705],[5.01846,52.33407],[5.01499,52.33178],[5.01445,52.33143],[5.01279,52.33021],[5.01613,52.32451],[4.99808,52.31404],[4.99786,52.31398],[4.99746,52.31425],[4.9973,52.3142],[4.99709,52.31446],[4.99742,52.31674],[4.99689,52.31764],[4.99167,52.32444],[4.9896,52.32755],[4.98618,52.32972],[4.98395,52.33067],[4.98011,52.33091],[4.97774,52.33103],[4.97714,52.33064],[4.97531,52.33056],[4.97066,52.32638],[4.97047,52.32629],[4.97027,52.32618],[4.96754,52.32776],[4.95675,52.32404],[4.95671,52.32403],[4.95267,52.32264],[4.94812,52.32763],[4.94766,52.32814],[4.94472,52.32713],[4.94269,52.32933],[4.94891,52.33153],[4.94867,52.33171],[4.94601,52.33377],[4.948,52.335],[4.95045,52.33777],[4.95062,52.33794],[4.95033,52.33864],[4.94986,52.33853],[4.9497,52.33873],[4.9525,52.34001],[4.95273,52.34016],[4.95627,52.34359],[4.95636,52.34368],[4.96038,52.34789],[4.96043,52.34794],[4.96454,52.35277],[4.96586,52.35465],[4.96624,52.35416],[4.96887,52.35515],[4.96952,52.3555],[4.9695,52.35558],[4.96931,52.35561],[4.96959,52.3561],[4.97248,52.35546]]]]}},{"type":"Feature","properties":{"code":"GM0385","name":"Edam-Volendam"},"geometry":{"type":"MultiPolygon","coordinates":[[[[5.02333,52.59142],[5.02857,52.58523],[5.0279,52.5834],[5.02929,52.58212],[5.02935,52.58066],[5.03258,52.57358],[5.031,52.57037],[5.03121,52.56745],[5.03467,52.56492],[5.04267,52.56096],[5.04294,52.55862],[5.05475,52.54467],[5.05404,52.54191],[5.05459,52.53879],[5.05757,52.53724],[5.06301,52.52978],[5.06477,52.52898],[5.06577,52.5262],[5.06644,52.52278],[5.06977,52.52106],[5.07169,52.5189],[5.07382,52.51937],[5.075,52.51906],[5.07456,52.51715],[5.07498,52.51504],[5.08054,52.51313],[5.08201,52.51038],[5.08376,52.50662],[5.08569,52.50376],[5.08096,52.49977],[5.07793,52.4955],[5.0785,52.49459],[5.07786,52.49374],[5.07674,52.49284],[5.07697,52.49258],[5.07688,52.49255],[5.07653,52.49283],[5.07773,52.49385],[5.07687,52.49434],[5.0756,52.49352],[5.07551,52.49297],[5.07353,52.49255],[5.07386,52.49204],[5.07629,52.49264],[5.07638,52.49253],[5.07558,52.49225],[5.0738,52.49186],[5.07357,52.49211],[5.07181,52.4919],[5.07156,52.49091],[5.06995,52.48968],[5.06867,52.48955],[5.06739,52.48967],[5.06586,52.49001],[5.06522,52.49071],[5.06415,52.49061],[5.06308,52.48871],[5.06281,52.48822],[5.06156,52.48827],[5.06067,52.48748],[5.06,52.48687],[5.05948,52.48561],[5.05864,52.48552],[5.05909,52.49096],[5.03878,52.48834],[5.03408,52.48833],[5.03391,52.48857],[5.03105,52.48848],[5.03062,52.48706],[5.02552,52.48514],[5.02461,52.48493],[4.99796,52.49473],[5.0098,52.50681],[5.0247,52.5224],[5.0197,52.52371],[5.01426,52.52624],[5.00877,52.52769],[5.00109,52.52692],[4.9974,52.52271],[4.99202,52.51983],[4.99164,52.51998],[4.98656,52.52185],[4.9732,52.52541],[4.96725,52.52737],[4.957,52.52911],[4.95946,52.53331],[4.96195,52.53635],[4.96881,52.54084],[4.97339,52.54337],[4.97565,52.5454],[4.9765,52.54685],[4.97535,52.54908],[4.97764,52.55345],[4.9765,52.56115],[4.98042,52.56436],[4.98608,52.5673],[4.99587,52.57385],[4.99717,52.57512],[4.99651,52.57764],[4.99189,52.58223],[4.98222,52.5855],[4.9801,52.58696],[4.97747,52.58663],[4.97435,52.58559],[4.96866,52.58448],[4.96473,52.58279],[4.96274,52.58147],[4.95857,52.58031],[4.95521,52.57996],[4.95392,52.58113],[4.95448,52.5842],[4.95402,52.58666],[4.94974,52.59257],[4.94937,52.59479],[4.94985,52.59529],[5.00488,52.59757],[5.00795,52.6078],[5.00669,52.61052],[5.01865,52.61206],[5.01885,52.61244],[5.01966,52.61245],[5.01939,52.61031],[5.02003,52.6093],[5.01968,52.60836],[5.01949,52.60642],[5.02226,52.60452],[5.02082,52.60316],[5.02117,52.6023],[5.0231,52.60157],[5.02436,52.59965],[5.02049,52.596],[5.02333,52.59142]]]]}},{"type":"Feature","properties":{"code":"GM0388","name":"Enkhuizen"},"geometry":{"type":"MultiPolygon","coordinates":[[[[5.25943,52.74486],[5.2699,52.74517],[5.27197,52.74633],[5.27808,52.74306],[5.28266,52.74233],[5.28285,52.74049],[5.2868,52.73593],[5.28722,52.7331],[5.28436,52.73223],[5.28371,52.73083],[5.28754,52.72841],[5.28487,52.72723],[5.28495,52.72222],[5.28364,52.72198],[5.28516,52.72172],[5.2861,52.71979],[5.28858,52.719],[5.288,52.7148],[5.28918,52.71411],[5.28959,52.71422],[5.29097,52.71337],[5.29073,52.7132],[5.29565,52.71028],[5.30173,52.70831],[5.30464,52.70824],[5.30712,52.70895],[5.30738,52.70996],[5.30777,52.70838],[5.30746,52.70682],[5.30693,52.70621],[5.30606,52.70586],[5.30517,52.70653],[5.30006,52.70794],[5.29794,52.70663],[5.29801,52.7063],[5.29856,52.70604],[5.29931,52.70598],[5.29916,52.70584],[5.29854,52.70589],[5.29843,52.70529],[5.29891,52.70526],[5.29901,52.70568],[5.29923,52.70568],[5.29907,52.70515],[5.29827,52.70485],[5.29799,52.70382],[5.29934,52.70274],[5.29378,52.69957],[5.29367,52.69962],[5.29424,52.70002],[5.29421,52.70007],[5.29327,52.69999],[5.29152,52.7002],[5.2897,52.70062],[5.28919,52.70011],[5.2923,52.69939],[5.29313,52.69946],[5.29311,52.69927],[5.29179,52.69923],[5.28971,52.69944],[5.28983,52.6987],[5.29147,52.6988],[5.29148,52.69863],[5.29058,52.69854],[5.29084,52.69798],[5.2865,52.69558],[5.2857,52.69578],[5.28975,52.69801],[5.28924,52.69944],[5.28528,52.69895],[5.28369,52.69878],[5.28366,52.69832],[5.28579,52.69799],[5.28898,52.69859],[5.28415,52.69683],[5.27964,52.69596],[5.27943,52.69474],[5.28243,52.69329],[5.2837,52.69353],[5.28413,52.69273],[5.28681,52.6908],[5.28743,52.69116],[5.28688,52.6899],[5.27604,52.68413],[5.2757,52.68436],[5.28607,52.69036],[5.28295,52.69194],[5.28172,52.69123],[5.28002,52.69152],[5.27947,52.69195],[5.27415,52.68874],[5.27109,52.68764],[5.26958,52.6874],[5.26642,52.68789],[5.26113,52.68663],[5.25925,52.68691],[5.25898,52.69596],[5.25896,52.69662],[5.25896,52.69676],[5.25874,52.70069],[5.25846,52.7047],[5.25816,52.70905],[5.2575,52.71618],[5.25734,52.71985],[5.25507,52.74216],[5.25432,52.74698],[5.25943,52.74486]]],[[[5.23468,52.79343],[5.23221,52.79392],[5.22967,52.79468],[5.22058,52.79821],[5.22133,52.79966],[5.21813,52.80189],[5.22164,52.80545],[5.22251,52.80511],[5.23794,52.79537],[5.23649,52.79451],[5.23521,52.79343],[5.23468,52.79343]]]]}},{"type":"Feature","properties":{"code":"GM0392","name":"Haarlem"},"geometry":{"type":"MultiPolygon","coordinates":[[[[4.67212,52.4224],[4.67437,52.41863],[4.6775,52.41896],[4.68123,52.41933],[4.68065,52.41801],[4.6818,52.41778],[4.68248,52.41385],[4.68113,52.41232],[4.67551,52.40963],[4.67196,52.40945],[4.67438,52.40647],[4.66882,52.40416],[4.66866,52.4014],[4.67869,52.39948],[4.67857,52.39851],[4.67563,52.39725],[4.67346,52.39407],[4.67454,52.39091],[4.67772,52.38974],[4.68119,52.39029],[4.68144,52.38992],[4.6826,52.38822],[4.68692,52.38744],[4.68597,52.38402],[4.686,52.38352],[4.67738,52.37709],[4.67271,52.37422],[4.67138,52.37038],[4.67138,52.37037],[4.67209,52.36816],[4.67524,52.35947],[4.67647,52.35618],[4.67563,52.35288],[4.67148,52.35015],[4.66081,52.34554],[4.65923,52.34487],[4.65641,52.34364],[4.65166,52.34156],[4.64763,52.34007],[4.63965,52.33891],[4.63938,52.34063],[4.64103,52.34399],[4.64032,52.34556],[4.64039,52.34983],[4.6398,52.35091],[4.6366,52.35318],[4.63585,52.35404],[4.63494,52.35596],[4.63759,52.35947],[4.63736,52.36026],[4.63663,52.36148],[4.63034,52.36065],[4.62563,52.36213],[4.61825,52.36147],[4.61772,52.36153],[4.61066,52.36271],[4.60858,52.36296],[4.60842,52.36298],[4.60572,52.3634],[4.60732,52.36704],[4.60416,52.36759],[4.60377,52.36886],[4.60459,52.37136],[4.60183,52.37219],[4.60145,52.37277],[4.60117,52.37552],[4.60107,52.3768],[4.59955,52.37722],[4.59978,52.37896],[4.60026,52.38076],[4.60053,52.38292],[4.60202,52.38462],[4.60533,52.38549],[4.60858,52.38552],[4.61082,52.38982],[4.61625,52.38882],[4.62161,52.38798],[4.6237,52.39169],[4.62367,52.39577],[4.62439,52.3977],[4.62441,52.39774],[4.62929,52.40712],[4.63165,52.41167],[4.63612,52.41083],[4.63729,52.41212],[4.63938,52.41451],[4.64249,52.41787],[4.64502,52.42103],[4.64572,52.42197],[4.65077,52.42857],[4.65315,52.428],[4.66283,52.42585],[4.66485,52.4256],[4.66562,52.42549],[4.67212,52.4224]]]]}},{"type":"Feature","properties":{"code":"GM0394","name":"Haarlemmermeer"},"geometry":{"type":"MultiPolygon","coordinates":[[[[4.75786,52.39659],[4.7583,52.38795],[4.75831,52.3879],[4.75851,52.38719],[4.75895,52.38412],[4.75908,52.38094],[4.75912,52.37933],[4.75726,52.37798],[4.75672,52.37784],[4.75838,52.37402],[4.75847,52.37109],[4.75784,52.36872],[4.75588,52.36181],[4.75484,52.35791],[4.75568,52.35615],[4.76739,52.35127],[4.7733,52.34892],[4.7808,52.34585],[4.7911,52.3415],[4.79733,52.3356],[4.79822,52.33504],[4.7988,52.3348],[4.80305,52.33303],[4.8164,52.32741],[4.81712,52.32693],[4.81875,52.32556],[4.81906,52.32332],[4.81612,52.31349],[4.81715,52.31197],[4.81708,52.31182],[4.80988,52.30578],[4.8037,52.30358],[4.79884,52.30142],[4.79566,52.29932],[4.79444,52.29627],[4.79325,52.2941],[4.78834,52.28853],[4.77991,52.28313],[4.77102,52.27937],[4.76511,52.27678],[4.75688,52.2744],[4.75132,52.27369],[4.7467,52.27225],[4.74562,52.27164],[4.74377,52.26984],[4.73923,52.26761],[4.73457,52.26655],[4.7298,52.26516],[4.72588,52.26334],[4.72079,52.25878],[4.71322,52.2554],[4.70527,52.24676],[4.70187,52.24447],[4.69551,52.24322],[4.69271,52.24272],[4.68125,52.23914],[4.67707,52.23439],[4.67035,52.23076],[4.66835,52.22958],[4.66585,52.228],[4.65847,52.2261],[4.65385,52.22435],[4.64718,52.22121],[4.64402,52.22065],[4.63857,52.21849],[4.63263,52.21618],[4.62584,52.2153],[4.62584,52.2153],[4.62248,52.21492],[4.61844,52.21448],[4.60276,52.21456],[4.59818,52.21555],[4.58355,52.21887],[4.57376,52.21726],[4.5722,52.217],[4.55843,52.2188],[4.55661,52.21927],[4.55393,52.22221],[4.55047,52.22675],[4.55362,52.23093],[4.55561,52.23202],[4.55562,52.23202],[4.56078,52.23306],[4.56227,52.23384],[4.56292,52.23472],[4.56418,52.23863],[4.56505,52.24142],[4.56535,52.24235],[4.56621,52.24501],[4.56783,52.25075],[4.56876,52.25567],[4.56954,52.25986],[4.56845,52.26471],[4.56825,52.26555],[4.56804,52.26652],[4.56834,52.26855],[4.57275,52.27124],[4.57712,52.2738],[4.57719,52.27384],[4.58414,52.27792],[4.58487,52.27833],[4.58821,52.28023],[4.58887,52.28111],[4.58954,52.28248],[4.59134,52.28596],[4.59374,52.2887],[4.5956,52.2908],[4.59636,52.29184],[4.59648,52.29445],[4.59824,52.29774],[4.59983,52.29987],[4.60233,52.30324],[4.60474,52.30628],[4.61026,52.31088],[4.61153,52.31224],[4.61168,52.31356],[4.61153,52.31834],[4.61138,52.3222],[4.61139,52.32225],[4.61166,52.32542],[4.61347,52.32806],[4.61656,52.33147],[4.6201,52.33372],[4.63058,52.33753],[4.63965,52.33891],[4.64763,52.34007],[4.65166,52.34156],[4.65641,52.34364],[4.65923,52.34487],[4.66081,52.34554],[4.67148,52.35015],[4.67563,52.35288],[4.67647,52.35618],[4.67524,52.35947],[4.67209,52.36816],[4.67138,52.37037],[4.67138,52.37038],[4.67271,52.37422],[4.67738,52.37709],[4.686,52.38352],[4.68597,52.38402],[4.68692,52.38744],[4.6826,52.38822],[4.68144,52.38992],[4.68119,52.39029],[4.67772,52.38974],[4.67454,52.39091],[4.67346,52.39407],[4.67563,52.39725],[4.67857,52.39851],[4.67869,52.39948],[4.66866,52.4014],[4.66882,52.40416],[4.67438,52.40647],[4.67196,52.40945],[4.67551,52.40963],[4.68113,52.41232],[4.68248,52.41385],[4.69149,52.41881],[4.70054,52.42551],[4.71065,52.42769],[4.72198,52.43334],[4.73921,52.43106],[4.73857,52.42922],[4.72876,52.40071],[4.75748,52.39688],[4.75786,52.39659]]]]}},{"type":"Feature","properties":{"code":"GM0396","name":"Heemskerk"},"geometry":{"type":"MultiPolygon","coordinates":[[[[4.65997,52.53175],[4.66957,52.53054],[4.69574,52.52673],[4.69283,52.52228],[4.69059,52.51908],[4.69139,52.51689],[4.69067,52.51562],[4.6926,52.511],[4.69511,52.51],[4.69461,52.50762],[4.69708,52.50755],[4.70124,52.50886],[4.70385,52.50833],[4.70653,52.5104],[4.70915,52.50986],[4.70794,52.50614],[4.70586,52.50625],[4.70344,52.5031],[4.70542,52.50011],[4.7117,52.49682],[4.72037,52.49495],[4.71464,52.4932],[4.70844,52.48863],[4.70797,52.48633],[4.70309,52.48756],[4.70372,52.48853],[4.69967,52.4898],[4.6976,52.48751],[4.69551,52.48739],[4.69455,52.4883],[4.6946,52.48959],[4.69493,52.49068],[4.69474,52.49134],[4.69099,52.49132],[4.69038,52.49083],[4.68709,52.49239],[4.68597,52.49174],[4.68384,52.49272],[4.68372,52.49275],[4.68203,52.49282],[4.68051,52.49354],[4.67992,52.49317],[4.67861,52.49372],[4.67799,52.49336],[4.67699,52.49443],[4.67441,52.49516],[4.67507,52.49559],[4.6735,52.49653],[4.67285,52.49697],[4.66989,52.4984],[4.66833,52.49992],[4.6663,52.50074],[4.66691,52.50105],[4.66605,52.50174],[4.65748,52.49868],[4.6574,52.49866],[4.65538,52.49793],[4.65256,52.49819],[4.65124,52.49885],[4.65002,52.49842],[4.64945,52.49905],[4.64943,52.49912],[4.64631,52.49908],[4.64511,52.49957],[4.63502,52.49906],[4.635,52.49953],[4.63389,52.4989],[4.63137,52.49869],[4.63096,52.49866],[4.6214,52.49786],[4.61304,52.49633],[4.61151,52.49664],[4.60747,52.49457],[4.6063,52.49481],[4.6063,52.49479],[4.60431,52.49439],[4.59864,52.49594],[4.59993,52.49726],[4.59798,52.49685],[4.59555,52.4982],[4.59169,52.49828],[4.59167,52.49784],[4.58656,52.49916],[4.59302,52.51349],[4.5983,52.53114],[4.65279,52.53073],[4.65303,52.53072],[4.6562,52.53153],[4.65997,52.53175]]]]}},{"type":"Feature","properties":{"code":"GM0397","name":"Heemstede"},"geometry":{"type":"MultiPolygon","coordinates":[[[[4.61772,52.36153],[4.61825,52.36147],[4.62563,52.36213],[4.63034,52.36065],[4.63663,52.36148],[4.63736,52.36026],[4.63759,52.35947],[4.63494,52.35596],[4.63585,52.35404],[4.6366,52.35318],[4.6398,52.35091],[4.64039,52.34983],[4.64032,52.34556],[4.64103,52.34399],[4.63938,52.34063],[4.63965,52.33891],[4.63058,52.33753],[4.6201,52.33372],[4.61656,52.33147],[4.61347,52.32806],[4.61166,52.32542],[4.61139,52.32225],[4.61138,52.3222],[4.60781,52.32349],[4.60762,52.32356],[4.60737,52.32338],[4.60726,52.3233],[4.60652,52.32363],[4.60623,52.32376],[4.5973,52.32783],[4.59699,52.32789],[4.59387,52.32865],[4.59337,52.32812],[4.59178,52.32853],[4.59131,52.32823],[4.5908,52.32821],[4.59019,52.32835],[4.59026,52.32852],[4.59358,52.33781],[4.59681,52.3455],[4.60226,52.3567],[4.60572,52.3634],[4.60842,52.36298],[4.60858,52.36296],[4.61066,52.36271],[4.61772,52.36153]]]]}},{"type":"Feature","properties":{"code":"GM0399","name":"Heiloo"},"geometry":{"type":"MultiPolygon","coordinates":[[[[4.72153,52.62251],[4.73126,52.61869],[4.73126,52.61869],[4.73319,52.61766],[4.73945,52.61387],[4.73788,52.61216],[4.73788,52.61216],[4.73335,52.60755],[4.7339,52.6073],[4.73619,52.60545],[4.73541,52.60383],[4.73791,52.59729],[4.73696,52.59576],[4.73746,52.59386],[4.75214,52.59189],[4.75097,52.58912],[4.74445,52.59029],[4.73999,52.57893],[4.72671,52.57964],[4.72488,52.57874],[4.72334,52.57977],[4.71847,52.58006],[4.71818,52.58008],[4.71026,52.58059],[4.70375,52.58034],[4.70336,52.58155],[4.69832,52.58186],[4.69659,52.57898],[4.69108,52.57958],[4.6913,52.58005],[4.68542,52.58096],[4.68624,52.58296],[4.68552,52.58313],[4.67927,52.58387],[4.67765,52.58434],[4.67774,52.58548],[4.67164,52.5873],[4.67061,52.58873],[4.67398,52.58995],[4.67258,52.5909],[4.6724,52.5923],[4.67386,52.59293],[4.67317,52.59621],[4.67388,52.60096],[4.67444,52.60377],[4.68037,52.60846],[4.68077,52.61028],[4.68369,52.61267],[4.6858,52.61777],[4.68551,52.61931],[4.68999,52.62375],[4.7057,52.62136],[4.70795,52.62035],[4.71459,52.62478],[4.71631,52.62499],[4.72153,52.62251]]]]}},{"type":"Feature","properties":{"code":"GM0400","name":"Den Helder"},"geometry":{"type":"MultiPolygon","coordinates":[[[[4.78497,52.9658],[4.78333,52.96405],[4.78472,52.96301],[4.78359,52.9623],[4.78114,52.96334],[4.7792,52.96168],[4.77774,52.96092],[4.77479,52.96061],[4.77919,52.95454],[4.78804,52.94918],[4.79048,52.94969],[4.78045,52.95557],[4.77823,52.9594],[4.77842,52.95943],[4.77932,52.95831],[4.78102,52.95877],[4.78274,52.95634],[4.78509,52.95691],[4.78556,52.95431],[4.78729,52.95441],[4.78667,52.957],[4.78727,52.95705],[4.78796,52.95447],[4.79207,52.95502],[4.79087,52.95754],[4.79147,52.95765],[4.79279,52.95517],[4.79439,52.9555],[4.79333,52.95722],[4.79372,52.95725],[4.79416,52.95662],[4.79648,52.95709],[4.79551,52.95881],[4.7932,52.95838],[4.79299,52.9586],[4.79815,52.95962],[4.79657,52.96188],[4.7943,52.96145],[4.79481,52.9602],[4.79336,52.95991],[4.79164,52.9622],[4.7897,52.96276],[4.79588,52.96448],[4.80132,52.96452],[4.80342,52.95918],[4.8017,52.95309],[4.79284,52.94412],[4.7913,52.93623],[4.79201,52.93516],[4.79212,52.93295],[4.79418,52.93281],[4.79473,52.92934],[4.80327,52.91739],[4.80502,52.91608],[4.80706,52.91594],[4.80883,52.91526],[4.80999,52.91435],[4.80805,52.91357],[4.80631,52.91398],[4.80672,52.91272],[4.80453,52.91049],[4.7973,52.91211],[4.79491,52.91258],[4.78765,52.90235],[4.7823,52.89469],[4.77208,52.88025],[4.77094,52.87863],[4.76937,52.87892],[4.74981,52.88046],[4.74254,52.88102],[4.73417,52.88166],[4.72679,52.88221],[4.70904,52.88362],[4.71143,52.89341],[4.71242,52.90154],[4.7134,52.91583],[4.71337,52.93229],[4.71454,52.9383],[4.71724,52.94745],[4.71942,52.95114],[4.72965,52.96153],[4.73084,52.96257],[4.73969,52.9638],[4.7483,52.96438],[4.7555,52.96383],[4.75927,52.96461],[4.76321,52.96538],[4.77956,52.96523],[4.77782,52.96396],[4.77772,52.96301],[4.77828,52.96275],[4.78133,52.96476],[4.78236,52.96445],[4.78424,52.9661],[4.78497,52.9658]]]]}},{"type":"Feature","properties":{"code":"GM0402","name":"Hilversum"},"geometry":{"type":"MultiPolygon","coordinates":[[[[5.12719,52.27865],[5.13105,52.27836],[5.13307,52.27867],[5.13417,52.27804],[5.13441,52.27782],[5.13536,52.27809],[5.13627,52.27715],[5.14144,52.27526],[5.14395,52.2743],[5.14372,52.27383],[5.14389,52.27291],[5.14394,52.27134],[5.14435,52.27131],[5.14396,52.27054],[5.14048,52.26509],[5.13772,52.26306],[5.13721,52.26148],[5.13756,52.2609],[5.13749,52.26052],[5.13764,52.2605],[5.1377,52.26049],[5.13771,52.26043],[5.13764,52.26042],[5.1375,52.26042],[5.13745,52.25989],[5.13761,52.2596],[5.16181,52.25993],[5.16213,52.2558],[5.16595,52.25771],[5.17388,52.26168],[5.17694,52.26289],[5.18313,52.2646],[5.18314,52.26397],[5.19351,52.26637],[5.19978,52.26783],[5.20094,52.26737],[5.20158,52.26794],[5.2011,52.26814],[5.20112,52.26814],[5.20382,52.26712],[5.19959,52.26162],[5.18885,52.24765],[5.1994,52.2402],[5.19981,52.23962],[5.2158,52.21667],[5.21896,52.21213],[5.21649,52.20637],[5.21721,52.20623],[5.21653,52.20545],[5.2155,52.20427],[5.19259,52.17783],[5.18419,52.17796],[5.17943,52.17821],[5.1697,52.1788],[5.16674,52.17898],[5.14334,52.1803],[5.14323,52.18],[5.12411,52.18083],[5.12194,52.18558],[5.1292,52.18738],[5.13589,52.19031],[5.14108,52.19316],[5.14155,52.19365],[5.14512,52.19662],[5.1457,52.19789],[5.14561,52.20051],[5.14244,52.20497],[5.14058,52.20729],[5.14251,52.2078],[5.14244,52.20871],[5.14179,52.2086],[5.14202,52.20817],[5.14144,52.20805],[5.14111,52.20848],[5.13998,52.20829],[5.13995,52.20802],[5.13983,52.20798],[5.13974,52.2081],[5.13951,52.20838],[5.13758,52.21098],[5.13394,52.2143],[5.13315,52.21446],[5.1284,52.21673],[5.12842,52.21684],[5.12696,52.21741],[5.12253,52.21883],[5.12266,52.21965],[5.12252,52.21993],[5.12234,52.22082],[5.12331,52.22139],[5.13001,52.22149],[5.12995,52.22239],[5.12806,52.22238],[5.12794,52.2244],[5.13852,52.22459],[5.13852,52.22467],[5.14023,52.22454],[5.14025,52.22464],[5.14179,52.22549],[5.14136,52.23685],[5.14133,52.23827],[5.14202,52.23931],[5.14228,52.24332],[5.14005,52.24577],[5.1396,52.25402],[5.13692,52.25395],[5.1365,52.25958],[5.13274,52.25974],[5.12733,52.25958],[5.12557,52.26022],[5.12053,52.27136],[5.11915,52.27354],[5.10844,52.27564],[5.10293,52.27765],[5.10207,52.27989],[5.10209,52.2817],[5.10282,52.28238],[5.1043,52.28326],[5.10465,52.28538],[5.10735,52.28546],[5.11603,52.28278],[5.1218,52.28172],[5.12719,52.27865]]]]}},{"type":"Feature","properties":{"code":"GM0405","name":"Hoorn"},"geometry":{"type":"MultiPolygon","coordinates":[[[[5.08673,52.68437],[5.08939,52.68056],[5.09175,52.67892],[5.0961,52.67489],[5.09648,52.67433],[5.09882,52.67126],[5.09667,52.67035],[5.09693,52.67011],[5.09621,52.66981],[5.09627,52.66972],[5.09875,52.66744],[5.10089,52.66582],[5.10142,52.66603],[5.10278,52.66477],[5.1031,52.6649],[5.10341,52.66457],[5.10405,52.66396],[5.10486,52.6643],[5.10627,52.663],[5.10655,52.66315],[5.10763,52.66216],[5.10723,52.662],[5.10832,52.6608],[5.10804,52.66069],[5.10823,52.6604],[5.108,52.66027],[5.10807,52.65995],[5.10759,52.65972],[5.11134,52.65722],[5.11068,52.65671],[5.11476,52.65378],[5.11611,52.65431],[5.11941,52.65116],[5.11644,52.65062],[5.11708,52.64999],[5.10519,52.64779],[5.10196,52.64703],[5.1036,52.64174],[5.10604,52.63559],[5.10075,52.63474],[5.0932,52.63989],[5.09243,52.64079],[5.08949,52.64017],[5.08866,52.64251],[5.08345,52.64159],[5.08428,52.64086],[5.08829,52.63975],[5.08835,52.63943],[5.08628,52.64008],[5.08593,52.63981],[5.08842,52.63834],[5.08775,52.63782],[5.08569,52.63966],[5.08451,52.64049],[5.08167,52.64129],[5.08141,52.64154],[5.07948,52.64064],[5.0785,52.64148],[5.07689,52.64133],[5.07524,52.64047],[5.07538,52.63954],[5.06807,52.63484],[5.0644,52.63698],[5.06703,52.63728],[5.06695,52.6384],[5.06567,52.63835],[5.06376,52.63739],[5.06356,52.63764],[5.06568,52.63904],[5.06848,52.63925],[5.06831,52.6402],[5.06699,52.64006],[5.06646,52.64077],[5.0663,52.64072],[5.06622,52.6406],[5.06642,52.64061],[5.06655,52.64038],[5.06624,52.64031],[5.06614,52.63927],[5.06468,52.63904],[5.06298,52.63789],[5.063,52.63722],[5.06344,52.63751],[5.06357,52.63731],[5.06315,52.63696],[5.06297,52.63349],[5.0618,52.63359],[5.0618,52.63648],[5.05824,52.63685],[5.05778,52.63459],[5.06046,52.63384],[5.06044,52.6331],[5.05554,52.63395],[5.05554,52.63583],[5.05721,52.63751],[5.05694,52.63801],[5.05222,52.64142],[5.04566,52.64164],[5.03996,52.63804],[5.039,52.63661],[5.03487,52.63645],[5.02979,52.63554],[5.02736,52.63403],[5.02311,52.63279],[5.0189,52.62992],[5.01686,52.63028],[5.01649,52.63085],[5.01354,52.63043],[5.01487,52.635],[5.01829,52.63826],[5.02639,52.64174],[5.02703,52.64199],[5.02992,52.64351],[5.03407,52.64575],[5.03714,52.64766],[5.03814,52.64896],[5.03768,52.65023],[5.03893,52.65614],[5.03658,52.66206],[5.03476,52.66656],[5.03554,52.67045],[5.03831,52.67081],[5.04546,52.67174],[5.04888,52.67203],[5.05154,52.67221],[5.06345,52.67313],[5.06249,52.67488],[5.06236,52.67507],[5.06214,52.67525],[5.06335,52.6758],[5.06229,52.67671],[5.08261,52.684],[5.083,52.6832],[5.08673,52.68437]]]]}},{"type":"Feature","properties":{"code":"GM0406","name":"Huizen"},"geometry":{"type":"MultiPolygon","coordinates":[[[[5.25272,52.31014],[5.25636,52.30683],[5.25988,52.30611],[5.26427,52.30677],[5.26473,52.30645],[5.27406,52.30415],[5.278,52.30236],[5.27882,52.30239],[5.28113,52.30059],[5.28781,52.2976],[5.28091,52.29378],[5.27774,52.29607],[5.27441,52.29341],[5.27116,52.291],[5.27099,52.29092],[5.26832,52.29009],[5.25756,52.28674],[5.2501,52.28442],[5.2498,52.28433],[5.24623,52.2832],[5.24638,52.28233],[5.24133,52.28132],[5.24123,52.28131],[5.23635,52.28119],[5.23249,52.28127],[5.2276,52.27713],[5.21096,52.27735],[5.21088,52.27734],[5.20722,52.27435],[5.20703,52.27342],[5.2069,52.27209],[5.20382,52.26712],[5.20112,52.26814],[5.19622,52.27089],[5.19118,52.27374],[5.1876,52.27524],[5.1847,52.27801],[5.18999,52.2791],[5.19447,52.28094],[5.19435,52.28243],[5.19466,52.28348],[5.19214,52.28412],[5.1938,52.28553],[5.19568,52.28477],[5.19576,52.28601],[5.19531,52.28824],[5.19538,52.28858],[5.19323,52.28822],[5.19238,52.29033],[5.18708,52.2926],[5.18769,52.29295],[5.18822,52.29255],[5.19037,52.29323],[5.19043,52.29346],[5.19592,52.29508],[5.19499,52.29711],[5.19581,52.2989],[5.1978,52.30033],[5.20225,52.29972],[5.2035,52.29966],[5.20872,52.30026],[5.20901,52.30202],[5.21049,52.30186],[5.21176,52.3001],[5.21413,52.2985],[5.21948,52.29916],[5.22717,52.30117],[5.22956,52.30172],[5.22913,52.3028],[5.23008,52.30292],[5.22981,52.30448],[5.23035,52.30545],[5.22849,52.31125],[5.23094,52.31183],[5.24018,52.31171],[5.2425,52.31128],[5.24374,52.31211],[5.24424,52.31186],[5.24283,52.3106],[5.24402,52.31009],[5.24496,52.31084],[5.24519,52.31075],[5.24537,52.3101],[5.24524,52.30972],[5.24401,52.30898],[5.24279,52.30836],[5.2413,52.3058],[5.24219,52.30573],[5.24348,52.3081],[5.24423,52.30864],[5.24524,52.3083],[5.2453,52.3084],[5.24545,52.30851],[5.24513,52.30863],[5.2454,52.30891],[5.24498,52.30917],[5.24701,52.31227],[5.24742,52.31203],[5.24631,52.31032],[5.25162,52.30904],[5.25131,52.3101],[5.24846,52.31173],[5.24787,52.31385],[5.24912,52.31583],[5.24996,52.31591],[5.24961,52.31368],[5.25212,52.31206],[5.25272,52.31014]]]]}},{"type":"Feature","properties":{"code":"GM0415","name":"Landsmeer"},"geometry":{"type":"MultiPolygon","coordinates":[[[[4.93209,52.48755],[4.94145,52.48541],[4.94345,52.48769],[4.94875,52.48662],[4.94832,52.48401],[4.94717,52.47906],[4.94688,52.46888],[4.95068,52.45822],[4.948,52.45239],[4.94879,52.44797],[4.95086,52.43714],[4.95069,52.4236],[4.94779,52.42156],[4.94478,52.41502],[4.94265,52.41386],[4.93514,52.41204],[4.93072,52.41161],[4.92274,52.41553],[4.92045,52.41661],[4.91566,52.41857],[4.9143,52.4185],[4.90966,52.42025],[4.90868,52.42072],[4.90796,52.42087],[4.90807,52.4211],[4.90745,52.42126],[4.90569,52.42213],[4.89874,52.42449],[4.89888,52.42876],[4.89928,52.4313],[4.89809,52.43417],[4.897,52.43474],[4.89446,52.43712],[4.89654,52.43985],[4.89649,52.44618],[4.89508,52.44981],[4.89308,52.45411],[4.89332,52.45728],[4.9031,52.47195],[4.90647,52.47983],[4.90822,52.4831],[4.91613,52.48655],[4.92065,52.49043],[4.92239,52.49028],[4.93028,52.48865],[4.93002,52.48794],[4.93209,52.48755]]]]}},{"type":"Feature","properties":{"code":"GM0417","name":"Laren (NH.)"},"geometry":{"type":"MultiPolygon","coordinates":[[[[5.22598,52.2682],[5.22958,52.26546],[5.23013,52.26562],[5.23059,52.2647],[5.23205,52.26447],[5.24406,52.25466],[5.24408,52.25466],[5.24509,52.25443],[5.23841,52.24566],[5.23737,52.24428],[5.23188,52.23708],[5.2229,52.22526],[5.22473,52.2252],[5.22058,52.21597],[5.21896,52.21213],[5.2158,52.21667],[5.19981,52.23962],[5.1994,52.2402],[5.18885,52.24765],[5.19959,52.26162],[5.20382,52.26712],[5.20769,52.26627],[5.20924,52.26593],[5.21164,52.26734],[5.21687,52.26899],[5.22551,52.27291],[5.22598,52.2682]]]]}},{"type":"Feature","properties":{"code":"GM0420","name":"Medemblik"},"geometry":{"type":"MultiPolygon","coordinates":[[[[5.10877,52.77065],[5.11174,52.77234],[5.11211,52.77158],[5.10899,52.77006],[5.10939,52.76948],[5.11292,52.77092],[5.11224,52.77267],[5.11291,52.77352],[5.11364,52.77411],[5.11651,52.77075],[5.1154,52.77067],[5.1177,52.76968],[5.11813,52.76792],[5.1204,52.76802],[5.11845,52.7673],[5.11967,52.76554],[5.11957,52.76553],[5.11851,52.76616],[5.11791,52.76583],[5.11846,52.76456],[5.11972,52.76467],[5.12019,52.76469],[5.1235,52.76517],[5.12387,52.76487],[5.12049,52.76413],[5.12041,52.76079],[5.12114,52.76123],[5.12165,52.76121],[5.12011,52.76013],[5.11885,52.76007],[5.11893,52.75994],[5.11912,52.75994],[5.11923,52.75979],[5.12009,52.75977],[5.12107,52.75862],[5.1235,52.75758],[5.12318,52.7573],[5.12354,52.75569],[5.13,52.75169],[5.13239,52.75086],[5.14556,52.7419],[5.14892,52.74311],[5.14724,52.7397],[5.14767,52.73926],[5.15,52.74049],[5.15285,52.74102],[5.15172,52.74004],[5.15441,52.73851],[5.15512,52.73944],[5.16176,52.74016],[5.16307,52.73891],[5.16528,52.73963],[5.16513,52.7411],[5.16992,52.74077],[5.16849,52.73971],[5.16989,52.73864],[5.1714,52.73866],[5.1729,52.73947],[5.17273,52.74009],[5.17074,52.74046],[5.17087,52.7409],[5.17479,52.73954],[5.17604,52.73958],[5.18028,52.74138],[5.18463,52.74658],[5.18268,52.74696],[5.18363,52.7472],[5.18575,52.7466],[5.18651,52.74755],[5.19286,52.75503],[5.2038,52.75501],[5.21379,52.75462],[5.22289,52.75366],[5.22571,52.75246],[5.22954,52.75257],[5.25827,52.75346],[5.26113,52.75264],[5.26999,52.74753],[5.25908,52.74649],[5.25837,52.74568],[5.26656,52.74542],[5.27197,52.74633],[5.2699,52.74517],[5.25943,52.74486],[5.25432,52.74698],[5.25507,52.74216],[5.25734,52.71985],[5.2575,52.71618],[5.23025,52.71737],[5.22013,52.7177],[5.21039,52.71678],[5.18537,52.71023],[5.18702,52.70745],[5.16012,52.70101],[5.15317,52.69891],[5.14579,52.69668],[5.1445,52.69632],[5.12518,52.69108],[5.09175,52.67892],[5.08939,52.68056],[5.08673,52.68437],[5.083,52.6832],[5.08261,52.684],[5.06229,52.67671],[5.06335,52.6758],[5.06214,52.67525],[5.06236,52.67507],[5.06249,52.67488],[5.06345,52.67313],[5.05154,52.67221],[5.04888,52.67203],[5.04546,52.67174],[5.03831,52.67081],[5.03554,52.67045],[5.03476,52.66656],[5.02131,52.66441],[5.01265,52.66828],[5.0061,52.67027],[5.00341,52.67049],[5.00354,52.67336],[5.00149,52.67372],[5.00235,52.67493],[4.98301,52.6751],[4.9792,52.67968],[4.97932,52.68223],[4.9796,52.68413],[4.98037,52.68939],[4.98045,52.69035],[4.98151,52.69034],[4.98159,52.69094],[4.98158,52.69094],[4.98157,52.69102],[4.98116,52.69276],[4.98433,52.69733],[4.98447,52.69752],[4.98382,52.69765],[4.98611,52.69893],[4.98577,52.69978],[4.98445,52.70095],[4.97781,52.70519],[4.97765,52.70687],[4.97659,52.70821],[4.97189,52.71214],[4.9838,52.71664],[4.98452,52.71692],[4.98556,52.71635],[4.98827,52.71338],[5.01116,52.72291],[5.01105,52.72622],[5.01105,52.72624],[5.00758,52.72485],[5.00749,52.72559],[5.0047,52.72811],[5.00284,52.73154],[5.00115,52.73354],[4.99902,52.73486],[4.9986,52.7355],[4.99694,52.73804],[4.99639,52.73862],[4.99742,52.73899],[4.99656,52.73965],[4.99838,52.74029],[4.99521,52.7437],[4.9984,52.74464],[4.99839,52.74506],[4.99682,52.74646],[4.99614,52.74715],[4.99654,52.74743],[4.99686,52.75207],[5.02593,52.75157],[5.0333,52.75194],[5.04067,52.75246],[5.045,52.75313],[5.05692,52.7575],[5.06172,52.76066],[5.06429,52.76259],[5.06746,52.76667],[5.06972,52.7681],[5.07621,52.76925],[5.08358,52.76961],[5.09211,52.76929],[5.09367,52.76969],[5.09867,52.77235],[5.09963,52.77331],[5.10415,52.77445],[5.11222,52.77464],[5.11265,52.77389],[5.10825,52.77096],[5.10877,52.77065]],[[5.10787,52.7704],[5.1032,52.77098],[5.10323,52.76998],[5.10873,52.76964],[5.10787,52.7704]]],[[[5.14891,52.74365],[5.14256,52.74585],[5.14153,52.74765],[5.14657,52.74559],[5.14891,52.74365]]]]}},{"type":"Feature","properties":{"code":"GM0431","name":"Oostzaan"},"geometry":{"type":"MultiPolygon","coordinates":[[[[4.90647,52.47983],[4.9031,52.47195],[4.89332,52.45728],[4.89308,52.45411],[4.89508,52.44981],[4.89649,52.44618],[4.89654,52.43985],[4.89446,52.43712],[4.897,52.43474],[4.89809,52.43417],[4.89928,52.4313],[4.89888,52.42876],[4.89874,52.42449],[4.89874,52.42446],[4.89268,52.42542],[4.88814,52.42562],[4.88768,52.42559],[4.88686,52.42556],[4.88165,52.42566],[4.87899,52.4257],[4.87657,52.42623],[4.87362,52.42847],[4.87321,52.42955],[4.87146,52.4301],[4.86954,52.42985],[4.86597,52.43068],[4.86526,52.43054],[4.86501,52.43055],[4.86421,52.43037],[4.86419,52.43026],[4.86268,52.42994],[4.86264,52.42984],[4.86262,52.42979],[4.86259,52.42979],[4.86242,52.42982],[4.86236,52.42985],[4.86234,52.4299],[4.86206,52.42985],[4.86202,52.42977],[4.86176,52.42968],[4.86,52.43229],[4.85812,52.43506],[4.85757,52.43586],[4.85709,52.43647],[4.8558,52.43825],[4.85398,52.44158],[4.85293,52.44296],[4.84295,52.45226],[4.84409,52.45276],[4.84443,52.45292],[4.84492,52.45648],[4.84857,52.45957],[4.8525,52.47037],[4.86259,52.4685],[4.86723,52.47058],[4.88244,52.4748],[4.89053,52.47896],[4.89563,52.47823],[4.90647,52.47983]]]]}},{"type":"Feature","properties":{"code":"GM0432","name":"Opmeer"},"geometry":{"type":"MultiPolygon","coordinates":[[[[4.95434,52.7553],[4.95582,52.75328],[4.95843,52.75329],[4.99686,52.75207],[4.99654,52.74743],[4.99614,52.74715],[4.99682,52.74646],[4.99839,52.74506],[4.9984,52.74464],[4.99521,52.7437],[4.99838,52.74029],[4.99656,52.73965],[4.99742,52.73899],[4.99639,52.73862],[4.99694,52.73804],[4.9986,52.7355],[4.99902,52.73486],[5.00115,52.73354],[5.00284,52.73154],[5.0047,52.72811],[5.00749,52.72559],[5.00758,52.72485],[5.01105,52.72624],[5.01105,52.72622],[5.01116,52.72291],[4.98827,52.71338],[4.98556,52.71635],[4.98452,52.71692],[4.9838,52.71664],[4.97189,52.71214],[4.97659,52.70821],[4.97765,52.70687],[4.97781,52.70519],[4.98445,52.70095],[4.98577,52.69978],[4.98611,52.69893],[4.98382,52.69765],[4.98447,52.69752],[4.98433,52.69733],[4.98116,52.69276],[4.98157,52.69102],[4.98158,52.69094],[4.98159,52.69094],[4.98151,52.69034],[4.98045,52.69035],[4.98037,52.68939],[4.9796,52.68413],[4.97932,52.68223],[4.9792,52.67968],[4.97676,52.67742],[4.97158,52.67916],[4.97062,52.67963],[4.96957,52.67892],[4.96642,52.67855],[4.96632,52.6772],[4.96474,52.67705],[4.96474,52.67628],[4.96341,52.6756],[4.96213,52.67603],[4.96167,52.67461],[4.96176,52.67371],[4.96079,52.67352],[4.96056,52.67374],[4.95289,52.67213],[4.95274,52.67177],[4.95078,52.67287],[4.94941,52.67448],[4.93385,52.67865],[4.92814,52.68027],[4.92518,52.68119],[4.92395,52.68158],[4.92272,52.68184],[4.91877,52.68257],[4.9181,52.6828],[4.90562,52.68642],[4.90498,52.68727],[4.91413,52.6915],[4.9171,52.69287],[4.91732,52.69296],[4.91752,52.69396],[4.91811,52.69692],[4.91586,52.69934],[4.91085,52.69991],[4.89986,52.69759],[4.89988,52.69949],[4.89985,52.70014],[4.89939,52.70328],[4.89907,52.70665],[4.89867,52.70683],[4.90392,52.71163],[4.91094,52.71894],[4.92736,52.73735],[4.93142,52.742],[4.93279,52.74893],[4.93781,52.74983],[4.94033,52.75042],[4.94432,52.7526],[4.94447,52.75367],[4.94642,52.75395],[4.95434,52.7553]]]]}},{"type":"Feature","properties":{"code":"GM0437","name":"Ouder-Amstel"},"geometry":{"type":"MultiPolygon","coordinates":[[[[4.95045,52.33777],[4.948,52.335],[4.94601,52.33377],[4.94867,52.33171],[4.94891,52.33153],[4.94269,52.32933],[4.94472,52.32713],[4.94187,52.32615],[4.9405,52.32568],[4.93915,52.32467],[4.93853,52.3242],[4.93796,52.32412],[4.93762,52.3233],[4.93993,52.32194],[4.94104,52.31962],[4.94022,52.31934],[4.94021,52.31933],[4.93958,52.31912],[4.94033,52.3183],[4.93983,52.31712],[4.93804,52.31651],[4.93845,52.31565],[4.93872,52.31509],[4.93777,52.31476],[4.93523,52.31389],[4.93611,52.31258],[4.93414,52.3119],[4.93006,52.30934],[4.93033,52.30919],[4.92943,52.30863],[4.92933,52.30853],[4.92991,52.3081],[4.92941,52.30783],[4.93026,52.30643],[4.93924,52.29694],[4.9432,52.29236],[4.95387,52.28003],[4.95524,52.27831],[4.95376,52.27803],[4.94667,52.27899],[4.94269,52.27818],[4.93375,52.2809],[4.92859,52.27961],[4.9264,52.27971],[4.92599,52.27808],[4.92765,52.27381],[4.92665,52.27245],[4.92801,52.27174],[4.9293,52.26996],[4.92939,52.26835],[4.92471,52.26694],[4.92314,52.26302],[4.91809,52.26167],[4.91855,52.25859],[4.9173,52.25682],[4.91097,52.25268],[4.90855,52.25268],[4.90293,52.25318],[4.89857,52.25093],[4.89176,52.25327],[4.88759,52.25099],[4.88272,52.25371],[4.87773,52.25282],[4.87385,52.25074],[4.87229,52.25118],[4.87012,52.25328],[4.87067,52.25485],[4.87365,52.25805],[4.87327,52.2606],[4.87908,52.26171],[4.88234,52.26404],[4.87947,52.26708],[4.88158,52.27208],[4.88163,52.27446],[4.87878,52.2789],[4.88454,52.28418],[4.88533,52.2865],[4.88867,52.2869],[4.88977,52.28792],[4.88748,52.28897],[4.88707,52.28974],[4.89091,52.29149],[4.89147,52.29447],[4.89178,52.2947],[4.89297,52.29522],[4.90102,52.29608],[4.90118,52.29699],[4.89857,52.29934],[4.89961,52.30098],[4.90409,52.30371],[4.90781,52.307],[4.90525,52.31068],[4.90607,52.31391],[4.90541,52.31601],[4.90913,52.31825],[4.91238,52.31825],[4.91428,52.32041],[4.91081,52.32188],[4.91134,52.32288],[4.91033,52.32357],[4.9111,52.3241],[4.91388,52.32455],[4.91359,52.32633],[4.91326,52.3284],[4.91326,52.3284],[4.91293,52.33051],[4.91748,52.33154],[4.92255,52.33308],[4.92376,52.33544],[4.92495,52.33538],[4.92536,52.33538],[4.92577,52.33537],[4.92694,52.33578],[4.92677,52.33596],[4.92849,52.33655],[4.93422,52.3355],[4.93562,52.33551],[4.93651,52.33459],[4.93967,52.33561],[4.9417,52.33553],[4.94172,52.33641],[4.9426,52.33652],[4.943,52.33657],[4.9438,52.33671],[4.94375,52.33674],[4.94986,52.33853],[4.95033,52.33864],[4.95062,52.33794],[4.95045,52.33777]]]]}},{"type":"Feature","properties":{"code":"GM0439","name":"Purmerend"},"geometry":{"type":"MultiPolygon","coordinates":[[[[4.95663,52.61067],[4.95931,52.60468],[4.95867,52.60326],[4.95694,52.60222],[4.95252,52.60117],[4.94926,52.59953],[4.94985,52.59529],[4.94937,52.59479],[4.94974,52.59257],[4.95402,52.58666],[4.95448,52.5842],[4.95392,52.58113],[4.95521,52.57996],[4.95857,52.58031],[4.96274,52.58147],[4.96473,52.58279],[4.96866,52.58448],[4.97435,52.58559],[4.97747,52.58663],[4.9801,52.58696],[4.98222,52.5855],[4.99189,52.58223],[4.99651,52.57764],[4.99717,52.57512],[4.99587,52.57385],[4.98608,52.5673],[4.98042,52.56436],[4.9765,52.56115],[4.97764,52.55345],[4.97535,52.54908],[4.9765,52.54685],[4.97565,52.5454],[4.97339,52.54337],[4.96881,52.54084],[4.96195,52.53635],[4.95946,52.53331],[4.957,52.52911],[4.96725,52.52737],[4.9732,52.52541],[4.98656,52.52185],[4.99164,52.51998],[4.99202,52.51983],[4.9974,52.52271],[5.00109,52.52692],[5.00877,52.52769],[5.01426,52.52624],[5.0197,52.52371],[5.0247,52.5224],[5.0098,52.50681],[4.99796,52.49473],[4.99516,52.49187],[4.97649,52.47274],[4.97401,52.4704],[4.95804,52.47123],[4.95362,52.47569],[4.9539,52.48296],[4.94832,52.48401],[4.94875,52.48662],[4.94345,52.48769],[4.94145,52.48541],[4.93209,52.48755],[4.93002,52.48794],[4.93028,52.48865],[4.92239,52.49028],[4.92065,52.49043],[4.92379,52.49316],[4.92399,52.49688],[4.92621,52.50018],[4.92648,52.50428],[4.92558,52.5054],[4.92512,52.50553],[4.92925,52.50741],[4.9347,52.51035],[4.93435,52.51164],[4.92853,52.51081],[4.9226,52.51141],[4.90952,52.51701],[4.90195,52.51784],[4.8935,52.51761],[4.87469,52.52004],[4.86772,52.52215],[4.85938,52.52503],[4.8498,52.52504],[4.8433,52.52679],[4.83749,52.53062],[4.83534,52.53735],[4.83402,52.53887],[4.83391,52.53896],[4.83549,52.54067],[4.84228,52.54349],[4.84459,52.54731],[4.84831,52.55007],[4.85183,52.55483],[4.85384,52.55677],[4.85868,52.55946],[4.86134,52.56228],[4.86294,52.56505],[4.86303,52.56873],[4.86424,52.57162],[4.86567,52.57375],[4.86863,52.57595],[4.87638,52.57783],[4.88475,52.58424],[4.89052,52.59462],[4.89349,52.59784],[4.90117,52.60293],[4.91537,52.60864],[4.92144,52.60831],[4.92692,52.6067],[4.92895,52.60517],[4.93769,52.60738],[4.9485,52.61355],[4.95093,52.61411],[4.95333,52.61339],[4.95385,52.61314],[4.95663,52.61067]]]]}},{"type":"Feature","properties":{"code":"GM0441","name":"Schagen"},"geometry":{"type":"MultiPolygon","coordinates":[[[[4.7597,52.8484],[4.7597,52.8484],[4.78256,52.85144],[4.79442,52.84737],[4.79946,52.84377],[4.80987,52.83626],[4.8107,52.83519],[4.81282,52.83263],[4.81288,52.83232],[4.83457,52.80778],[4.83431,52.80778],[4.83221,52.79939],[4.83126,52.78382],[4.82741,52.78357],[4.829,52.77535],[4.829,52.77534],[4.829,52.77533],[4.8286,52.77533],[4.82713,52.77504],[4.81985,52.77413],[4.82075,52.76961],[4.81549,52.77024],[4.81334,52.77133],[4.80696,52.77021],[4.80853,52.76675],[4.81252,52.76277],[4.81563,52.76005],[4.83038,52.7472],[4.83529,52.74208],[4.83869,52.73697],[4.84006,52.73443],[4.84419,52.73233],[4.84488,52.73102],[4.84972,52.72569],[4.84942,52.72489],[4.84839,52.72214],[4.84797,52.72101],[4.84768,52.72026],[4.84375,52.71965],[4.84115,52.7193],[4.82887,52.7181],[4.82624,52.71744],[4.82403,52.71653],[4.81663,52.71528],[4.81316,52.71494],[4.80917,52.71512],[4.80502,52.71421],[4.80392,52.71478],[4.80501,52.71507],[4.80454,52.71568],[4.80318,52.71541],[4.80196,52.716],[4.79947,52.71829],[4.79754,52.71964],[4.7976,52.72085],[4.7974,52.7209],[4.7959,52.72056],[4.79555,52.72055],[4.79544,52.72044],[4.79404,52.72071],[4.79399,52.71999],[4.79273,52.72049],[4.79016,52.72059],[4.78883,52.72085],[4.78656,52.72103],[4.78541,52.72245],[4.78687,52.72637],[4.78656,52.72795],[4.78177,52.72987],[4.77914,52.73128],[4.77883,52.73141],[4.77814,52.7303],[4.77826,52.72963],[4.77769,52.72856],[4.77299,52.72004],[4.77046,52.70873],[4.77076,52.70204],[4.76965,52.69879],[4.76687,52.69813],[4.75154,52.69699],[4.73957,52.69419],[4.73204,52.69281],[4.72885,52.6914],[4.72522,52.69385],[4.7206,52.69712],[4.71921,52.6991],[4.71786,52.70264],[4.71621,52.70771],[4.71581,52.71005],[4.71446,52.71128],[4.71047,52.71453],[4.70698,52.7187],[4.70433,52.72042],[4.70231,52.72168],[4.69978,52.72449],[4.69035,52.73262],[4.68982,52.73299],[4.6869,52.73265],[4.68353,52.73354],[4.68102,52.73768],[4.67965,52.73811],[4.67889,52.73917],[4.67122,52.74058],[4.66925,52.74166],[4.66901,52.74197],[4.6684,52.74249],[4.66243,52.74674],[4.66046,52.74671],[4.65919,52.74731],[4.65898,52.7496],[4.65104,52.75585],[4.64576,52.75664],[4.65493,52.77201],[4.66026,52.77819],[4.66748,52.78672],[4.67599,52.80105],[4.68033,52.81025],[4.68616,52.82852],[4.69173,52.84083],[4.70227,52.86473],[4.70904,52.88362],[4.72679,52.88221],[4.73417,52.88166],[4.74254,52.88102],[4.74981,52.88046],[4.76937,52.87892],[4.77094,52.87863],[4.75885,52.84869],[4.7597,52.8484]]]]}},{"type":"Feature","properties":{"code":"GM0448","name":"Texel"},"geometry":{"type":"MultiPolygon","coordinates":[[[[4.67454,52.95989],[4.66837,52.96192],[4.66281,52.96858],[4.66324,52.97577],[4.66693,52.98317],[4.6713,52.98632],[4.67685,52.98774],[4.68506,52.9877],[4.68983,52.98547],[4.68948,52.98209],[4.69284,52.97965],[4.71078,52.97507],[4.70243,52.97344],[4.69005,52.96881],[4.6851,52.96457],[4.6817,52.96012],[4.67454,52.95989]]],[[[4.88107,53.15508],[4.88651,53.15606],[4.89335,53.15162],[4.90775,53.13537],[4.90834,53.13303],[4.90592,53.13126],[4.90444,53.13216],[4.90536,53.13029],[4.90466,53.12897],[4.90214,53.12782],[4.90296,53.12581],[4.90024,53.12501],[4.89833,53.10015],[4.90039,53.08786],[4.89971,53.0834],[4.89716,53.07857],[4.88766,53.07259],[4.88058,53.07089],[4.87878,53.0669],[4.87675,53.06564],[4.8732,53.06486],[4.87314,53.05536],[4.8616,53.04811],[4.8618,53.04706],[4.86001,53.04431],[4.85628,53.04091],[4.85316,53.0401],[4.85262,53.04024],[4.85404,53.04074],[4.85506,53.04194],[4.85658,53.04167],[4.85851,53.04331],[4.86046,53.04675],[4.85984,53.0469],[4.85676,53.04477],[4.85799,53.04409],[4.85686,53.04362],[4.85616,53.04263],[4.85563,53.04277],[4.85597,53.04331],[4.8533,53.04335],[4.85132,53.04006],[4.85085,53.03986],[4.85023,53.04035],[4.84962,53.04006],[4.85016,53.03953],[4.84941,53.03912],[4.85034,53.03883],[4.85142,53.03934],[4.85308,53.03891],[4.84717,53.034],[4.83852,53.03081],[4.8306,53.02973],[4.81949,53.02902],[4.79267,53.00841],[4.79383,53.00725],[4.79694,53.00739],[4.79681,53.00697],[4.79358,53.00682],[4.79302,53.00603],[4.79739,53.00503],[4.7931,53.00239],[4.79223,53.00206],[4.78499,53.00175],[4.78242,53.00415],[4.7806,53.00318],[4.78225,53.00137],[4.77282,53.00596],[4.76937,53.0059],[4.75498,53.01017],[4.74945,53.01057],[4.74651,53.01017],[4.7538,53.00435],[4.76241,53.00121],[4.76284,53.00163],[4.76387,53.00155],[4.76355,53.00227],[4.76873,53.00006],[4.77007,53.00012],[4.77201,52.99852],[4.77295,52.99853],[4.77366,52.99633],[4.75996,52.9935],[4.75213,52.99077],[4.7366,52.98902],[4.73049,52.98374],[4.72033,52.99127],[4.71351,52.99734],[4.70978,53.01311],[4.70863,53.02238],[4.71016,53.03329],[4.71611,53.05159],[4.72353,53.06763],[4.73525,53.08232],[4.74746,53.09499],[4.75814,53.10589],[4.76112,53.10837],[4.77571,53.122],[4.7975,53.14091],[4.81024,53.15501],[4.82061,53.1643],[4.83114,53.17181],[4.83796,53.17882],[4.84086,53.18332],[4.84489,53.18483],[4.85443,53.18534],[4.8597,53.1835],[4.86112,53.18302],[4.87309,53.17233],[4.87479,53.16684],[4.87969,53.16401],[4.87685,53.16159],[4.87759,53.15783],[4.87872,53.15697],[4.88107,53.15508]]]]}},{"type":"Feature","properties":{"code":"GM0450","name":"Uitgeest"},"geometry":{"type":"MultiPolygon","coordinates":[[[[4.71879,52.55162],[4.7198,52.54385],[4.72372,52.54667],[4.73539,52.54382],[4.75044,52.5379],[4.75527,52.53574],[4.75948,52.53738],[4.76243,52.53751],[4.76802,52.53463],[4.77469,52.53455],[4.77773,52.53375],[4.77784,52.53177],[4.78248,52.51958],[4.77528,52.51942],[4.7672,52.51975],[4.76703,52.51887],[4.76362,52.51971],[4.76123,52.51855],[4.75243,52.52123],[4.74973,52.52008],[4.74828,52.51747],[4.74814,52.51706],[4.74825,52.51532],[4.74846,52.51498],[4.75225,52.51108],[4.75277,52.51059],[4.75067,52.50829],[4.74841,52.50766],[4.74637,52.5061],[4.73989,52.50171],[4.73158,52.49633],[4.72075,52.49505],[4.72037,52.49495],[4.7117,52.49682],[4.70542,52.50011],[4.70344,52.5031],[4.70586,52.50625],[4.70794,52.50614],[4.70915,52.50986],[4.70653,52.5104],[4.70385,52.50833],[4.70124,52.50886],[4.69708,52.50755],[4.69461,52.50762],[4.69511,52.51],[4.6926,52.511],[4.69067,52.51562],[4.69139,52.51689],[4.69059,52.51908],[4.69283,52.52228],[4.69574,52.52673],[4.69747,52.52916],[4.6976,52.52924],[4.6956,52.53587],[4.69453,52.54419],[4.70369,52.5454],[4.70643,52.5463],[4.7059,52.54822],[4.71879,52.55162]]]]}},{"type":"Feature","properties":{"code":"GM0451","name":"Uithoorn"},"geometry":{"type":"MultiPolygon","coordinates":[[[[4.80752,52.25757],[4.82484,52.25275],[4.83476,52.24982],[4.84377,52.24567],[4.85205,52.24201],[4.85127,52.24189],[4.85216,52.23964],[4.85079,52.23861],[4.84733,52.23978],[4.846,52.23766],[4.843,52.23679],[4.84285,52.23535],[4.83963,52.23539],[4.82861,52.23059],[4.822,52.22919],[4.81719,52.22833],[4.8141,52.22717],[4.8082,52.22712],[4.80528,52.22797],[4.80194,52.22692],[4.79458,52.22673],[4.78402,52.22874],[4.78099,52.22874],[4.77885,52.22796],[4.7764,52.22737],[4.77465,52.22458],[4.76207,52.21813],[4.75985,52.21759],[4.7533,52.21747],[4.75067,52.21572],[4.74791,52.21485],[4.74363,52.21479],[4.735,52.20677],[4.73283,52.20697],[4.72877,52.20982],[4.72956,52.21027],[4.72474,52.21258],[4.72456,52.21322],[4.72376,52.21657],[4.77327,52.24103],[4.76807,52.24539],[4.76789,52.24698],[4.76899,52.2484],[4.77087,52.24991],[4.7792,52.25354],[4.78089,52.25352],[4.78293,52.25515],[4.7946,52.26006],[4.7947,52.26068],[4.79532,52.26098],[4.80752,52.25757]]]]}},{"type":"Feature","properties":{"code":"GM0453","name":"Velsen"},"geometry":{"type":"MultiPolygon","coordinates":[[[[4.60405,52.48147],[4.61355,52.4838],[4.61819,52.48329],[4.62096,52.48233],[4.63784,52.48013],[4.6407,52.47939],[4.64764,52.47842],[4.64674,52.47708],[4.64901,52.47661],[4.64929,52.47653],[4.65333,52.47715],[4.65416,52.47666],[4.66437,52.47057],[4.66761,52.46843],[4.66192,52.46176],[4.67485,52.45552],[4.69081,52.44688],[4.71097,52.43619],[4.72198,52.43334],[4.71065,52.42769],[4.70054,52.42551],[4.69149,52.41881],[4.68248,52.41385],[4.6818,52.41778],[4.68065,52.41801],[4.68123,52.41933],[4.6775,52.41896],[4.67437,52.41863],[4.67212,52.4224],[4.66562,52.42549],[4.66485,52.4256],[4.66283,52.42585],[4.65315,52.428],[4.65077,52.42857],[4.64572,52.42197],[4.64502,52.42103],[4.64249,52.41787],[4.63938,52.41451],[4.63729,52.41212],[4.63612,52.41083],[4.63165,52.41167],[4.63161,52.41167],[4.62999,52.41197],[4.62762,52.4126],[4.62884,52.41431],[4.62784,52.41471],[4.62874,52.41584],[4.6264,52.41653],[4.62705,52.41736],[4.62543,52.4201],[4.62591,52.42056],[4.62449,52.42162],[4.62358,52.42208],[4.62499,52.42349],[4.62147,52.4249],[4.62084,52.42438],[4.61725,52.42513],[4.61505,52.42594],[4.58782,52.43444],[4.58469,52.43484],[4.56319,52.43765],[4.5601,52.43804],[4.56226,52.44645],[4.56051,52.44672],[4.55369,52.46077],[4.54033,52.4581],[4.538,52.45806],[4.53647,52.45857],[4.53357,52.46093],[4.53208,52.46384],[4.53258,52.46379],[4.53417,52.46071],[4.53679,52.45871],[4.54006,52.45831],[4.55453,52.46161],[4.55479,52.462],[4.55445,52.46241],[4.5551,52.46256],[4.55565,52.46249],[4.5562,52.46225],[4.55526,52.46234],[4.55526,52.46207],[4.55856,52.46103],[4.55901,52.46148],[4.55914,52.46145],[4.5587,52.46099],[4.55895,52.46089],[4.55881,52.46079],[4.55831,52.46102],[4.55799,52.46059],[4.55993,52.457],[4.56498,52.45786],[4.56494,52.45897],[4.56251,52.45974],[4.56432,52.46233],[4.56325,52.46239],[4.56325,52.46262],[4.56875,52.46263],[4.56945,52.46226],[4.56763,52.45965],[4.56925,52.45922],[4.57136,52.4622],[4.57254,52.46262],[4.57861,52.46284],[4.57879,52.46243],[4.57704,52.4616],[4.57934,52.45991],[4.57956,52.45945],[4.5793,52.45894],[4.57784,52.45823],[4.57811,52.45803],[4.57955,52.45867],[4.58021,52.45849],[4.58058,52.45875],[4.58644,52.45654],[4.58722,52.45724],[4.58171,52.45936],[4.58027,52.46119],[4.58155,52.46245],[4.59429,52.45767],[4.59582,52.45798],[4.59621,52.45837],[4.58802,52.46125],[4.58581,52.46226],[4.58448,52.46274],[4.58436,52.46263],[4.58425,52.46266],[4.58412,52.46287],[4.58359,52.46306],[4.58311,52.46281],[4.5824,52.46314],[4.58274,52.46338],[4.59036,52.46367],[4.59039,52.46461],[4.58698,52.46445],[4.58694,52.46477],[4.59055,52.46526],[4.59657,52.46534],[4.5968,52.46548],[4.59681,52.46617],[4.59648,52.46633],[4.59151,52.46641],[4.59127,52.46689],[4.59146,52.4673],[4.59433,52.46718],[4.59444,52.46726],[4.59462,52.46725],[4.59466,52.46716],[4.60014,52.4668],[4.60506,52.4671],[4.60473,52.46724],[4.6049,52.46822],[4.60509,52.4684],[4.6015,52.46892],[4.59207,52.46976],[4.5936,52.47015],[4.60136,52.46979],[4.60152,52.47073],[4.60011,52.47092],[4.60012,52.47098],[4.60144,52.47103],[4.60149,52.47148],[4.6001,52.47179],[4.59781,52.47122],[4.59483,52.47132],[4.59839,52.47236],[4.60379,52.47212],[4.60385,52.47251],[4.60781,52.47226],[4.60888,52.47214],[4.6091,52.47295],[4.60237,52.4738],[4.60249,52.47392],[4.59975,52.47427],[4.59886,52.47402],[4.59843,52.47407],[4.59826,52.47403],[4.59827,52.47393],[4.59813,52.47389],[4.59786,52.47386],[4.59798,52.47363],[4.59769,52.47355],[4.59759,52.47367],[4.59619,52.47328],[4.59592,52.47337],[4.59558,52.4738],[4.58639,52.47167],[4.58561,52.47223],[4.584,52.47189],[4.58243,52.47059],[4.57916,52.46966],[4.56718,52.46768],[4.55741,52.4678],[4.5483,52.46921],[4.54323,52.46813],[4.5429,52.46748],[4.54225,52.46741],[4.54298,52.46833],[4.54802,52.46962],[4.55785,52.46806],[4.56444,52.46788],[4.57518,52.4792],[4.58134,52.48932],[4.59051,52.48725],[4.59612,52.48597],[4.60272,52.48335],[4.60405,52.48147]]],[[[4.5737,52.46397],[4.5739,52.46551],[4.57796,52.46609],[4.57878,52.46444],[4.57789,52.46421],[4.5737,52.46397]]]]}},{"type":"Feature","properties":{"code":"GM0473","name":"Zandvoort"},"geometry":{"type":"MultiPolygon","coordinates":[[[[4.565,52.34434],[4.54732,52.314],[4.54337,52.31499],[4.49493,52.32795],[4.49397,52.3282],[4.52615,52.37735],[4.54132,52.4014],[4.54304,52.40109],[4.59166,52.39172],[4.59146,52.39136],[4.57972,52.3706],[4.57957,52.37034],[4.57662,52.36517],[4.57451,52.36145],[4.57004,52.35336],[4.565,52.34434]]]]}},{"type":"Feature","properties":{"code":"GM0479","name":"Zaanstad"},"geometry":{"type":"MultiPolygon","coordinates":[[[[4.75243,52.52123],[4.76123,52.51855],[4.76362,52.51971],[4.76703,52.51887],[4.7672,52.51975],[4.77528,52.51942],[4.78248,52.51958],[4.78471,52.51944],[4.78497,52.51942],[4.78497,52.51942],[4.78986,52.51924],[4.78876,52.51111],[4.78975,52.50943],[4.79334,52.507],[4.794,52.50329],[4.79462,52.50041],[4.79508,52.49622],[4.79335,52.49395],[4.79159,52.49214],[4.79236,52.49113],[4.79364,52.49088],[4.79884,52.49111],[4.81157,52.48575],[4.81236,52.48397],[4.81387,52.48347],[4.814,52.48353],[4.81461,52.48322],[4.81515,52.48304],[4.81684,52.48256],[4.82755,52.4809],[4.83692,52.47988],[4.83755,52.47709],[4.84154,52.47302],[4.84213,52.47233],[4.84237,52.47213],[4.84268,52.47197],[4.84648,52.47072],[4.8525,52.47037],[4.84857,52.45957],[4.84492,52.45648],[4.84443,52.45292],[4.84409,52.45276],[4.84295,52.45226],[4.85293,52.44296],[4.85398,52.44158],[4.8558,52.43825],[4.85709,52.43647],[4.85757,52.43586],[4.85812,52.43506],[4.86,52.43229],[4.86176,52.42968],[4.86202,52.42977],[4.86206,52.42985],[4.86234,52.4299],[4.86236,52.42985],[4.86242,52.42982],[4.86259,52.42979],[4.86262,52.42979],[4.86264,52.42984],[4.86268,52.42994],[4.8628,52.42962],[4.8627,52.4296],[4.86221,52.42856],[4.85795,52.42472],[4.85783,52.42398],[4.85986,52.42047],[4.85608,52.41666],[4.84264,52.4188],[4.82772,52.42078],[4.82661,52.42092],[4.80994,52.42302],[4.78348,52.42641],[4.76754,52.4285],[4.76476,52.42778],[4.7532,52.42924],[4.75008,52.42964],[4.73921,52.43106],[4.72198,52.43334],[4.71097,52.43619],[4.69081,52.44688],[4.67485,52.45552],[4.683,52.46113],[4.68459,52.46223],[4.68507,52.46256],[4.68427,52.46352],[4.68515,52.46366],[4.69008,52.46562],[4.69461,52.46808],[4.69782,52.47103],[4.69728,52.47201],[4.69928,52.47453],[4.69873,52.47714],[4.70073,52.48024],[4.70547,52.48186],[4.70616,52.48284],[4.70591,52.48444],[4.70797,52.48633],[4.70844,52.48863],[4.71464,52.4932],[4.72037,52.49495],[4.72075,52.49505],[4.73158,52.49633],[4.73989,52.50171],[4.74637,52.5061],[4.74841,52.50766],[4.75067,52.50829],[4.75277,52.51059],[4.75225,52.51108],[4.74846,52.51498],[4.74825,52.51532],[4.74814,52.51706],[4.74828,52.51747],[4.74973,52.52008],[4.75243,52.52123]]]]}},{"type":"Feature","properties":{"code":"GM0482","name":"Alblasserdam"},"geometry":{"type":"MultiPolygon","coordinates":[[[[4.6294,51.88084],[4.63708,51.87629],[4.64214,51.8802],[4.66444,51.87495],[4.66856,51.87507],[4.67291,51.87479],[4.67788,51.8753],[4.68783,51.87872],[4.69727,51.87986],[4.70024,51.87971],[4.69082,51.86731],[4.69044,51.86685],[4.68767,51.86676],[4.68599,51.86593],[4.6824,51.8606],[4.68071,51.85964],[4.68126,51.85892],[4.68126,51.85891],[4.68151,51.85774],[4.68311,51.84892],[4.68319,51.84849],[4.68183,51.84909],[4.68135,51.84868],[4.68191,51.84844],[4.68047,51.84461],[4.67591,51.8411],[4.67261,51.83865],[4.67017,51.84215],[4.66337,51.84753],[4.6582,51.85163],[4.65311,51.8577],[4.64783,51.86267],[4.64569,51.86424],[4.63526,51.86971],[4.62639,51.88066],[4.62824,51.8808],[4.62878,51.88121],[4.6294,51.88084]]]]}},{"type":"Feature","properties":{"code":"GM0484","name":"Alphen aan den Rijn"},"geometry":{"type":"MultiPolygon","coordinates":[[[[4.69974,52.15707],[4.70567,52.15216],[4.70537,52.15201],[4.7055,52.15184],[4.70592,52.15169],[4.70518,52.15003],[4.70416,52.1481],[4.70403,52.14464],[4.705,52.14476],[4.72393,52.15608],[4.72419,52.15622],[4.72427,52.1561],[4.72464,52.15615],[4.72607,52.15641],[4.72622,52.158],[4.72681,52.159],[4.72957,52.15967],[4.74184,52.16267],[4.75902,52.13514],[4.76008,52.13102],[4.75885,52.12866],[4.75871,52.12854],[4.75664,52.12379],[4.75324,52.11944],[4.74074,52.10809],[4.73886,52.10651],[4.74022,52.10465],[4.73452,52.10262],[4.73481,52.10188],[4.73307,52.10148],[4.72452,52.0996],[4.72444,52.09958],[4.70473,52.09524],[4.70507,52.09464],[4.707,52.0933],[4.70876,52.09364],[4.7131,52.08434],[4.71551,52.08119],[4.71303,52.07693],[4.7049,52.07684],[4.69683,52.07401],[4.69441,52.06777],[4.68626,52.06953],[4.68615,52.06921],[4.68535,52.06938],[4.68312,52.06261],[4.68197,52.0591],[4.6793,52.05922],[4.679,52.0602],[4.67725,52.06552],[4.66566,52.06572],[4.66591,52.06395],[4.65997,52.0641],[4.65915,52.06402],[4.65915,52.06401],[4.6469,52.06428],[4.64686,52.06428],[4.63822,52.06482],[4.63762,52.06801],[4.63688,52.07353],[4.62531,52.07445],[4.62532,52.07644],[4.60702,52.07705],[4.60743,52.06553],[4.56592,52.05923],[4.56504,52.05857],[4.55781,52.06174],[4.55718,52.06124],[4.55586,52.06186],[4.55277,52.06331],[4.55321,52.06383],[4.54677,52.06699],[4.54273,52.06889],[4.53949,52.07031],[4.53534,52.07229],[4.53369,52.07305],[4.53517,52.07446],[4.5339,52.07522],[4.53404,52.07539],[4.53418,52.07556],[4.53602,52.07691],[4.53032,52.07997],[4.5301,52.08008],[4.53055,52.08051],[4.53457,52.0835],[4.53713,52.08395],[4.5365,52.10196],[4.53532,52.12043],[4.54191,52.11866],[4.54295,52.12124],[4.54064,52.12156],[4.54516,52.12917],[4.54519,52.1292],[4.54762,52.13231],[4.54606,52.13336],[4.54631,52.13402],[4.5503,52.13676],[4.54914,52.13759],[4.55073,52.13838],[4.56022,52.13193],[4.56138,52.13223],[4.5661,52.13526],[4.57049,52.14342],[4.57148,52.15311],[4.57274,52.15225],[4.60592,52.15694],[4.61059,52.15757],[4.61903,52.15871],[4.63985,52.16161],[4.64148,52.16182],[4.64552,52.16201],[4.66534,52.16243],[4.67984,52.16275],[4.68121,52.1675],[4.69823,52.15836],[4.69974,52.15707]]]]}},{"type":"Feature","properties":{"code":"GM0489","name":"Barendrecht"},"geometry":{"type":"MultiPolygon","coordinates":[[[[4.55277,51.86943],[4.55384,51.86797],[4.55393,51.86786],[4.55488,51.86656],[4.55637,51.86457],[4.5603,51.85933],[4.56273,51.85607],[4.56352,51.85502],[4.56411,51.85349],[4.56596,51.85209],[4.56997,51.85262],[4.57139,51.84943],[4.57106,51.84712],[4.56904,51.84485],[4.56383,51.84094],[4.56001,51.83879],[4.55864,51.83684],[4.55891,51.83624],[4.55725,51.8339],[4.55361,51.8299],[4.54865,51.83176],[4.54284,51.83187],[4.53629,51.83118],[4.53127,51.8302],[4.52548,51.82985],[4.51149,51.83268],[4.49925,51.83524],[4.48909,51.8354],[4.48972,51.84069],[4.49223,51.84144],[4.4896,51.84406],[4.48957,51.8455],[4.4897,51.84678],[4.48727,51.84861],[4.48967,51.85082],[4.48988,51.85142],[4.48573,51.85304],[4.48417,51.85363],[4.48299,51.8541],[4.48029,51.85515],[4.48127,51.85856],[4.47987,51.85893],[4.48058,51.85951],[4.48055,51.86102],[4.4804,51.86233],[4.48009,51.86528],[4.48073,51.86527],[4.48153,51.86543],[4.4817,51.86544],[4.48354,51.86591],[4.48569,51.86657],[4.48718,51.86717],[4.48875,51.86735],[4.49439,51.86897],[4.49646,51.86897],[4.51523,51.86904],[4.51524,51.86904],[4.52263,51.86908],[4.52602,51.86973],[4.52685,51.86941],[4.5295,51.86895],[4.53203,51.86878],[4.5353,51.86934],[4.5364,51.86976],[4.53997,51.87018],[4.54263,51.87084],[4.54297,51.87113],[4.5434,51.87131],[4.54399,51.87186],[4.54425,51.8723],[4.54494,51.87231],[4.54819,51.87384],[4.54938,51.87403],[4.55277,51.86943]]]]}},{"type":"Feature","properties":{"code":"GM0498","name":"Drechterland"},"geometry":{"type":"MultiPolygon","coordinates":[[[[5.19569,52.69221],[5.20459,52.67761],[5.2047,52.67794],[5.20623,52.68259],[5.20879,52.68381],[5.21444,52.68435],[5.21524,52.68442],[5.22486,52.68524],[5.23317,52.6859],[5.23543,52.68603],[5.24342,52.68624],[5.24602,52.68639],[5.24606,52.68584],[5.24648,52.68551],[5.24571,52.68499],[5.24527,52.68216],[5.24383,52.68166],[5.24323,52.67765],[5.24266,52.67263],[5.23818,52.66535],[5.23578,52.65707],[5.23064,52.65277],[5.20708,52.64457],[5.20136,52.64104],[5.19852,52.63631],[5.1901,52.63671],[5.18543,52.63588],[5.17773,52.6342],[5.17456,52.63302],[5.17087,52.63069],[5.1642,52.62689],[5.15931,52.62318],[5.14966,52.62364],[5.14704,52.62267],[5.14594,52.62313],[5.14222,52.62238],[5.12789,52.61988],[5.12541,52.6219],[5.12628,52.62338],[5.12806,52.62431],[5.12869,52.62609],[5.12733,52.62683],[5.12538,52.6296],[5.12103,52.63262],[5.11722,52.63289],[5.11161,52.63228],[5.10901,52.63138],[5.10655,52.63157],[5.10126,52.63368],[5.10075,52.63474],[5.10604,52.63559],[5.1036,52.64174],[5.10196,52.64703],[5.10519,52.64779],[5.11708,52.64999],[5.11644,52.65062],[5.11941,52.65116],[5.11611,52.65431],[5.11476,52.65378],[5.11068,52.65671],[5.11134,52.65722],[5.10759,52.65972],[5.10807,52.65995],[5.108,52.66027],[5.10823,52.6604],[5.10804,52.66069],[5.10832,52.6608],[5.10723,52.662],[5.10763,52.66216],[5.10655,52.66315],[5.10627,52.663],[5.10486,52.6643],[5.10405,52.66396],[5.10341,52.66457],[5.1031,52.6649],[5.10278,52.66477],[5.10142,52.66603],[5.10089,52.66582],[5.09875,52.66744],[5.09627,52.66972],[5.09621,52.66981],[5.09693,52.67011],[5.09667,52.67035],[5.09882,52.67126],[5.09648,52.67433],[5.0961,52.67489],[5.09175,52.67892],[5.12518,52.69108],[5.1445,52.69632],[5.14579,52.69668],[5.15317,52.69891],[5.16012,52.70101],[5.18702,52.70745],[5.19025,52.70206],[5.19034,52.7019],[5.19277,52.69784],[5.19344,52.69659],[5.19573,52.69275],[5.19581,52.69261],[5.196,52.69228],[5.19569,52.69221]]]]}},{"type":"Feature","properties":{"code":"GM0502","name":"Capelle aan den IJssel"},"geometry":{"type":"MultiPolygon","coordinates":[[[[4.59019,51.96014],[4.59505,51.95604],[4.59533,51.9558],[4.59939,51.95198],[4.60207,51.94948],[4.59974,51.94767],[4.6037,51.94481],[4.60591,51.94323],[4.6105,51.93991],[4.61425,51.93723],[4.61892,51.93389],[4.61949,51.93349],[4.6177,51.93105],[4.61507,51.92735],[4.61324,51.92608],[4.61072,51.92534],[4.60705,51.92568],[4.60168,51.92665],[4.59816,51.92608],[4.59396,51.92448],[4.58814,51.9218],[4.58284,51.92078],[4.58128,51.91987],[4.57949,51.91683],[4.57946,51.91675],[4.57715,51.91455],[4.57118,51.91187],[4.56606,51.90925],[4.55869,51.90824],[4.5499,51.90673],[4.55064,51.90883],[4.55117,51.90903],[4.55094,51.90932],[4.55105,51.90964],[4.55122,51.90961],[4.55284,51.91012],[4.55555,51.91054],[4.55683,51.91039],[4.55672,51.91212],[4.5565,51.9148],[4.55403,51.91478],[4.55426,51.9165],[4.554,51.91662],[4.55034,51.91486],[4.5501,51.91438],[4.54864,51.9104],[4.54723,51.90695],[4.54613,51.90658],[4.54339,51.90622],[4.54214,51.9062],[4.54168,51.90685],[4.54008,51.9091],[4.53922,51.91169],[4.53833,51.9119],[4.53719,51.91404],[4.53744,51.91468],[4.53823,51.91491],[4.53822,51.91534],[4.54052,51.91524],[4.53785,51.91932],[4.53755,51.91978],[4.54516,51.91929],[4.55208,51.91945],[4.55633,51.92032],[4.55691,51.91991],[4.55773,51.92036],[4.56089,51.92166],[4.56152,51.92187],[4.56145,51.92217],[4.56319,51.92282],[4.56455,51.92363],[4.56578,51.92506],[4.56569,51.92555],[4.566,51.92574],[4.56624,51.92591],[4.56516,51.92891],[4.56515,51.92918],[4.5647,51.92955],[4.56529,51.92983],[4.56439,51.93195],[4.56421,51.93237],[4.56272,51.93588],[4.56265,51.93606],[4.56059,51.94091],[4.56759,51.94198],[4.5705,51.94243],[4.57278,51.94346],[4.56744,51.94796],[4.5646,51.95035],[4.56406,51.95081],[4.56241,51.95472],[4.56159,51.95665],[4.5629,51.95686],[4.56205,51.95887],[4.56437,51.95992],[4.5668,51.95788],[4.56789,51.95819],[4.57051,51.9591],[4.57515,51.96127],[4.58039,51.96376],[4.58381,51.96549],[4.58399,51.96537],[4.58846,51.9616],[4.59019,51.96014]]]]}},{"type":"Feature","properties":{"code":"GM0503","name":"Delft"},"geometry":{"type":"MultiPolygon","coordinates":[[[[4.37974,52.02673],[4.37981,52.02666],[4.38624,52.02331],[4.38785,52.02137],[4.39079,52.01683],[4.39332,52.01307],[4.39452,52.01126],[4.39369,52.01102],[4.39369,52.01093],[4.38835,52.00945],[4.3885,52.00867],[4.38903,52.00783],[4.38818,52.00664],[4.38862,52.00545],[4.38617,52.00489],[4.38592,52.00484],[4.38814,51.99978],[4.38828,51.99945],[4.38916,51.99738],[4.38958,51.99652],[4.39177,51.99129],[4.39353,51.98718],[4.39703,51.97897],[4.40154,51.97805],[4.40727,51.96899],[4.40791,51.9682],[4.40293,51.96632],[4.39772,51.97433],[4.39675,51.97418],[4.39617,51.97608],[4.39422,51.97633],[4.39381,51.9775],[4.38362,51.97582],[4.3863,51.97221],[4.37575,51.97015],[4.36918,51.96887],[4.36817,51.97158],[4.35954,51.97014],[4.35872,51.97226],[4.35988,51.97246],[4.3597,51.97287],[4.35854,51.97271],[4.35837,51.97311],[4.35948,51.97328],[4.35931,51.97369],[4.3582,51.9735],[4.35766,51.97482],[4.35883,51.97502],[4.35857,51.97566],[4.35738,51.97549],[4.35663,51.9773],[4.34507,51.97542],[4.34313,51.97567],[4.33823,51.97418],[4.33272,51.98046],[4.33204,51.98407],[4.32849,51.9857],[4.32411,51.98986],[4.32573,51.99195],[4.33311,51.99317],[4.33281,51.99555],[4.33152,51.99785],[4.33324,51.99812],[4.33335,51.99792],[4.33475,51.99835],[4.33772,51.9988],[4.33583,52.00106],[4.34114,52.00271],[4.3411,52.00278],[4.33904,52.00505],[4.33845,52.00569],[4.33637,52.00475],[4.33266,52.00788],[4.33131,52.00728],[4.32826,52.00592],[4.32807,52.0061],[4.32774,52.0064],[4.32655,52.00615],[4.3265,52.00624],[4.32576,52.00602],[4.32624,52.00543],[4.32635,52.00529],[4.32324,52.00434],[4.32022,52.00807],[4.32149,52.00846],[4.32064,52.00932],[4.32437,52.01044],[4.32437,52.01053],[4.32437,52.01058],[4.32527,52.01078],[4.32547,52.01087],[4.3254,52.0111],[4.32533,52.01132],[4.326,52.01162],[4.32532,52.0122],[4.32562,52.01232],[4.32606,52.0125],[4.32596,52.01279],[4.33025,52.01467],[4.33429,52.01642],[4.33443,52.01648],[4.3437,52.02062],[4.34767,52.02235],[4.348,52.02245],[4.34801,52.02246],[4.35142,52.024],[4.35495,52.02558],[4.35503,52.02553],[4.35543,52.02571],[4.35548,52.02585],[4.35769,52.02682],[4.35779,52.02686],[4.35885,52.02733],[4.35977,52.02654],[4.36026,52.02676],[4.36243,52.02769],[4.3634,52.0281],[4.3735,52.0326],[4.37974,52.02673]]]]}},{"type":"Feature","properties":{"code":"GM0505","name":"Dordrecht"},"geometry":{"type":"MultiPolygon","coordinates":[[[[4.72964,51.82217],[4.74169,51.82222],[4.74176,51.82222],[4.75144,51.82161],[4.75776,51.81919],[4.76618,51.81607],[4.77209,51.81532],[4.77855,51.81529],[4.78535,51.8152],[4.78974,51.81574],[4.79748,51.81717],[4.81142,51.81866],[4.82011,51.81906],[4.83905,51.81925],[4.84768,51.81892],[4.85611,51.81839],[4.87488,51.8176],[4.88332,51.81863],[4.88464,51.81647],[4.85967,51.80268],[4.85441,51.80068],[4.84598,51.79876],[4.83611,51.79784],[4.82887,51.79802],[4.80687,51.80034],[4.79719,51.79977],[4.77354,51.79332],[4.76598,51.78963],[4.76522,51.78921],[4.75524,51.78161],[4.75057,51.77576],[4.74479,51.76349],[4.74077,51.75882],[4.73663,51.75557],[4.72459,51.74791],[4.70375,51.73693],[4.69326,51.73228],[4.6816,51.72842],[4.6763,51.72492],[4.67522,51.72421],[4.64514,51.71907],[4.6445,51.71896],[4.64157,51.72338],[4.64104,51.72341],[4.64403,51.71886],[4.64385,51.71883],[4.64087,51.72336],[4.63981,51.72321],[4.635,51.72199],[4.63493,51.72171],[4.63436,51.72154],[4.63685,51.71744],[4.63643,51.71735],[4.63392,51.72142],[4.63334,51.72135],[4.63281,51.72152],[4.62818,51.72035],[4.62767,51.72361],[4.62876,51.72553],[4.62787,51.72551],[4.62707,51.72409],[4.62646,51.72227],[4.62641,51.72081],[4.62744,51.72054],[4.62774,51.71998],[4.62666,51.71995],[4.62622,51.72016],[4.62597,51.72053],[4.62567,51.72056],[4.6236,51.7214],[4.62658,51.72826],[4.63113,51.74175],[4.63112,51.75011],[4.62711,51.76028],[4.62612,51.76605],[4.62693,51.77266],[4.62699,51.77291],[4.62771,51.77764],[4.6275,51.78217],[4.62742,51.78249],[4.62684,51.78475],[4.62321,51.79241],[4.62187,51.79769],[4.62122,51.8008],[4.63218,51.80213],[4.64196,51.80571],[4.64807,51.80928],[4.65055,51.81132],[4.65079,51.81151],[4.65475,51.81444],[4.65632,51.81543],[4.65646,51.81551],[4.65858,51.81669],[4.66325,51.81903],[4.66444,51.81948],[4.66839,51.82055],[4.67138,51.82085],[4.67171,51.82085],[4.67173,51.82079],[4.67637,51.82042],[4.68463,51.82078],[4.68834,51.82141],[4.69227,51.82201],[4.69784,51.82259],[4.70373,51.82314],[4.70792,51.82335],[4.70998,51.82335],[4.72964,51.82217]]]]}},{"type":"Feature","properties":{"code":"GM0512","name":"Gorinchem"},"geometry":{"type":"MultiPolygon","coordinates":[[[[4.93889,51.86352],[4.95697,51.85957],[4.95931,51.86288],[4.96498,51.86159],[4.98332,51.85711],[4.98126,51.85187],[4.99634,51.84923],[4.99868,51.85228],[5.0,51.84758],[4.99889,51.84525],[4.99952,51.84514],[4.9993,51.8446],[4.99993,51.84439],[5.00289,51.84366],[5.00345,51.84477],[5.00932,51.84272],[5.02127,51.84193],[5.03141,51.84108],[5.02829,51.82616],[5.0277,51.82355],[5.02635,51.81886],[5.013,51.82073],[5.00036,51.82093],[4.99928,51.82087],[4.98776,51.82106],[4.9761,51.82263],[4.96963,51.82365],[4.96051,51.82504],[4.94244,51.82724],[4.93606,51.82831],[4.92699,51.82831],[4.92519,51.83708],[4.92512,51.83753],[4.92507,51.83788],[4.92501,51.8383],[4.92486,51.83972],[4.92182,51.84079],[4.92544,51.84024],[4.93089,51.84027],[4.93662,51.84293],[4.93694,51.84438],[4.94271,51.84478],[4.94035,51.85843],[4.9384,51.86363],[4.93889,51.86352]]]]}},{"type":"Feature","properties":{"code":"GM0513","name":"Gouda"},"geometry":{"type":"MultiPolygon","coordinates":[[[[4.71993,52.02847],[4.71985,52.02648],[4.72118,52.02647],[4.72121,52.02611],[4.72151,52.02603],[4.72221,52.02629],[4.7223,52.02602],[4.72527,52.02577],[4.72634,52.02593],[4.72742,52.02599],[4.72761,52.02532],[4.72996,52.02563],[4.73015,52.02488],[4.7344,52.02502],[4.73462,52.02428],[4.7363,52.02422],[4.73678,52.02275],[4.7437,52.02261],[4.74602,52.01698],[4.74915,52.01618],[4.74963,52.01528],[4.75005,52.0145],[4.75035,52.01394],[4.75099,52.0139],[4.75276,52.01054],[4.75696,52.00295],[4.75725,52.00293],[4.75733,52.00144],[4.75226,52.00235],[4.74597,52.0028],[4.74392,52.00345],[4.74206,52.00459],[4.73932,52.00625],[4.73773,52.00684],[4.73729,52.00594],[4.73077,52.00735],[4.72833,52.00734],[4.72279,52.00548],[4.7242,52.00339],[4.72528,52.00258],[4.72757,52.00158],[4.72674,52.00128],[4.7267,52.00126],[4.71886,51.99837],[4.71441,52.0004],[4.71291,51.99914],[4.70722,52.00176],[4.70107,51.99756],[4.69683,51.99694],[4.69064,51.99667],[4.68868,51.99626],[4.68402,51.99796],[4.68176,51.99711],[4.68116,51.99688],[4.68023,51.99654],[4.67473,51.99987],[4.67072,52.00233],[4.66952,52.00247],[4.66281,52.00325],[4.65945,52.00529],[4.66566,52.00919],[4.66703,52.01001],[4.6701,52.01055],[4.67073,52.01113],[4.66661,52.01297],[4.67557,52.01768],[4.68182,52.01931],[4.67967,52.02116],[4.67365,52.0226],[4.67038,52.02284],[4.66777,52.02452],[4.66728,52.02508],[4.67908,52.02819],[4.68054,52.02798],[4.68585,52.03026],[4.6919,52.03299],[4.69497,52.03442],[4.6997,52.03691],[4.70174,52.03786],[4.70604,52.04012],[4.70923,52.03955],[4.71239,52.03896],[4.71626,52.03822],[4.71758,52.03531],[4.71987,52.0352],[4.7199,52.03027],[4.71993,52.02847]]]]}},{"type":"Feature","properties":{"code":"GM0518","name":"'s-Gravenhage"},"geometry":{"type":"MultiPolygon","coordinates":[[[[4.30264,52.12852],[4.32884,52.10929],[4.32894,52.10921],[4.329,52.10917],[4.33306,52.10573],[4.33043,52.10426],[4.33226,52.10304],[4.32329,52.09921],[4.32739,52.09566],[4.33725,52.09877],[4.33857,52.09744],[4.34136,52.09834],[4.34232,52.09748],[4.34374,52.09811],[4.35849,52.10576],[4.35862,52.10568],[4.35883,52.10553],[4.36319,52.10211],[4.36331,52.1018],[4.36987,52.09623],[4.37046,52.09623],[4.37271,52.09477],[4.37147,52.09384],[4.37344,52.09235],[4.37305,52.09206],[4.36803,52.0897],[4.36778,52.08958],[4.3589,52.08556],[4.35678,52.0846],[4.3532,52.08301],[4.35249,52.08269],[4.3451,52.07948],[4.34539,52.07911],[4.33896,52.07666],[4.33885,52.07661],[4.33521,52.075],[4.35493,52.06825],[4.35552,52.06804],[4.3422,52.06113],[4.34413,52.05972],[4.34424,52.05977],[4.34448,52.05962],[4.348,52.0565],[4.35228,52.05939],[4.35332,52.05867],[4.35398,52.05899],[4.35757,52.05655],[4.35725,52.05634],[4.35735,52.05626],[4.35923,52.05735],[4.35947,52.05718],[4.35982,52.05737],[4.35944,52.05763],[4.35997,52.05793],[4.35958,52.0582],[4.36012,52.0585],[4.36045,52.05827],[4.36083,52.05847],[4.35602,52.06157],[4.36382,52.06517],[4.36401,52.06532],[4.37143,52.06958],[4.38,52.07475],[4.38436,52.07616],[4.38458,52.07623],[4.38865,52.07297],[4.39192,52.07473],[4.39462,52.07591],[4.39709,52.07476],[4.40392,52.07785],[4.40593,52.07659],[4.41188,52.07213],[4.41724,52.06622],[4.42069,52.06346],[4.42083,52.06258],[4.42042,52.0621],[4.42243,52.05733],[4.41539,52.05744],[4.41523,52.05701],[4.42139,52.05221],[4.42207,52.05167],[4.40136,52.05334],[4.40007,52.05237],[4.40007,52.05237],[4.39855,52.05122],[4.39444,52.05405],[4.39357,52.05348],[4.39376,52.05333],[4.39312,52.05284],[4.39259,52.05315],[4.39113,52.05195],[4.39144,52.05176],[4.38968,52.04996],[4.3879,52.05117],[4.3861,52.04997],[4.38584,52.0498],[4.3781,52.04465],[4.37266,52.04093],[4.37986,52.03595],[4.38118,52.03639],[4.38677,52.03844],[4.38785,52.03844],[4.39393,52.03305],[4.37974,52.02673],[4.3735,52.0326],[4.3634,52.0281],[4.36243,52.02769],[4.36026,52.02676],[4.35977,52.02654],[4.35885,52.02733],[4.35779,52.02686],[4.35753,52.02738],[4.3579,52.02777],[4.35483,52.03044],[4.35378,52.03068],[4.35036,52.03931],[4.34688,52.04247],[4.34684,52.04357],[4.34606,52.04402],[4.34688,52.04552],[4.34913,52.04689],[4.35231,52.04818],[4.35264,52.0491],[4.34469,52.05394],[4.34726,52.0563],[4.3469,52.05705],[4.34415,52.05938],[4.34188,52.06098],[4.34031,52.06195],[4.33515,52.05963],[4.33489,52.05952],[4.33033,52.05734],[4.32865,52.05655],[4.32764,52.05694],[4.32763,52.05645],[4.32549,52.05544],[4.32412,52.05565],[4.32135,52.05462],[4.32191,52.05305],[4.31645,52.05087],[4.31308,52.05013],[4.31004,52.04867],[4.30981,52.04857],[4.30441,52.04666],[4.30323,52.04696],[4.29837,52.04556],[4.29874,52.04501],[4.29725,52.04457],[4.29756,52.04407],[4.29677,52.04373],[4.29551,52.04358],[4.29345,52.04306],[4.29387,52.04254],[4.29095,52.04157],[4.29171,52.04038],[4.29862,52.02982],[4.29789,52.02947],[4.29791,52.02945],[4.30093,52.02593],[4.30419,52.02215],[4.30431,52.022],[4.30764,52.01815],[4.30266,52.01649],[4.30108,52.01787],[4.29861,52.01688],[4.29551,52.01485],[4.28974,52.01765],[4.29434,52.01936],[4.287,52.02287],[4.28677,52.02297],[4.28825,52.02376],[4.28515,52.02562],[4.28565,52.02591],[4.28505,52.02627],[4.28588,52.02648],[4.28525,52.02742],[4.28347,52.0267],[4.2828,52.02763],[4.28174,52.02737],[4.2779,52.03247],[4.2759,52.03156],[4.27297,52.03552],[4.27266,52.03592],[4.26665,52.03301],[4.25913,52.02957],[4.25638,52.02835],[4.25489,52.02829],[4.24822,52.02523],[4.24481,52.02873],[4.24429,52.02885],[4.24142,52.03195],[4.23505,52.03926],[4.22833,52.03464],[4.21923,52.03374],[4.21373,52.03169],[4.21226,52.03075],[4.20958,52.03365],[4.21243,52.03403],[4.20904,52.03827],[4.20416,52.04467],[4.20412,52.04473],[4.19634,52.05566],[4.20514,52.06061],[4.20241,52.06153],[4.21158,52.06603],[4.22549,52.07437],[4.23108,52.07855],[4.24361,52.08826],[4.25523,52.09807],[4.25607,52.09978],[4.25383,52.10121],[4.25246,52.10395],[4.25422,52.10142],[4.25794,52.09891],[4.2599,52.099],[4.26054,52.09867],[4.26071,52.09828],[4.25902,52.09784],[4.25939,52.09701],[4.26104,52.09729],[4.26375,52.09689],[4.26465,52.09749],[4.26358,52.09827],[4.26417,52.09863],[4.26691,52.09735],[4.26318,52.09484],[4.26419,52.09425],[4.27173,52.09957],[4.27078,52.10005],[4.2672,52.09749],[4.26545,52.09841],[4.26541,52.09874],[4.26873,52.10111],[4.26721,52.1019],[4.26317,52.09906],[4.26124,52.09921],[4.26066,52.09957],[4.26103,52.10059],[4.25881,52.10146],[4.25775,52.10345],[4.25592,52.10386],[4.25618,52.10419],[4.25818,52.10365],[4.25894,52.10228],[4.26145,52.10294],[4.26523,52.10548],[4.26913,52.10791],[4.28009,52.11542],[4.28166,52.11623],[4.27992,52.11719],[4.27989,52.11673],[4.27935,52.1167],[4.27915,52.11682],[4.27914,52.11723],[4.27986,52.11733],[4.27965,52.11787],[4.28002,52.11792],[4.28017,52.11781],[4.28003,52.11733],[4.28045,52.11711],[4.28091,52.11716],[4.28081,52.11749],[4.28105,52.11751],[4.28119,52.11715],[4.28055,52.11704],[4.28184,52.11632],[4.28666,52.11924],[4.30264,52.12852]]]]}},{"type":"Feature","properties":{"code":"GM0523","name":"Hardinxveld-Giessendam"},"geometry":{"type":"MultiPolygon","coordinates":[[[[4.84767,51.83298],[4.84795,51.83262],[4.85111,51.83313],[4.85437,51.83213],[4.86034,51.83301],[4.86301,51.83294],[4.86645,51.83484],[4.86759,51.83398],[4.86793,51.83199],[4.87509,51.83232],[4.88277,51.83309],[4.90215,51.83765],[4.90986,51.83885],[4.92486,51.83972],[4.92501,51.8383],[4.92507,51.83788],[4.92512,51.83753],[4.92519,51.83708],[4.92699,51.82831],[4.9186,51.82748],[4.90913,51.82538],[4.8894,51.8189],[4.88523,51.81677],[4.88464,51.81647],[4.88332,51.81863],[4.87488,51.8176],[4.85611,51.81839],[4.84768,51.81892],[4.83905,51.81925],[4.82011,51.81906],[4.81142,51.81866],[4.81138,51.82115],[4.80817,51.8218],[4.8065,51.82192],[4.80507,51.82195],[4.80508,51.82301],[4.80499,51.8232],[4.80457,51.82893],[4.8045,51.82976],[4.80448,51.82998],[4.80398,51.83739],[4.80469,51.83774],[4.8039,51.83857],[4.80338,51.84635],[4.8107,51.84925],[4.81046,51.84969],[4.81378,51.85034],[4.83808,51.86073],[4.84533,51.83858],[4.84703,51.83453],[4.8473,51.83394],[4.84754,51.83346],[4.84767,51.83298]]]]}},{"type":"Feature","properties":{"code":"GM0531","name":"Hendrik-Ido-Ambacht"},"geometry":{"type":"MultiPolygon","coordinates":[[[[4.6582,51.85163],[4.66337,51.84753],[4.67017,51.84215],[4.67261,51.83865],[4.67241,51.83588],[4.66921,51.8296],[4.66916,51.82884],[4.67044,51.82359],[4.66969,51.82417],[4.6663,51.8268],[4.66189,51.83161],[4.65994,51.83107],[4.65989,51.83106],[4.65344,51.82945],[4.64639,51.82776],[4.644,51.82753],[4.64288,51.8265],[4.63985,51.82635],[4.63727,51.82539],[4.63272,51.82694],[4.62237,51.83065],[4.61426,51.83356],[4.60016,51.83873],[4.60491,51.84838],[4.607,51.84852],[4.60829,51.84941],[4.6125,51.85059],[4.61872,51.85124],[4.62342,51.85373],[4.62604,51.85451],[4.62876,51.85435],[4.63344,51.85028],[4.63652,51.84966],[4.64249,51.85391],[4.64729,51.85722],[4.64376,51.8593],[4.64003,51.86252],[4.63545,51.86912],[4.63526,51.86971],[4.64569,51.86424],[4.64783,51.86267],[4.65311,51.8577],[4.6582,51.85163]]]]}},{"type":"Feature","properties":{"code":"GM0532","name":"Stede Broec"},"geometry":{"type":"MultiPolygon","coordinates":[[[[5.25672,52.68671],[5.25636,52.68601],[5.25427,52.68666],[5.24648,52.68551],[5.24606,52.68584],[5.24602,52.68639],[5.24342,52.68624],[5.23543,52.68603],[5.23317,52.6859],[5.22486,52.68524],[5.21524,52.68442],[5.21444,52.68435],[5.20879,52.68381],[5.20623,52.68259],[5.2047,52.67794],[5.20459,52.67761],[5.19569,52.69221],[5.196,52.69228],[5.19581,52.69261],[5.19573,52.69275],[5.19344,52.69659],[5.19277,52.69784],[5.19034,52.7019],[5.19025,52.70206],[5.18702,52.70745],[5.18537,52.71023],[5.21039,52.71678],[5.22013,52.7177],[5.23025,52.71737],[5.2575,52.71618],[5.25816,52.70905],[5.25846,52.7047],[5.25874,52.70069],[5.25896,52.69676],[5.25896,52.69662],[5.25898,52.69596],[5.25925,52.68691],[5.25672,52.68671]]]]}},{"type":"Feature","properties":{"code":"GM0534","name":"Hillegom"},"geometry":{"type":"MultiPolygon","coordinates":[[[[4.58689,52.317],[4.58747,52.31676],[4.58799,52.31694],[4.58769,52.31788],[4.59103,52.31779],[4.59331,52.31778],[4.59332,52.31778],[4.59509,52.31768],[4.59657,52.31771],[4.59946,52.3171],[4.59946,52.3171],[4.60146,52.31652],[4.60289,52.31585],[4.61168,52.31356],[4.61153,52.31224],[4.61026,52.31088],[4.60474,52.30628],[4.60233,52.30324],[4.59983,52.29987],[4.59824,52.29774],[4.59648,52.29445],[4.59636,52.29184],[4.5956,52.2908],[4.59374,52.2887],[4.59134,52.28596],[4.58954,52.28248],[4.58887,52.28111],[4.58821,52.28023],[4.58487,52.27833],[4.58414,52.27792],[4.57719,52.27384],[4.57712,52.2738],[4.57275,52.27124],[4.5676,52.2735],[4.56757,52.27352],[4.55345,52.28204],[4.54847,52.28433],[4.54869,52.28468],[4.5469,52.285],[4.54255,52.28664],[4.54232,52.28738],[4.5518,52.29712],[4.55446,52.29941],[4.55538,52.29914],[4.56371,52.3093],[4.56845,52.31564],[4.56908,52.31648],[4.57324,52.31536],[4.58344,52.31838],[4.58579,52.3182],[4.58594,52.31757],[4.58609,52.31732],[4.58661,52.31701],[4.58689,52.317]]]]}},{"type":"Feature","properties":{"code":"GM0537","name":"Katwijk"},"geometry":{"type":"MultiPolygon","coordinates":[[[[4.41493,52.21611],[4.41959,52.21431],[4.42179,52.21481],[4.42233,52.21449],[4.42329,52.21543],[4.4257,52.21629],[4.42929,52.21241],[4.43328,52.2135],[4.43546,52.2106],[4.43714,52.2112],[4.43741,52.20967],[4.43748,52.20951],[4.44019,52.20736],[4.44165,52.2085],[4.44445,52.20951],[4.44631,52.21098],[4.44848,52.2125],[4.45131,52.2117],[4.4559,52.21404],[4.46408,52.21596],[4.46618,52.21419],[4.46575,52.21314],[4.46251,52.21176],[4.46233,52.21055],[4.45959,52.20924],[4.45862,52.20824],[4.45565,52.20703],[4.46064,52.2048],[4.46267,52.20341],[4.46042,52.2022],[4.46347,52.2002],[4.46176,52.19711],[4.46618,52.19741],[4.46637,52.19689],[4.4632,52.19335],[4.46266,52.19307],[4.46353,52.19267],[4.46147,52.18871],[4.45862,52.18346],[4.45817,52.18348],[4.45821,52.18363],[4.45495,52.18366],[4.45204,52.18305],[4.45189,52.18284],[4.44861,52.18264],[4.4486,52.18264],[4.44006,52.18107],[4.43768,52.18171],[4.4358,52.18122],[4.43502,52.18089],[4.436,52.18043],[4.44065,52.17965],[4.44583,52.1788],[4.44839,52.17666],[4.44885,52.17412],[4.44569,52.17001],[4.4455,52.16877],[4.44541,52.16722],[4.44602,52.16513],[4.44837,52.16205],[4.44829,52.16198],[4.44048,52.15565],[4.43109,52.15844],[4.42597,52.15923],[4.41977,52.16234],[4.41779,52.16148],[4.41476,52.16246],[4.41319,52.16379],[4.41157,52.1635],[4.40932,52.16934],[4.4048,52.1675],[4.40421,52.16826],[4.40411,52.16841],[4.40322,52.16896],[4.40008,52.17138],[4.39915,52.17193],[4.39902,52.17185],[4.39833,52.17242],[4.37438,52.1869],[4.38365,52.19647],[4.39144,52.20656],[4.39704,52.21231],[4.39976,52.21062],[4.40017,52.21089],[4.40044,52.21106],[4.39819,52.21248],[4.39978,52.21485],[4.40546,52.21972],[4.41483,52.21615],[4.41484,52.21614],[4.41493,52.21611]]]]}},{"type":"Feature","properties":{"code":"GM0542","name":"Krimpen aan den IJssel"},"geometry":{"type":"MultiPolygon","coordinates":[[[[4.62367,51.92628],[4.63059,51.92143],[4.64302,51.91257],[4.64278,51.91246],[4.63515,51.91007],[4.62322,51.90854],[4.60146,51.907],[4.59683,51.90781],[4.59677,51.9078],[4.59517,51.90708],[4.59673,51.90576],[4.59351,51.9041],[4.59308,51.90468],[4.59252,51.90441],[4.59221,51.9056],[4.58875,51.90419],[4.5891,51.90237],[4.58419,51.90391],[4.58204,51.90409],[4.57633,51.90303],[4.56946,51.90435],[4.55509,51.90565],[4.54924,51.90488],[4.5499,51.90673],[4.55869,51.90824],[4.56606,51.90925],[4.57118,51.91187],[4.57715,51.91455],[4.57946,51.91675],[4.57949,51.91683],[4.58128,51.91987],[4.58284,51.92078],[4.58814,51.9218],[4.59396,51.92448],[4.59816,51.92608],[4.60168,51.92665],[4.60705,51.92568],[4.61072,51.92534],[4.61324,51.92608],[4.61507,51.92735],[4.6177,51.93105],[4.62367,51.92628]]]]}},{"type":"Feature","properties":{"code":"GM0546","name":"Leiden"},"geometry":{"type":"MultiPolygon","coordinates":[[[[4.51798,52.17853],[4.51849,52.17425],[4.51717,52.17267],[4.51512,52.17109],[4.51552,52.16951],[4.51619,52.16582],[4.51504,52.1634],[4.51483,52.1608],[4.51886,52.15822],[4.52082,52.15655],[4.52169,52.15386],[4.52224,52.15217],[4.52224,52.15216],[4.52391,52.14766],[4.52404,52.1474],[4.51599,52.14469],[4.51068,52.14087],[4.51321,52.13997],[4.5131,52.13992],[4.49797,52.13216],[4.49656,52.13145],[4.49195,52.12901],[4.48752,52.12741],[4.47298,52.11895],[4.47229,52.11964],[4.47232,52.12346],[4.47294,52.1237],[4.46815,52.12855],[4.46748,52.12832],[4.46685,52.12898],[4.46598,52.12789],[4.46642,52.12733],[4.46519,52.12661],[4.46449,52.12731],[4.46892,52.13276],[4.46907,52.1332],[4.46924,52.13428],[4.46717,52.13694],[4.46668,52.14089],[4.46605,52.14642],[4.46541,52.14944],[4.46297,52.14895],[4.46244,52.14978],[4.45929,52.1497],[4.45702,52.14779],[4.45087,52.14213],[4.4496,52.14098],[4.44656,52.14119],[4.44468,52.14062],[4.44379,52.14101],[4.44299,52.14535],[4.44394,52.14604],[4.44137,52.1495],[4.43887,52.15327],[4.43922,52.1547],[4.44048,52.15565],[4.44829,52.16198],[4.44837,52.16205],[4.45041,52.16632],[4.45305,52.16849],[4.45478,52.17108],[4.46687,52.16993],[4.46757,52.17045],[4.46723,52.17217],[4.46851,52.17348],[4.46957,52.17435],[4.47157,52.17446],[4.47865,52.17958],[4.47971,52.179],[4.4808,52.17963],[4.48461,52.17802],[4.4874,52.17692],[4.48743,52.17817],[4.4896,52.17715],[4.49192,52.17541],[4.49344,52.17586],[4.49537,52.1778],[4.49717,52.18094],[4.49756,52.18398],[4.49834,52.18399],[4.50163,52.18426],[4.50355,52.18462],[4.50852,52.18397],[4.51721,52.18272],[4.51837,52.18212],[4.51798,52.17853]]]]}},{"type":"Feature","properties":{"code":"GM0547","name":"Leiderdorp"},"geometry":{"type":"MultiPolygon","coordinates":[[[[4.51837,52.18212],[4.52818,52.17985],[4.53815,52.18009],[4.53878,52.18013],[4.53907,52.1771],[4.54001,52.17557],[4.54233,52.17195],[4.55035,52.16301],[4.55276,52.1631],[4.5557,52.16443],[4.56059,52.16678],[4.5624,52.16612],[4.56049,52.16413],[4.56265,52.16133],[4.56163,52.16082],[4.57148,52.15311],[4.57049,52.14342],[4.5661,52.13526],[4.56138,52.13223],[4.56022,52.13193],[4.55073,52.13838],[4.54455,52.14073],[4.53727,52.14096],[4.5308,52.14186],[4.52778,52.14324],[4.52467,52.14634],[4.52404,52.1474],[4.52391,52.14766],[4.52224,52.15216],[4.52224,52.15217],[4.52169,52.15386],[4.52082,52.15655],[4.51886,52.15822],[4.51483,52.1608],[4.51504,52.1634],[4.51619,52.16582],[4.51552,52.16951],[4.51512,52.17109],[4.51717,52.17267],[4.51849,52.17425],[4.51798,52.17853],[4.51837,52.18212]]]]}},{"type":"Feature","properties":{"code":"GM0553","name":"Lisse"},"geometry":{"type":"MultiPolygon","coordinates":[[[[4.55345,52.28204],[4.56757,52.27352],[4.5676,52.2735],[4.57275,52.27124],[4.56834,52.26855],[4.56804,52.26652],[4.56825,52.26555],[4.56845,52.26471],[4.56954,52.25986],[4.56876,52.25567],[4.56783,52.25075],[4.56621,52.24501],[4.56535,52.24235],[4.56505,52.24142],[4.56418,52.23863],[4.56292,52.23472],[4.56227,52.23384],[4.56078,52.23306],[4.55562,52.23202],[4.55561,52.23202],[4.55362,52.23093],[4.55047,52.22675],[4.55393,52.22221],[4.55323,52.22233],[4.54357,52.2268],[4.53936,52.2298],[4.53507,52.23125],[4.53467,52.23138],[4.53357,52.23172],[4.53143,52.23238],[4.53142,52.23237],[4.53048,52.2327],[4.53047,52.2327],[4.52993,52.23295],[4.52778,52.23389],[4.52491,52.23557],[4.52506,52.23592],[4.52947,52.23814],[4.52909,52.23833],[4.52742,52.23916],[4.52892,52.24007],[4.52863,52.24028],[4.53005,52.24116],[4.52783,52.24206],[4.52774,52.24241],[4.52409,52.24438],[4.52589,52.24578],[4.52518,52.24624],[4.52659,52.24725],[4.52148,52.24954],[4.51788,52.25273],[4.51349,52.25499],[4.52092,52.2607],[4.53287,52.2731],[4.53018,52.27415],[4.53503,52.27883],[4.53546,52.27915],[4.53599,52.27816],[4.53644,52.27836],[4.53651,52.27919],[4.53871,52.28178],[4.54255,52.28664],[4.5469,52.285],[4.54869,52.28468],[4.54847,52.28433],[4.55345,52.28204]]]]}},{"type":"Feature","properties":{"code":"GM0556","name":"Maassluis"},"geometry":{"type":"MultiPolygon","coordinates":[[[[4.22829,51.94799],[4.23177,51.94292],[4.23192,51.94295],[4.23694,51.94393],[4.24032,51.94287],[4.24178,51.9418],[4.25309,51.93273],[4.2594,51.928],[4.26052,51.92731],[4.26142,51.92678],[4.26427,51.92547],[4.26613,51.9253],[4.27068,51.92353],[4.2727,51.92354],[4.29261,51.92124],[4.27712,51.91128],[4.27705,51.91124],[4.26757,51.90534],[4.26618,51.9059],[4.25543,51.91017],[4.2442,51.91374],[4.23646,51.9173],[4.23217,51.92071],[4.22939,51.92331],[4.22291,51.92876],[4.21993,51.93047],[4.21272,51.93373],[4.21953,51.9414],[4.22145,51.94267],[4.22829,51.94799]]]]}},{"type":"Feature","properties":{"code":"GM0569","name":"Nieuwkoop"},"geometry":{"type":"MultiPolygon","coordinates":[[[[4.80148,52.20989],[4.80162,52.204],[4.80293,52.20103],[4.81359,52.20185],[4.8131,52.20134],[4.8144,52.19931],[4.82225,52.19609],[4.82362,52.19317],[4.83838,52.18326],[4.843,52.18082],[4.84406,52.18007],[4.85547,52.17896],[4.86713,52.17345],[4.89218,52.1618],[4.88757,52.15996],[4.87362,52.15608],[4.87452,52.13883],[4.87271,52.13885],[4.87054,52.13834],[4.86492,52.13739],[4.85524,52.13721],[4.85248,52.13838],[4.85154,52.13962],[4.84741,52.13895],[4.84258,52.13953],[4.84079,52.14148],[4.83752,52.14064],[4.83305,52.14471],[4.83197,52.14446],[4.82647,52.14218],[4.82053,52.14223],[4.81917,52.14138],[4.81792,52.14076],[4.81667,52.13939],[4.81493,52.13995],[4.81311,52.14017],[4.81025,52.13856],[4.80873,52.13727],[4.80768,52.13467],[4.80885,52.13181],[4.80835,52.13153],[4.80779,52.12986],[4.80805,52.12915],[4.80667,52.12782],[4.80637,52.1274],[4.8035,52.12642],[4.80198,52.12486],[4.79836,52.1253],[4.79349,52.12397],[4.79236,52.12338],[4.79208,52.12229],[4.79189,52.12046],[4.78751,52.11999],[4.78537,52.12066],[4.78407,52.12076],[4.78331,52.12037],[4.78302,52.11976],[4.78444,52.11804],[4.78397,52.11744],[4.78315,52.11732],[4.78045,52.11796],[4.77954,52.11765],[4.77826,52.11584],[4.77651,52.116],[4.77595,52.11578],[4.77493,52.11484],[4.77086,52.11514],[4.76998,52.11479],[4.76922,52.11331],[4.76668,52.11315],[4.76253,52.11371],[4.76105,52.11285],[4.76024,52.11185],[4.75933,52.11035],[4.75323,52.10851],[4.74638,52.10752],[4.73886,52.10651],[4.74074,52.10809],[4.75324,52.11944],[4.75664,52.12379],[4.75871,52.12854],[4.75885,52.12866],[4.76008,52.13102],[4.75902,52.13514],[4.74184,52.16267],[4.72957,52.15967],[4.72681,52.159],[4.72622,52.158],[4.72607,52.15641],[4.72464,52.15615],[4.72427,52.1561],[4.72419,52.15622],[4.72393,52.15608],[4.705,52.14476],[4.70403,52.14464],[4.70416,52.1481],[4.70518,52.15003],[4.70592,52.15169],[4.7055,52.15184],[4.70537,52.15201],[4.70567,52.15216],[4.69974,52.15707],[4.69823,52.15836],[4.68121,52.1675],[4.68716,52.18628],[4.68893,52.19188],[4.69083,52.19167],[4.69532,52.18915],[4.69935,52.19417],[4.70507,52.20122],[4.70758,52.2049],[4.71999,52.20162],[4.72077,52.20128],[4.72336,52.21094],[4.72378,52.21144],[4.72389,52.21094],[4.72453,52.2108],[4.72533,52.21151],[4.72877,52.20982],[4.73283,52.20697],[4.735,52.20677],[4.74363,52.21479],[4.74791,52.21485],[4.75067,52.21572],[4.7533,52.21747],[4.75985,52.21759],[4.76207,52.21813],[4.77465,52.22458],[4.7764,52.22737],[4.77885,52.22796],[4.78099,52.22874],[4.78402,52.22874],[4.79458,52.22673],[4.79443,52.22342],[4.79901,52.21931],[4.80215,52.21764],[4.80148,52.20989]]]]}},{"type":"Feature","properties":{"code":"GM0575","name":"Noordwijk"},"geometry":{"type":"MultiPolygon","coordinates":[[[[4.56371,52.3093],[4.55538,52.29914],[4.55446,52.29941],[4.5518,52.29712],[4.54232,52.28738],[4.54255,52.28664],[4.53871,52.28178],[4.53651,52.27919],[4.53644,52.27836],[4.53599,52.27816],[4.53546,52.27915],[4.53503,52.27883],[4.53018,52.27415],[4.53287,52.2731],[4.52092,52.2607],[4.51349,52.25499],[4.50142,52.24856],[4.49766,52.24603],[4.49593,52.24486],[4.49492,52.24418],[4.47997,52.23412],[4.47749,52.23245],[4.46849,52.22662],[4.46607,52.225],[4.46698,52.22379],[4.4707,52.22176],[4.47036,52.21981],[4.46408,52.21596],[4.4559,52.21404],[4.45131,52.2117],[4.44848,52.2125],[4.44631,52.21098],[4.44445,52.20951],[4.44165,52.2085],[4.44019,52.20736],[4.43748,52.20951],[4.43741,52.20967],[4.43714,52.2112],[4.43546,52.2106],[4.43328,52.2135],[4.42929,52.21241],[4.4257,52.21629],[4.42329,52.21543],[4.42233,52.21449],[4.42179,52.21481],[4.41959,52.21431],[4.41493,52.21611],[4.41484,52.21614],[4.41483,52.21615],[4.40546,52.21972],[4.4183,52.23374],[4.43452,52.25379],[4.44726,52.26725],[4.49397,52.3282],[4.49493,52.32795],[4.54337,52.31499],[4.54732,52.314],[4.56371,52.3093]]]]}},{"type":"Feature","properties":{"code":"GM0579","name":"Oegstgeest"},"geometry":{"type":"MultiPolygon","coordinates":[[[[4.47866,52.20467],[4.48013,52.20198],[4.48435,52.20301],[4.48672,52.20418],[4.48803,52.20292],[4.48985,52.20398],[4.49061,52.20343],[4.49145,52.20369],[4.49224,52.2013],[4.49311,52.19575],[4.49334,52.19486],[4.48996,52.19267],[4.48801,52.19097],[4.48809,52.18949],[4.4909,52.18667],[4.49097,52.18657],[4.49121,52.18475],[4.48952,52.1817],[4.49143,52.18095],[4.49277,52.18128],[4.49289,52.18154],[4.49433,52.18167],[4.49413,52.18205],[4.4949,52.18255],[4.49526,52.18394],[4.49756,52.18398],[4.49717,52.18094],[4.49537,52.1778],[4.49344,52.17586],[4.49192,52.17541],[4.4896,52.17715],[4.48743,52.17817],[4.4874,52.17692],[4.48461,52.17802],[4.4808,52.17963],[4.47971,52.179],[4.47865,52.17958],[4.47157,52.17446],[4.46957,52.17435],[4.46851,52.17348],[4.46723,52.17217],[4.46757,52.17045],[4.46687,52.16993],[4.45478,52.17108],[4.45305,52.16849],[4.45041,52.16632],[4.44837,52.16205],[4.44602,52.16513],[4.44541,52.16722],[4.4455,52.16877],[4.44569,52.17001],[4.44885,52.17412],[4.44839,52.17666],[4.44583,52.1788],[4.44065,52.17965],[4.436,52.18043],[4.43502,52.18089],[4.4358,52.18122],[4.43768,52.18171],[4.44006,52.18107],[4.4486,52.18264],[4.44861,52.18264],[4.45189,52.18284],[4.45204,52.18305],[4.45495,52.18366],[4.45821,52.18363],[4.45817,52.18348],[4.45862,52.18346],[4.46147,52.18871],[4.46353,52.19267],[4.46266,52.19307],[4.4632,52.19335],[4.46637,52.19689],[4.46618,52.19741],[4.46176,52.19711],[4.46347,52.2002],[4.46631,52.20055],[4.46766,52.20193],[4.47024,52.20227],[4.47138,52.20157],[4.47283,52.20266],[4.47625,52.20323],[4.47866,52.20467]]]]}},{"type":"Feature","properties":{"code":"GM0589","name":"Oudewater"},"geometry":{"type":"MultiPolygon","coordinates":[[[[4.86823,52.06345],[4.87146,52.05923],[4.87551,52.06158],[4.88134,52.05752],[4.89541,52.04823],[4.89574,52.05048],[4.90055,52.05214],[4.9065,52.05348],[4.91712,52.04379],[4.91481,52.04238],[4.9114,52.04018],[4.92668,52.02999],[4.92644,52.02848],[4.92403,52.02653],[4.92006,52.02556],[4.91243,52.02529],[4.90497,52.02648],[4.90852,52.02278],[4.91775,52.01322],[4.91664,52.01341],[4.92005,52.01001],[4.91686,52.01014],[4.91389,52.01108],[4.90973,52.01104],[4.89641,52.00652],[4.89158,52.00485],[4.87783,52.00057],[4.85326,51.99173],[4.83522,51.98614],[4.82697,51.99259],[4.81781,51.99977],[4.8536,52.0048],[4.85713,52.00596],[4.85639,52.00684],[4.8486,52.01612],[4.8472,52.01797],[4.8469,52.01818],[4.84018,52.01671],[4.83334,52.01642],[4.825,52.01724],[4.82149,52.01592],[4.81586,52.01403],[4.81263,52.01394],[4.80829,52.01414],[4.8054,52.01413],[4.80341,52.01414],[4.7987,52.02227],[4.80993,52.02676],[4.80966,52.02751],[4.80867,52.02965],[4.80671,52.03317],[4.81182,52.03382],[4.81719,52.03693],[4.82936,52.04928],[4.82949,52.04981],[4.83909,52.05417],[4.84805,52.05817],[4.85631,52.05915],[4.86823,52.06345]]]]}},{"type":"Feature","properties":{"code":"GM0590","name":"Papendrecht"},"geometry":{"type":"MultiPolygon","coordinates":[[[[4.70543,51.84126],[4.7067,51.84107],[4.71413,51.84122],[4.73714,51.84645],[4.73865,51.84357],[4.74034,51.84326],[4.74339,51.84272],[4.74276,51.841],[4.74141,51.84078],[4.73724,51.83404],[4.73724,51.83403],[4.73685,51.83342],[4.73664,51.83309],[4.7342,51.82911],[4.73379,51.82849],[4.73379,51.82849],[4.72964,51.82217],[4.70998,51.82335],[4.70792,51.82335],[4.70373,51.82314],[4.69784,51.82259],[4.69227,51.82201],[4.68834,51.82141],[4.68463,51.82078],[4.67637,51.82042],[4.67173,51.82079],[4.67171,51.82085],[4.67044,51.82359],[4.66916,51.82884],[4.66921,51.8296],[4.67241,51.83588],[4.67261,51.83865],[4.67591,51.8411],[4.68047,51.84461],[4.68191,51.84844],[4.68135,51.84868],[4.68183,51.84909],[4.68319,51.84849],[4.68332,51.84844],[4.69001,51.84563],[4.69919,51.8431],[4.70543,51.84126]]]]}},{"type":"Feature","properties":{"code":"GM0597","name":"Ridderkerk"},"geometry":{"type":"MultiPolygon","coordinates":[[[[4.58302,51.90121],[4.5908,51.89585],[4.59503,51.89417],[4.61957,51.88952],[4.61925,51.88844],[4.6203,51.88763],[4.62423,51.88381],[4.62639,51.88066],[4.63526,51.86971],[4.63545,51.86912],[4.64003,51.86252],[4.64376,51.8593],[4.64729,51.85722],[4.64249,51.85391],[4.63652,51.84966],[4.63344,51.85028],[4.62876,51.85435],[4.62604,51.85451],[4.62342,51.85373],[4.61872,51.85124],[4.6125,51.85059],[4.60829,51.84941],[4.607,51.84852],[4.60491,51.84838],[4.60016,51.83873],[4.59468,51.84028],[4.58536,51.84251],[4.57106,51.84712],[4.57139,51.84943],[4.56997,51.85262],[4.56596,51.85209],[4.56411,51.85349],[4.56352,51.85502],[4.56273,51.85607],[4.5603,51.85933],[4.55637,51.86457],[4.55488,51.86656],[4.55393,51.86786],[4.55384,51.86797],[4.55277,51.86943],[4.54938,51.87403],[4.54925,51.8742],[4.55191,51.87469],[4.55487,51.87556],[4.55785,51.87692],[4.56153,51.87822],[4.56774,51.87818],[4.56891,51.87805],[4.56915,51.87818],[4.56891,51.87832],[4.57315,51.89122],[4.57346,51.89164],[4.57347,51.89208],[4.57541,51.89808],[4.5756,51.89806],[4.5761,51.89937],[4.57591,51.90125],[4.57633,51.90303],[4.58302,51.90121]]]]}},{"type":"Feature","properties":{"code":"GM0599","name":"Rotterdam"},"geometry":{"type":"MultiPolygon","coordinates":[[[[4.15096,51.98762],[4.14894,51.98509],[4.14995,51.98481],[4.14728,51.98139],[4.1553,51.9796],[4.15506,51.97784],[4.16961,51.97397],[4.1759,51.97169],[4.18747,51.96682],[4.18658,51.96587],[4.18792,51.96539],[4.19061,51.96598],[4.1912,51.96544],[4.18937,51.96476],[4.18672,51.96268],[4.1924,51.95481],[4.21782,51.94164],[4.21953,51.9414],[4.21272,51.93373],[4.21993,51.93047],[4.22291,51.92876],[4.22939,51.92331],[4.23217,51.92071],[4.23646,51.9173],[4.2442,51.91374],[4.25543,51.91017],[4.26618,51.9059],[4.26757,51.90534],[4.28189,51.90015],[4.29637,51.89705],[4.31945,51.89459],[4.3196,51.89458],[4.33096,51.8941],[4.34107,51.89534],[4.3498,51.89767],[4.36003,51.89943],[4.37062,51.89936],[4.37214,51.89919],[4.38017,51.89793],[4.38834,51.89678],[4.39342,51.89674],[4.39903,51.89742],[4.40971,51.89986],[4.40976,51.89987],[4.41371,51.90076],[4.41234,51.90242],[4.41568,51.90503],[4.4133,51.90728],[4.41345,51.90768],[4.41135,51.91027],[4.41,51.90985],[4.40954,51.91042],[4.40908,51.91205],[4.41221,51.91324],[4.41274,51.91391],[4.41351,51.91395],[4.4136,51.91459],[4.41527,51.91449],[4.4157,51.91594],[4.41583,51.91593],[4.41635,51.91757],[4.41708,51.91995],[4.41706,51.92042],[4.41705,51.92082],[4.41686,51.92312],[4.41523,51.92297],[4.4105,51.92929],[4.40987,51.92911],[4.40817,51.93141],[4.40881,51.93475],[4.40898,51.93578],[4.40981,51.93634],[4.41326,51.93682],[4.41476,51.93737],[4.41641,51.93816],[4.41771,51.93848],[4.41549,51.94076],[4.41321,51.93906],[4.40932,51.93798],[4.40852,51.93864],[4.40392,51.93725],[4.39498,51.94291],[4.39422,51.944],[4.39345,51.94426],[4.39348,51.94447],[4.39367,51.94461],[4.39492,51.94646],[4.39519,51.94693],[4.39435,51.94711],[4.38967,51.94547],[4.38942,51.94567],[4.38893,51.94554],[4.384,51.95469],[4.37931,51.96341],[4.38978,51.96513],[4.38995,51.9646],[4.39175,51.96492],[4.39356,51.96247],[4.39399,51.96263],[4.40293,51.96632],[4.40791,51.9682],[4.4279,51.97647],[4.42897,51.97588],[4.44668,51.96279],[4.45088,51.96589],[4.45682,51.96731],[4.46037,51.9691],[4.46016,51.97161],[4.46222,51.97268],[4.46135,51.97484],[4.46168,51.97512],[4.46402,51.97715],[4.46324,51.97753],[4.46412,51.97831],[4.4658,51.97893],[4.46668,51.9785],[4.46819,51.97927],[4.46945,51.98019],[4.46887,51.98048],[4.46897,51.98053],[4.46901,51.98055],[4.46952,51.9803],[4.47056,51.97978],[4.48325,51.97336],[4.49101,51.96955],[4.49523,51.96742],[4.4958,51.97184],[4.49686,51.97131],[4.50658,51.96638],[4.50584,51.96565],[4.51225,51.96242],[4.5131,51.96292],[4.5139,51.96265],[4.51859,51.96029],[4.52095,51.96341],[4.52365,51.96393],[4.52782,51.96566],[4.52876,51.96702],[4.53498,51.96827],[4.53578,51.97045],[4.53995,51.96989],[4.54565,51.97232],[4.54769,51.97281],[4.55422,51.96892],[4.5564,51.96885],[4.55659,51.96847],[4.56055,51.96962],[4.5614,51.97028],[4.5611,51.97053],[4.56165,51.97076],[4.56154,51.97085],[4.56115,51.97118],[4.56241,51.97193],[4.5629,51.97152],[4.56337,51.97173],[4.56538,51.97128],[4.56694,51.97119],[4.57028,51.97202],[4.57138,51.97192],[4.57191,51.97187],[4.57436,51.97288],[4.57411,51.97309],[4.57854,51.97554],[4.579,51.97579],[4.57852,51.97619],[4.57792,51.97585],[4.57745,51.97625],[4.5743,51.97451],[4.57353,51.97458],[4.57023,51.97903],[4.57892,51.98113],[4.57731,51.98641],[4.57969,51.98727],[4.57873,51.98855],[4.57974,51.98884],[4.57894,51.98986],[4.59437,51.99428],[4.59877,51.98797],[4.59413,51.97763],[4.59443,51.97712],[4.59384,51.97678],[4.59374,51.97609],[4.59418,51.97544],[4.60181,51.97214],[4.59069,51.96823],[4.59002,51.96858],[4.58399,51.96537],[4.58381,51.96549],[4.58039,51.96376],[4.57515,51.96127],[4.57051,51.9591],[4.56789,51.95819],[4.5668,51.95788],[4.56437,51.95992],[4.56205,51.95887],[4.5629,51.95686],[4.56159,51.95665],[4.56241,51.95472],[4.56406,51.95081],[4.5646,51.95035],[4.56744,51.94796],[4.57278,51.94346],[4.5705,51.94243],[4.56759,51.94198],[4.56059,51.94091],[4.56265,51.93606],[4.56272,51.93588],[4.56421,51.93237],[4.56439,51.93195],[4.56529,51.92983],[4.5647,51.92955],[4.56515,51.92918],[4.56516,51.92891],[4.56624,51.92591],[4.566,51.92574],[4.56569,51.92555],[4.56578,51.92506],[4.56455,51.92363],[4.56319,51.92282],[4.56145,51.92217],[4.56152,51.92187],[4.56089,51.92166],[4.55773,51.92036],[4.55691,51.91991],[4.55633,51.92032],[4.55208,51.91945],[4.54516,51.91929],[4.53755,51.91978],[4.53785,51.91932],[4.54052,51.91524],[4.53822,51.91534],[4.53823,51.91491],[4.53744,51.91468],[4.53719,51.91404],[4.53833,51.9119],[4.53922,51.91169],[4.54008,51.9091],[4.54168,51.90685],[4.54214,51.9062],[4.54339,51.90622],[4.54613,51.90658],[4.54723,51.90695],[4.54864,51.9104],[4.5501,51.91438],[4.55034,51.91486],[4.554,51.91662],[4.55426,51.9165],[4.55403,51.91478],[4.5565,51.9148],[4.55672,51.91212],[4.55683,51.91039],[4.55555,51.91054],[4.55284,51.91012],[4.55122,51.90961],[4.55105,51.90964],[4.55094,51.90932],[4.55117,51.90903],[4.55064,51.90883],[4.5499,51.90673],[4.54924,51.90488],[4.55509,51.90565],[4.56946,51.90435],[4.57633,51.90303],[4.57591,51.90125],[4.5761,51.89937],[4.5756,51.89806],[4.57541,51.89808],[4.57347,51.89208],[4.57346,51.89164],[4.57315,51.89122],[4.56891,51.87832],[4.56915,51.87818],[4.56891,51.87805],[4.56774,51.87818],[4.56153,51.87822],[4.55785,51.87692],[4.55487,51.87556],[4.55191,51.87469],[4.54925,51.8742],[4.54938,51.87403],[4.54819,51.87384],[4.54494,51.87231],[4.54425,51.8723],[4.54399,51.87186],[4.5434,51.87131],[4.54297,51.87113],[4.54263,51.87084],[4.53997,51.87018],[4.5364,51.86976],[4.5353,51.86934],[4.53203,51.86878],[4.5295,51.86895],[4.52685,51.86941],[4.52602,51.86973],[4.52263,51.86908],[4.51524,51.86904],[4.51523,51.86904],[4.49646,51.86897],[4.49439,51.86897],[4.48875,51.86735],[4.48718,51.86717],[4.48569,51.86657],[4.48354,51.86591],[4.4817,51.86544],[4.48153,51.86543],[4.48073,51.86527],[4.48009,51.86528],[4.4804,51.86233],[4.47186,51.86167],[4.46523,51.86202],[4.44648,51.86605],[4.44215,51.86625],[4.44024,51.86642],[4.44024,51.86642],[4.43653,51.86857],[4.43174,51.86981],[4.43023,51.86941],[4.42837,51.87038],[4.41762,51.87242],[4.41582,51.87244],[4.415,51.87174],[4.41463,51.87189],[4.4137,51.87174],[4.4115,51.87163],[4.4063,51.87299],[4.39485,51.87233],[4.39043,51.87058],[4.38836,51.86863],[4.38802,51.86825],[4.38637,51.86638],[4.38444,51.86156],[4.38435,51.86125],[4.38435,51.86124],[4.38435,51.86124],[4.38351,51.85737],[4.38502,51.85553],[4.38516,51.85376],[4.38491,51.8536],[4.38507,51.85343],[4.38323,51.8524],[4.38366,51.84212],[4.37209,51.84335],[4.36078,51.84646],[4.35363,51.84905],[4.34627,51.85329],[4.34156,51.8571],[4.33972,51.85938],[4.33965,51.85946],[4.33554,51.8643],[4.28379,51.86448],[4.26503,51.86477],[4.25976,51.8658],[4.25258,51.86826],[4.23938,51.87299],[4.23297,51.87749],[4.23003,51.88306],[4.229,51.88568],[4.22007,51.89607],[4.21591,51.89894],[4.2107,51.90134],[4.1971,51.9083],[4.18537,51.91289],[4.17677,51.91779],[4.17271,51.91855],[4.17239,51.91859],[4.16819,51.91906],[4.16702,51.92313],[4.16267,51.92665],[4.14489,51.93141],[4.11306,51.93574],[4.11267,51.9348],[4.10772,51.93614],[4.10172,51.92701],[4.102,51.92353],[4.102,51.92353],[4.09289,51.93253],[4.08284,51.93367],[4.07372,51.93363],[4.06393,51.93223],[3.99353,51.91585],[3.98999,51.91735],[3.98675,51.91612],[3.98522,51.91625],[3.98379,51.91809],[3.97607,51.93432],[3.9635,51.9542],[3.96239,51.96154],[3.96482,51.96688],[3.97726,51.98057],[3.98075,51.98359],[3.98407,51.98514],[3.99662,51.988],[4.00409,51.98904],[4.01063,51.98855],[4.02386,51.98577],[4.02852,51.98709],[4.03273,51.9875],[4.04168,51.98597],[4.0456,51.99192],[4.04715,51.99434],[4.04818,51.99425],[4.09334,51.98498],[4.09702,51.98505],[4.11014,51.992],[4.1253,52.00164],[4.13252,51.99854],[4.13099,51.99718],[4.13236,51.99546],[4.13557,51.9927],[4.13861,51.99165],[4.15096,51.98762]]]]}},{"type":"Feature","properties":{"code":"GM0603","name":"Rijswijk (ZH.)"},"geometry":{"type":"MultiPolygon","coordinates":[[[[4.3469,52.05705],[4.34726,52.0563],[4.34469,52.05394],[4.35264,52.0491],[4.35231,52.04818],[4.34913,52.04689],[4.34688,52.04552],[4.34606,52.04402],[4.34684,52.04357],[4.34688,52.04247],[4.35036,52.03931],[4.35378,52.03068],[4.35483,52.03044],[4.3579,52.02777],[4.35753,52.02738],[4.35779,52.02686],[4.35769,52.02682],[4.35548,52.02585],[4.35543,52.02571],[4.35503,52.02553],[4.35495,52.02558],[4.35142,52.024],[4.34801,52.02246],[4.348,52.02245],[4.34767,52.02235],[4.3437,52.02062],[4.33443,52.01648],[4.33429,52.01642],[4.33025,52.01467],[4.32596,52.01279],[4.32577,52.01277],[4.31939,52.01999],[4.31758,52.01909],[4.31691,52.01879],[4.30982,52.01563],[4.30764,52.01815],[4.30431,52.022],[4.30419,52.02215],[4.30093,52.02593],[4.29791,52.02945],[4.29789,52.02947],[4.29862,52.02982],[4.29171,52.04038],[4.29095,52.04157],[4.29387,52.04254],[4.29345,52.04306],[4.29551,52.04358],[4.29677,52.04373],[4.29756,52.04407],[4.29725,52.04457],[4.29874,52.04501],[4.29837,52.04556],[4.30323,52.04696],[4.30441,52.04666],[4.30981,52.04857],[4.31004,52.04867],[4.31308,52.05013],[4.31645,52.05087],[4.32191,52.05305],[4.32135,52.05462],[4.32412,52.05565],[4.32549,52.05544],[4.32763,52.05645],[4.32764,52.05694],[4.32865,52.05655],[4.33033,52.05734],[4.33489,52.05952],[4.33515,52.05963],[4.34031,52.06195],[4.34188,52.06098],[4.34415,52.05938],[4.3469,52.05705]]]]}},{"type":"Feature","properties":{"code":"GM0606","name":"Schiedam"},"geometry":{"type":"MultiPolygon","coordinates":[[[[4.384,51.95469],[4.38893,51.94554],[4.38942,51.94567],[4.38967,51.94547],[4.39435,51.94711],[4.39519,51.94693],[4.39492,51.94646],[4.39367,51.94461],[4.39348,51.94447],[4.39345,51.94426],[4.39422,51.944],[4.39498,51.94291],[4.40392,51.93725],[4.40852,51.93864],[4.40932,51.93798],[4.41321,51.93906],[4.41549,51.94076],[4.41771,51.93848],[4.41641,51.93816],[4.41476,51.93737],[4.41326,51.93682],[4.40981,51.93634],[4.40898,51.93578],[4.40881,51.93475],[4.40817,51.93141],[4.40987,51.92911],[4.4105,51.92929],[4.41523,51.92297],[4.41686,51.92312],[4.41705,51.92082],[4.41706,51.92042],[4.41708,51.91995],[4.41635,51.91757],[4.41583,51.91593],[4.4157,51.91594],[4.41527,51.91449],[4.4136,51.91459],[4.41351,51.91395],[4.41274,51.91391],[4.41221,51.91324],[4.40908,51.91205],[4.40954,51.91042],[4.41,51.90985],[4.41135,51.91027],[4.41345,51.90768],[4.4133,51.90728],[4.41568,51.90503],[4.41234,51.90242],[4.41371,51.90076],[4.40976,51.89987],[4.40971,51.89986],[4.39903,51.89742],[4.39342,51.89674],[4.38834,51.89678],[4.38017,51.89793],[4.37214,51.89919],[4.37062,51.89936],[4.36956,51.90308],[4.36995,51.90639],[4.3693,51.90846],[4.36922,51.90887],[4.36727,51.91395],[4.36723,51.91405],[4.36644,51.91505],[4.36551,51.92155],[4.36379,51.9231],[4.36308,51.9236],[4.36219,51.9241],[4.36202,51.92528],[4.362,51.92538],[4.36195,51.92573],[4.36183,51.92657],[4.36392,51.92769],[4.36311,51.93335],[4.3627,51.93454],[4.36226,51.93564],[4.3622,51.93576],[4.36041,51.9388],[4.35644,51.94381],[4.35067,51.95151],[4.36707,51.95522],[4.36354,51.96087],[4.37931,51.96341],[4.384,51.95469]]]]}},{"type":"Feature","properties":{"code":"GM0610","name":"Sliedrecht"},"geometry":{"type":"MultiPolygon","coordinates":[[[[4.78038,51.84664],[4.78815,51.84494],[4.79542,51.84498],[4.80274,51.84632],[4.80338,51.84635],[4.8039,51.83857],[4.80469,51.83774],[4.80398,51.83739],[4.80448,51.82998],[4.8045,51.82976],[4.80457,51.82893],[4.80499,51.8232],[4.80508,51.82301],[4.80507,51.82195],[4.8065,51.82192],[4.80817,51.8218],[4.81138,51.82115],[4.81142,51.81866],[4.79748,51.81717],[4.78974,51.81574],[4.78535,51.8152],[4.77855,51.81529],[4.77209,51.81532],[4.76618,51.81607],[4.75776,51.81919],[4.75144,51.82161],[4.74176,51.82222],[4.74169,51.82222],[4.72964,51.82217],[4.73379,51.82849],[4.73379,51.82849],[4.7342,51.82911],[4.73664,51.83309],[4.73685,51.83342],[4.73724,51.83403],[4.73724,51.83404],[4.74141,51.84078],[4.74276,51.841],[4.75379,51.84451],[4.75618,51.84496],[4.75868,51.84441],[4.76135,51.84374],[4.76523,51.84426],[4.76698,51.84389],[4.77314,51.84471],[4.77455,51.84554],[4.78038,51.84664]]]]}},{"type":"Feature","properties":{"code":"GM0613","name":"Albrandswaard"},"geometry":{"type":"MultiPolygon","coordinates":[[[[4.4063,51.87299],[4.4115,51.87163],[4.4137,51.87174],[4.41463,51.87189],[4.415,51.87174],[4.41582,51.87244],[4.41762,51.87242],[4.42837,51.87038],[4.43023,51.86941],[4.43174,51.86981],[4.43653,51.86857],[4.44024,51.86642],[4.44024,51.86642],[4.44215,51.86625],[4.44648,51.86605],[4.46523,51.86202],[4.47186,51.86167],[4.4804,51.86233],[4.48055,51.86102],[4.48058,51.85951],[4.47987,51.85893],[4.48127,51.85856],[4.48029,51.85515],[4.48299,51.8541],[4.48417,51.85363],[4.48573,51.85304],[4.48988,51.85142],[4.48967,51.85082],[4.48727,51.84861],[4.4897,51.84678],[4.48957,51.8455],[4.4896,51.84406],[4.49223,51.84144],[4.48972,51.84069],[4.48909,51.8354],[4.47897,51.83421],[4.46712,51.83194],[4.45856,51.83165],[4.45008,51.83217],[4.44389,51.83343],[4.43248,51.83705],[4.42375,51.84007],[4.41417,51.84279],[4.40974,51.84322],[4.39238,51.84205],[4.38366,51.84212],[4.38323,51.8524],[4.38507,51.85343],[4.38491,51.8536],[4.38516,51.85376],[4.38502,51.85553],[4.38351,51.85737],[4.38435,51.86124],[4.38435,51.86124],[4.38435,51.86125],[4.38444,51.86156],[4.38637,51.86638],[4.38802,51.86825],[4.38836,51.86863],[4.39043,51.87058],[4.39485,51.87233],[4.4063,51.87299]]]]}},{"type":"Feature","properties":{"code":"GM0622","name":"Vlaardingen"},"geometry":{"type":"MultiPolygon","coordinates":[[[[4.35644,51.94381],[4.36041,51.9388],[4.3622,51.93576],[4.36226,51.93564],[4.3627,51.93454],[4.36311,51.93335],[4.36392,51.92769],[4.36183,51.92657],[4.36195,51.92573],[4.362,51.92538],[4.36202,51.92528],[4.36219,51.9241],[4.36308,51.9236],[4.36379,51.9231],[4.36551,51.92155],[4.36644,51.91505],[4.36723,51.91405],[4.36727,51.91395],[4.36922,51.90887],[4.3693,51.90846],[4.36995,51.90639],[4.36956,51.90308],[4.37062,51.89936],[4.36003,51.89943],[4.3498,51.89767],[4.34107,51.89534],[4.33096,51.8941],[4.3196,51.89458],[4.31945,51.89459],[4.29637,51.89705],[4.28189,51.90015],[4.26757,51.90534],[4.27705,51.91124],[4.27712,51.91128],[4.29261,51.92124],[4.29295,51.92147],[4.29507,51.92288],[4.31375,51.93493],[4.31484,51.93681],[4.32291,51.9427],[4.32387,51.94164],[4.33646,51.94643],[4.33553,51.94699],[4.33656,51.9474],[4.35067,51.95151],[4.35644,51.94381]]]]}},{"type":"Feature","properties":{"code":"GM0626","name":"Voorschoten"},"geometry":{"type":"MultiPolygon","coordinates":[[[[4.46244,52.14978],[4.46297,52.14895],[4.46541,52.14944],[4.46605,52.14642],[4.46668,52.14089],[4.46717,52.13694],[4.46924,52.13428],[4.46907,52.1332],[4.46892,52.13276],[4.46449,52.12731],[4.46321,52.12633],[4.45598,52.12118],[4.45107,52.11751],[4.44644,52.11338],[4.44314,52.11158],[4.43899,52.10993],[4.43574,52.1074],[4.43358,52.10416],[4.4279,52.10147],[4.4237,52.10359],[4.42082,52.10462],[4.42122,52.10498],[4.41416,52.10751],[4.41307,52.10663],[4.41138,52.10729],[4.41205,52.10797],[4.40116,52.11187],[4.41355,52.12161],[4.41322,52.12219],[4.4183,52.12444],[4.42741,52.13324],[4.44299,52.14535],[4.44379,52.14101],[4.44468,52.14062],[4.44656,52.14119],[4.4496,52.14098],[4.45087,52.14213],[4.45702,52.14779],[4.45929,52.1497],[4.46244,52.14978]]]]}},{"type":"Feature","properties":{"code":"GM0627","name":"Waddinxveen"},"geometry":{"type":"MultiPolygon","coordinates":[[[[4.6469,52.06428],[4.65915,52.06401],[4.65915,52.06402],[4.65997,52.0641],[4.66402,52.05771],[4.66696,52.05763],[4.6697,52.05551],[4.669,52.05234],[4.6798,52.05207],[4.67954,52.05125],[4.67731,52.04397],[4.68706,52.04384],[4.6874,52.04309],[4.70511,52.04028],[4.70604,52.04012],[4.70174,52.03786],[4.6997,52.03691],[4.69497,52.03442],[4.6919,52.03299],[4.68585,52.03026],[4.68054,52.02798],[4.67908,52.02819],[4.66728,52.02508],[4.66777,52.02452],[4.67038,52.02284],[4.67365,52.0226],[4.67967,52.02116],[4.68182,52.01931],[4.67557,52.01768],[4.66661,52.01297],[4.66479,52.01452],[4.66472,52.01649],[4.6673,52.01925],[4.66777,52.02149],[4.66737,52.02265],[4.66377,52.02201],[4.6628,52.02398],[4.65684,52.02205],[4.65518,52.02102],[4.65305,52.02134],[4.64881,52.02058],[4.64842,52.01899],[4.6368,52.01168],[4.62474,52.01472],[4.59695,52.03155],[4.59109,52.03509],[4.60733,52.04531],[4.60627,52.04595],[4.61022,52.04627],[4.61082,52.04823],[4.61095,52.04871],[4.60805,52.04912],[4.60553,52.05044],[4.60841,52.06294],[4.60807,52.06544],[4.60743,52.06553],[4.60702,52.07705],[4.62532,52.07644],[4.62531,52.07445],[4.63688,52.07353],[4.63762,52.06801],[4.63822,52.06482],[4.64686,52.06428],[4.6469,52.06428]]]]}},{"type":"Feature","properties":{"code":"GM0629","name":"Wassenaar"},"geometry":{"type":"MultiPolygon","coordinates":[[[[4.39833,52.17242],[4.39902,52.17185],[4.39915,52.17193],[4.40008,52.17138],[4.40322,52.16896],[4.40411,52.16841],[4.40421,52.16826],[4.4048,52.1675],[4.40932,52.16934],[4.41157,52.1635],[4.41319,52.16379],[4.41476,52.16246],[4.41779,52.16148],[4.41977,52.16234],[4.42597,52.15923],[4.43109,52.15844],[4.44048,52.15565],[4.43922,52.1547],[4.43887,52.15327],[4.44137,52.1495],[4.44394,52.14604],[4.44299,52.14535],[4.42741,52.13324],[4.4183,52.12444],[4.41322,52.12219],[4.41355,52.12161],[4.40116,52.11187],[4.39693,52.10904],[4.39175,52.10559],[4.38914,52.10384],[4.38778,52.10302],[4.37704,52.09704],[4.37577,52.09646],[4.37271,52.09477],[4.37046,52.09623],[4.36987,52.09623],[4.36331,52.1018],[4.36319,52.10211],[4.35883,52.10553],[4.35862,52.10568],[4.35849,52.10576],[4.34374,52.09811],[4.34232,52.09748],[4.34136,52.09834],[4.33857,52.09744],[4.33725,52.09877],[4.32739,52.09566],[4.32329,52.09921],[4.33226,52.10304],[4.33043,52.10426],[4.33306,52.10573],[4.329,52.10917],[4.32894,52.10921],[4.32884,52.10929],[4.30264,52.12852],[4.32121,52.1418],[4.3451,52.16121],[4.3501,52.16566],[4.37438,52.1869],[4.39833,52.17242]]]]}},{"type":"Feature","properties":{"code":"GM0632","name":"Woerden"},"geometry":{"type":"MultiPolygon","coordinates":[[[[4.90369,52.16205],[4.90781,52.16146],[4.90964,52.16187],[4.91119,52.1601],[4.91178,52.14425],[4.91504,52.14458],[4.9236,52.14732],[4.93438,52.13886],[4.94392,52.12754],[4.961,52.13336],[4.9701,52.12244],[4.9782,52.11285],[4.97847,52.11316],[4.98022,52.1122],[4.97958,52.11156],[4.97962,52.10872],[4.97873,52.1081],[4.97627,52.10797],[4.97582,52.10572],[4.97305,52.10278],[4.97344,52.10123],[4.97566,52.09979],[4.98933,52.10076],[4.99352,52.09223],[4.99422,52.09039],[5.00501,52.08845],[5.00323,52.07796],[5.00162,52.07814],[4.9995,52.06613],[4.99584,52.06733],[4.98259,52.06495],[4.9705,52.06756],[4.95711,52.06595],[4.95633,52.0703],[4.94571,52.07556],[4.93937,52.07792],[4.9362,52.07987],[4.93085,52.07929],[4.92661,52.07782],[4.92466,52.07759],[4.91798,52.07477],[4.91489,52.07409],[4.9082,52.0719],[4.90547,52.07015],[4.90161,52.0704],[4.90025,52.0702],[4.88898,52.06891],[4.87533,52.06889],[4.87452,52.06819],[4.8732,52.06875],[4.85523,52.06881],[4.84038,52.06888],[4.82981,52.06682],[4.83404,52.07274],[4.83279,52.07295],[4.83305,52.07483],[4.82628,52.07464],[4.82649,52.07953],[4.82563,52.07979],[4.82564,52.08008],[4.82339,52.0928],[4.82306,52.10519],[4.82439,52.1054],[4.82531,52.10715],[4.79208,52.12229],[4.79236,52.12338],[4.79349,52.12397],[4.79836,52.1253],[4.80198,52.12486],[4.8035,52.12642],[4.80637,52.1274],[4.80667,52.12782],[4.80805,52.12915],[4.80779,52.12986],[4.80835,52.13153],[4.80885,52.13181],[4.80768,52.13467],[4.80873,52.13727],[4.81025,52.13856],[4.81311,52.14017],[4.81493,52.13995],[4.81667,52.13939],[4.81792,52.14076],[4.81917,52.14138],[4.82053,52.14223],[4.82647,52.14218],[4.83197,52.14446],[4.83305,52.14471],[4.83752,52.14064],[4.84079,52.14148],[4.84258,52.13953],[4.84741,52.13895],[4.85154,52.13962],[4.85248,52.13838],[4.85524,52.13721],[4.86492,52.13739],[4.87054,52.13834],[4.87271,52.13885],[4.87452,52.13883],[4.87362,52.15608],[4.88757,52.15996],[4.89218,52.1618],[4.90369,52.16205]]]]}},{"type":"Feature","properties":{"code":"GM0637","name":"Zoetermeer"},"geometry":{"type":"MultiPolygon","coordinates":[[[[4.51013,52.09003],[4.51313,52.08845],[4.51427,52.08859],[4.53055,52.08051],[4.5301,52.08008],[4.53032,52.07997],[4.53602,52.07691],[4.53418,52.07556],[4.53404,52.07539],[4.5339,52.07522],[4.53517,52.07446],[4.53369,52.07305],[4.53534,52.07229],[4.53949,52.07031],[4.54273,52.06889],[4.54677,52.06699],[4.55321,52.06383],[4.55277,52.06331],[4.55586,52.06186],[4.55718,52.06124],[4.55053,52.0563],[4.54934,52.05474],[4.54755,52.05037],[4.54508,52.04886],[4.53511,52.04961],[4.52258,52.04339],[4.51925,52.04153],[4.519,52.04138],[4.51828,52.04099],[4.51207,52.03683],[4.50706,52.03283],[4.50471,52.03193],[4.48801,52.03186],[4.47738,52.03179],[4.47768,52.03139],[4.47703,52.03128],[4.47671,52.03164],[4.47599,52.03278],[4.4728,52.03802],[4.47253,52.03797],[4.47237,52.03828],[4.47196,52.03903],[4.47162,52.039],[4.47074,52.04048],[4.45893,52.03885],[4.45764,52.03862],[4.45699,52.03967],[4.45644,52.03954],[4.45056,52.04921],[4.43804,52.05028],[4.43804,52.05028],[4.42583,52.05147],[4.42207,52.05167],[4.42139,52.05221],[4.41523,52.05701],[4.41539,52.05744],[4.42243,52.05733],[4.42042,52.0621],[4.42083,52.06258],[4.42168,52.06289],[4.4214,52.0633],[4.43763,52.0704],[4.44325,52.07291],[4.4555,52.07833],[4.45678,52.07868],[4.45675,52.07882],[4.47566,52.0813],[4.47427,52.08526],[4.49302,52.08775],[4.49222,52.09001],[4.49781,52.08784],[4.49937,52.08846],[4.49891,52.08943],[4.49997,52.09166],[4.50445,52.09329],[4.50553,52.09243],[4.51013,52.09003]]]]}},{"type":"Feature","properties":{"code":"GM0638","name":"Zoeterwoude"},"geometry":{"type":"MultiPolygon","coordinates":[[[[4.54295,52.12124],[4.54191,52.11866],[4.53532,52.12043],[4.5365,52.10196],[4.53713,52.08395],[4.53457,52.0835],[4.53055,52.08051],[4.51427,52.08859],[4.51313,52.08845],[4.51013,52.09003],[4.50553,52.09243],[4.50445,52.09329],[4.49997,52.09166],[4.49891,52.08943],[4.49937,52.08846],[4.49781,52.08784],[4.49222,52.09001],[4.49041,52.09786],[4.48465,52.10359],[4.47083,52.11771],[4.47298,52.11895],[4.48752,52.12741],[4.49195,52.12901],[4.49656,52.13145],[4.49797,52.13216],[4.5131,52.13992],[4.51321,52.13997],[4.51068,52.14087],[4.51599,52.14469],[4.52404,52.1474],[4.52467,52.14634],[4.52778,52.14324],[4.5308,52.14186],[4.53727,52.14096],[4.54455,52.14073],[4.55073,52.13838],[4.54914,52.13759],[4.5503,52.13676],[4.54631,52.13402],[4.54606,52.13336],[4.54762,52.13231],[4.54519,52.1292],[4.54516,52.12917],[4.54064,52.12156],[4.54295,52.12124]]]]}},{"type":"Feature","properties":{"code":"GM0642","name":"Zwijndrecht"},"geometry":{"type":"MultiPolygon","coordinates":[[[[4.63272,51.82694],[4.63727,51.82539],[4.63985,51.82635],[4.64288,51.8265],[4.644,51.82753],[4.64639,51.82776],[4.65344,51.82945],[4.65989,51.83106],[4.65994,51.83107],[4.66189,51.83161],[4.6663,51.8268],[4.66969,51.82417],[4.67044,51.82359],[4.67171,51.82085],[4.67138,51.82085],[4.66839,51.82055],[4.66444,51.81948],[4.66325,51.81903],[4.65858,51.81669],[4.65646,51.81551],[4.65632,51.81543],[4.65475,51.81444],[4.65079,51.81151],[4.65055,51.81132],[4.64807,51.80928],[4.64196,51.80571],[4.63218,51.80213],[4.62122,51.8008],[4.59778,51.8063],[4.59688,51.80643],[4.58308,51.80748],[4.5783,51.80836],[4.56963,51.81131],[4.56674,51.81283],[4.56446,51.81433],[4.56073,51.81874],[4.5593,51.82314],[4.55635,51.82783],[4.55361,51.8299],[4.55725,51.8339],[4.55891,51.83624],[4.55864,51.83684],[4.56001,51.83879],[4.56383,51.84094],[4.56904,51.84485],[4.57106,51.84712],[4.58536,51.84251],[4.59468,51.84028],[4.60016,51.83873],[4.61426,51.83356],[4.62237,51.83065],[4.63272,51.82694]]]]}},{"type":"Feature","properties":{"code":"GM0654","name":"Borsele"},"geometry":{"type":"MultiPolygon","coordinates":[[[[3.8187,51.48302],[3.82325,51.4835],[3.83201,51.48494],[3.84194,51.48527],[3.85097,51.48406],[3.86966,51.48257],[3.87118,51.48092],[3.87412,51.48004],[3.88039,51.48101],[3.89774,51.47989],[3.90349,51.47959],[3.91288,51.47912],[3.91227,51.47824],[3.91292,51.47723],[3.91241,51.47648],[3.91013,51.47308],[3.90808,51.47183],[3.90905,51.47147],[3.90774,51.46952],[3.90773,51.46951],[3.90913,51.46781],[3.91624,51.46342],[3.92851,51.45879],[3.92598,51.45458],[3.92543,51.45153],[3.92401,51.45133],[3.92265,51.45021],[3.9243,51.44882],[3.92536,51.44547],[3.92123,51.44452],[3.92326,51.4398],[3.9254,51.4379],[3.92578,51.43449],[3.91897,51.42683],[3.91647,51.41869],[3.91567,51.41843],[3.91641,51.42092],[3.91473,51.42048],[3.91413,51.41761],[3.91131,51.41541],[3.91172,51.41404],[3.90817,51.40866],[3.90062,51.395],[3.8934,51.39374],[3.88432,51.39546],[3.88129,51.39613],[3.87594,51.39734],[3.87141,51.39737],[3.86699,51.39639],[3.86437,51.39548],[3.86162,51.39371],[3.86087,51.39223],[3.85816,51.39123],[3.84793,51.39023],[3.83673,51.38843],[3.82228,51.38697],[3.81866,51.38618],[3.8181,51.38517],[3.81793,51.38521],[3.81749,51.38607],[3.81705,51.38597],[3.81734,51.38503],[3.81708,51.38501],[3.8167,51.38579],[3.81297,51.38548],[3.81234,51.38558],[3.79827,51.39472],[3.79023,51.39834],[3.78952,51.39982],[3.77503,51.40539],[3.7776,51.40901],[3.77718,51.40981],[3.77588,51.41025],[3.76517,51.41033],[3.75496,51.4148],[3.7503,51.41394],[3.74488,51.41224],[3.74431,51.41145],[3.73481,51.41114],[3.7271,51.41399],[3.7254,51.41504],[3.72066,51.42609],[3.71921,51.42676],[3.71777,51.42713],[3.71674,51.42598],[3.71567,51.42679],[3.71288,51.4316],[3.71105,51.43181],[3.70954,51.43357],[3.70855,51.4347],[3.70274,51.4414],[3.69639,51.44585],[3.70298,51.45004],[3.70465,51.4503],[3.70672,51.44794],[3.70165,51.44327],[3.70355,51.44174],[3.71028,51.44657],[3.71814,51.4425],[3.71923,51.44265],[3.72222,51.44492],[3.71253,51.45086],[3.72735,51.4564],[3.72555,51.45828],[3.7144,51.45431],[3.70991,51.45346],[3.70995,51.45359],[3.71028,51.45462],[3.71124,51.45774],[3.71488,51.46364],[3.71686,51.46454],[3.71561,51.46641],[3.71743,51.46961],[3.72134,51.47319],[3.71986,51.47493],[3.71865,51.47502],[3.71466,51.47062],[3.7137,51.47074],[3.71053,51.47184],[3.70563,51.47695],[3.70645,51.47869],[3.70365,51.48227],[3.70336,51.48242],[3.70078,51.48314],[3.69948,51.49062],[3.69905,51.49234],[3.6998,51.49394],[3.70554,51.50246],[3.72188,51.50213],[3.73884,51.49999],[3.76746,51.49836],[3.77961,51.49595],[3.79107,51.49041],[3.79693,51.48703],[3.80369,51.48447],[3.8113,51.48311],[3.8187,51.48302]]],[[[3.92976,51.44989],[3.92561,51.45148],[3.92817,51.45055],[3.93332,51.44855],[3.92976,51.44989]]],[[[3.69568,51.47112],[3.70263,51.47481],[3.70551,51.4718],[3.7063,51.47096],[3.69839,51.46969],[3.69568,51.47112]]]]}},{"type":"Feature","properties":{"code":"GM0664","name":"Goes"},"geometry":{"type":"MultiPolygon","coordinates":[[[[3.84537,51.54371],[3.84595,51.54131],[3.84921,51.53959],[3.86025,51.53852],[3.86587,51.53953],[3.86512,51.54148],[3.86628,51.54163],[3.86686,51.54171],[3.86781,51.54004],[3.87015,51.54047],[3.8698,51.54146],[3.87033,51.54156],[3.8707,51.54057],[3.88247,51.54272],[3.88666,51.54281],[3.89135,51.54132],[3.89827,51.54113],[3.90107,51.54356],[3.90702,51.54369],[3.91249,51.54571],[3.91838,51.544],[3.92535,51.54445],[3.92693,51.5442],[3.93101,51.53833],[3.92641,51.53786],[3.92643,51.53725],[3.9282,51.53723],[3.93347,51.53151],[3.94046,51.52548],[3.94376,51.52623],[3.94937,51.52884],[3.95705,51.53074],[3.97147,51.52847],[3.96989,51.52558],[3.96794,51.52598],[3.96351,51.52061],[3.96364,51.51393],[3.96523,51.50647],[3.96189,51.50521],[3.9562,51.5034],[3.94365,51.49724],[3.94019,51.49314],[3.92582,51.49187],[3.92566,51.49102],[3.92588,51.4891],[3.92459,51.48674],[3.92474,51.48537],[3.92183,51.48502],[3.92092,51.48611],[3.91502,51.4848],[3.91677,51.4816],[3.91288,51.47912],[3.90349,51.47959],[3.89774,51.47989],[3.88039,51.48101],[3.87412,51.48004],[3.87118,51.48092],[3.86966,51.48257],[3.85097,51.48406],[3.84194,51.48527],[3.83201,51.48494],[3.82325,51.4835],[3.8187,51.48302],[3.8113,51.48311],[3.80369,51.48447],[3.79693,51.48703],[3.79107,51.49041],[3.77961,51.49595],[3.76746,51.49836],[3.73884,51.49999],[3.72188,51.50213],[3.70554,51.50246],[3.70561,51.50364],[3.71086,51.50347],[3.7111,51.50672],[3.74525,51.51247],[3.74694,51.51685],[3.72816,51.52447],[3.7286,51.52539],[3.72789,51.5255],[3.72722,51.52426],[3.72601,51.52474],[3.72506,51.52572],[3.72656,51.52996],[3.73134,51.53494],[3.73236,51.53842],[3.7344,51.54017],[3.74627,51.54469],[3.74963,51.54418],[3.75041,51.54607],[3.75365,51.54756],[3.76374,51.54553],[3.76752,51.54601],[3.77017,51.54386],[3.77019,51.54261],[3.78095,51.54274],[3.79247,51.54109],[3.79856,51.54219],[3.80118,51.5422],[3.8028,51.54295],[3.80371,51.54403],[3.8052,51.54518],[3.81295,51.54723],[3.81432,51.54699],[3.81383,51.54789],[3.81418,51.54807],[3.81486,51.54743],[3.81502,51.5468],[3.81561,51.54682],[3.81513,51.54788],[3.81568,51.54795],[3.81686,51.54651],[3.8173,51.54669],[3.81636,51.54813],[3.81652,51.54886],[3.81678,51.54882],[3.81697,51.54814],[3.81782,51.54815],[3.8179,51.54772],[3.82016,51.54786],[3.8203,51.54625],[3.82079,51.5462],[3.82071,51.5473],[3.82088,51.54731],[3.82089,51.54686],[3.82115,51.54684],[3.82125,51.54823],[3.82058,51.54821],[3.82063,51.54927],[3.82247,51.54839],[3.82963,51.54844],[3.83573,51.5474],[3.84537,51.54371]]],[[[3.71769,51.52872],[3.72062,51.53088],[3.72031,51.53184],[3.72059,51.53185],[3.72097,51.53062],[3.7209,51.52933],[3.71845,51.5284],[3.71769,51.52872]]],[[[3.77077,51.55027],[3.77174,51.55135],[3.7784,51.54863],[3.7775,51.54773],[3.77077,51.55027]]],[[[3.76744,51.54749],[3.76086,51.54761],[3.75701,51.54832],[3.75635,51.54943],[3.75737,51.55018],[3.76905,51.55237],[3.77011,51.54951],[3.77189,51.54793],[3.77091,51.5468],[3.76744,51.54749]]]]}},{"type":"Feature","properties":{"code":"GM0668","name":"West Maas en Waal"},"geometry":{"type":"MultiPolygon","coordinates":[[[[5.53136,51.89475],[5.53098,51.89139],[5.5393,51.89187],[5.54312,51.8884],[5.54733,51.88826],[5.54781,51.88831],[5.55066,51.88805],[5.55638,51.88875],[5.5604,51.88985],[5.57571,51.89251],[5.57699,51.89244],[5.57357,51.88692],[5.57225,51.88578],[5.57269,51.88566],[5.57154,51.88392],[5.57045,51.88435],[5.56958,51.88492],[5.56872,51.88458],[5.5688,51.88447],[5.56645,51.88391],[5.56695,51.88125],[5.56826,51.88045],[5.56939,51.87967],[5.56844,51.87655],[5.56026,51.87505],[5.5596,51.87051],[5.55378,51.87037],[5.55405,51.86752],[5.55307,51.86263],[5.57727,51.86458],[5.57773,51.86035],[5.57871,51.8592],[5.5847,51.85723],[5.58157,51.8526],[5.58455,51.84153],[5.58501,51.83911],[5.59827,51.83954],[5.59849,51.83785],[5.60643,51.83697],[5.60983,51.83627],[5.60663,51.83569],[5.60986,51.83394],[5.60785,51.83312],[5.60896,51.83099],[5.60307,51.82828],[5.59954,51.82912],[5.59798,51.82805],[5.58885,51.8297],[5.57679,51.82815],[5.56788,51.82778],[5.55816,51.82753],[5.55482,51.82656],[5.55215,51.82497],[5.55126,51.82413],[5.54863,51.8198],[5.54528,51.81743],[5.54093,51.81631],[5.53563,51.81657],[5.52788,51.81848],[5.51773,51.81928],[5.51421,51.82074],[5.50808,51.82614],[5.50325,51.82876],[5.49601,51.8306],[5.49019,51.83051],[5.48585,51.82941],[5.48184,51.82707],[5.47967,51.82437],[5.47835,51.82005],[5.47693,51.81718],[5.47421,51.81464],[5.46749,51.8118],[5.46448,51.81119],[5.44955,51.80968],[5.4394,51.80971],[5.42925,51.81137],[5.42229,51.81456],[5.41827,51.81856],[5.41488,51.82129],[5.41622,51.82264],[5.41496,51.82494],[5.40833,51.82928],[5.40697,51.8328],[5.40584,51.83271],[5.40534,51.83465],[5.40063,51.83766],[5.40915,51.84392],[5.41523,51.8518],[5.41782,51.85809],[5.42298,51.86642],[5.43334,51.87705],[5.43481,51.87815],[5.43605,51.87902],[5.44498,51.8842],[5.45343,51.88744],[5.46392,51.88901],[5.47616,51.88962],[5.49738,51.88904],[5.50903,51.88984],[5.52317,51.89239],[5.53136,51.89475]]]]}},{"type":"Feature","properties":{"code":"GM0677","name":"Hulst"},"geometry":{"type":"MultiPolygon","coordinates":[[[[3.99326,51.40406],[4.01787,51.40113],[4.01908,51.40141],[4.01943,51.40119],[4.01637,51.39903],[4.01745,51.39825],[4.0172,51.39746],[4.0184,51.39699],[4.02181,51.39807],[4.02174,51.40048],[4.02219,51.4006],[4.02227,51.39826],[4.02492,51.39427],[4.02911,51.39351],[4.03237,51.38531],[4.03274,51.3849],[4.03321,51.38507],[4.03347,51.38484],[4.03295,51.38467],[4.03489,51.38253],[4.0347,51.38241],[4.0333,51.38374],[4.03262,51.38337],[4.03418,51.38202],[4.03334,51.38103],[4.03426,51.38064],[4.03549,51.38194],[4.0369,51.38026],[4.03666,51.37949],[4.03941,51.37738],[4.04408,51.37092],[4.04945,51.36697],[4.05316,51.36579],[4.08597,51.36417],[4.09236,51.36145],[4.09498,51.36174],[4.09625,51.36139],[4.09863,51.35907],[4.11096,51.35438],[4.11096,51.35428],[4.1106,51.35395],[4.11049,51.35203],[4.11127,51.35198],[4.1116,51.35348],[4.11114,51.35387],[4.11132,51.35402],[4.11155,51.35407],[4.11543,51.35242],[4.11919,51.34917],[4.12745,51.3437],[4.13407,51.33658],[4.13523,51.33838],[4.13409,51.34372],[4.12852,51.34877],[4.11262,51.36062],[4.11495,51.36303],[4.11842,51.36378],[4.13093,51.3645],[4.13925,51.36122],[4.15032,51.34948],[4.15799,51.34729],[4.1516,51.36639],[4.15561,51.36879],[4.17284,51.37335],[4.17321,51.36066],[4.17688,51.36239],[4.17713,51.36732],[4.18545,51.37486],[4.19142,51.37642],[4.20646,51.37447],[4.21296,51.36839],[4.21241,51.36607],[4.21548,51.36409],[4.21543,51.36169],[4.21656,51.36029],[4.22015,51.36167],[4.2239,51.35816],[4.22386,51.35518],[4.2347,51.34806],[4.16807,51.29445],[4.16613,51.29289],[4.15978,51.29022],[4.14241,51.28237],[4.09462,51.26076],[4.0926,51.26018],[4.09249,51.25971],[4.09106,51.25989],[4.09114,51.25916],[4.09031,51.25922],[4.09012,51.25868],[4.07893,51.25374],[4.07616,51.25214],[4.07064,51.25069],[4.07142,51.25024],[4.06624,51.2483],[4.0641,51.2475],[4.06185,51.24457],[4.05791,51.24342],[4.04223,51.2415],[4.03988,51.24145],[4.03654,51.24568],[4.0324,51.2433],[4.02734,51.2425],[4.02449,51.2415],[4.02214,51.24433],[4.02093,51.24537],[4.01548,51.2445],[4.01487,51.24509],[4.00569,51.24188],[4.00336,51.24331],[3.99703,51.24119],[3.99411,51.24283],[3.99307,51.24499],[3.9946,51.24643],[3.99312,51.248],[3.98759,51.24981],[3.98224,51.24911],[3.98214,51.26148],[3.98194,51.26269],[3.97888,51.30081],[3.97817,51.30157],[3.97582,51.30069],[3.97212,51.30031],[3.95808,51.30456],[3.95328,51.30829],[3.95665,51.322],[3.96173,51.3329],[3.95972,51.3419],[3.95939,51.35132],[3.95581,51.3541],[3.95463,51.35678],[3.95764,51.36374],[3.95705,51.36481],[3.94178,51.36541],[3.94836,51.36724],[3.95471,51.3675],[3.95541,51.36586],[3.95802,51.36522],[3.95907,51.36767],[3.95961,51.369],[3.95916,51.37129],[3.9627,51.37537],[3.96324,51.38142],[3.9676,51.3845],[3.96816,51.38563],[3.96569,51.38906],[3.96524,51.39692],[3.96395,51.39863],[3.96389,51.39937],[3.96934,51.40278],[3.97083,51.4057],[3.97431,51.40669],[3.99173,51.40574],[3.9932,51.40538],[3.99326,51.40406]]]]}},{"type":"Feature","properties":{"code":"GM0678","name":"Kapelle"},"geometry":{"type":"MultiPolygon","coordinates":[[[[3.97147,51.52847],[3.98974,51.52419],[3.9935,51.52266],[3.99376,51.52209],[3.99564,51.52179],[3.99704,51.52212],[3.99956,51.52089],[4.00314,51.52171],[4.00334,51.51999],[4.00258,51.51908],[4.00257,51.51584],[4.0036,51.51459],[4.00442,51.51461],[4.00438,51.51635],[4.00275,51.51643],[4.0027,51.51829],[4.00498,51.51849],[4.0053,51.51593],[4.00587,51.51559],[4.00591,51.51405],[4.00572,51.51404],[4.00575,51.51366],[4.00633,51.51366],[4.00635,51.51405],[4.00614,51.51407],[4.00612,51.5156],[4.00669,51.51603],[4.00659,51.519],[4.00441,51.52149],[4.00552,51.52149],[4.00635,51.52032],[4.00763,51.52024],[4.01295,51.51825],[4.01361,51.51973],[4.01367,51.51745],[4.01739,51.51245],[4.01502,51.51066],[4.01359,51.50759],[4.01048,51.5069],[4.00638,51.50458],[4.00473,51.50484],[4.0049,51.49637],[4.0058,51.47892],[4.00609,51.47328],[4.00732,51.45863],[4.00575,51.45872],[4.00349,51.45702],[4.00219,51.45746],[4.00097,51.45627],[4.00007,51.45675],[3.99887,51.45627],[3.9945,51.45302],[3.993,51.45134],[3.98844,51.45352],[3.98689,51.45362],[3.98144,51.45965],[3.97864,51.46019],[3.97805,51.46118],[3.97541,51.46237],[3.96169,51.45598],[3.95041,51.45577],[3.93422,51.44845],[3.93332,51.44855],[3.92817,51.45055],[3.92561,51.45148],[3.92543,51.45153],[3.92598,51.45458],[3.92851,51.45879],[3.91624,51.46342],[3.90913,51.46781],[3.90773,51.46951],[3.90774,51.46952],[3.90905,51.47147],[3.90808,51.47183],[3.91013,51.47308],[3.91241,51.47648],[3.91292,51.47723],[3.91227,51.47824],[3.91288,51.47912],[3.91677,51.4816],[3.91502,51.4848],[3.92092,51.48611],[3.92183,51.48502],[3.92474,51.48537],[3.92459,51.48674],[3.92588,51.4891],[3.92566,51.49102],[3.92582,51.49187],[3.94019,51.49314],[3.94365,51.49724],[3.9562,51.5034],[3.96189,51.50521],[3.96523,51.50647],[3.96364,51.51393],[3.96351,51.52061],[3.96794,51.52598],[3.96989,51.52558],[3.97147,51.52847]]]]}},{"type":"Feature","properties":{"code":"GM0687","name":"Middelburg (Z.)"},"geometry":{"type":"MultiPolygon","coordinates":[[[[3.61486,51.53052],[3.61722,51.52527],[3.62626,51.52594],[3.63371,51.526],[3.63491,51.52313],[3.63478,51.52053],[3.63964,51.5205],[3.6416,51.51969],[3.65147,51.52134],[3.65651,51.52217],[3.65884,51.51926],[3.6802,51.5345],[3.68278,51.52961],[3.6874,51.52407],[3.69778,51.51564],[3.70746,51.5168],[3.71199,51.51787],[3.71501,51.51953],[3.72059,51.52233],[3.7234,51.52317],[3.72612,51.52376],[3.72903,51.52341],[3.72814,51.52414],[3.72816,51.52447],[3.74694,51.51685],[3.74525,51.51247],[3.7111,51.50672],[3.71086,51.50347],[3.70561,51.50364],[3.70554,51.50246],[3.6998,51.49394],[3.69905,51.49234],[3.69948,51.49062],[3.70078,51.48314],[3.70336,51.48242],[3.70365,51.48227],[3.6957,51.481],[3.68542,51.477],[3.6675,51.46982],[3.66183,51.46838],[3.66155,51.46834],[3.655,51.46833],[3.64835,51.46985],[3.63663,51.47683],[3.62898,51.48076],[3.62166,51.47548],[3.61773,51.47776],[3.60875,51.47564],[3.60497,51.47826],[3.60176,51.47933],[3.59966,51.4753],[3.59843,51.47555],[3.59823,51.47573],[3.59774,51.4763],[3.59687,51.47644],[3.59701,51.4771],[3.5926,51.47759],[3.59031,51.47866],[3.58942,51.4798],[3.58698,51.47925],[3.58476,51.48289],[3.58332,51.4827],[3.58124,51.48639],[3.57963,51.48922],[3.58144,51.48953],[3.58156,51.49032],[3.58503,51.49091],[3.58489,51.49437],[3.58201,51.49982],[3.57986,51.50098],[3.57817,51.50237],[3.57807,51.50474],[3.57633,51.50527],[3.57534,51.50658],[3.57788,51.50722],[3.5826,51.50823],[3.58331,51.50859],[3.58343,51.50866],[3.57884,51.51243],[3.58111,51.51349],[3.58285,51.51347],[3.58243,51.51669],[3.58417,51.51687],[3.58369,51.51963],[3.59664,51.52245],[3.59476,51.52647],[3.59347,51.52878],[3.59064,51.53002],[3.5898,51.53181],[3.59296,51.53217],[3.60271,51.53491],[3.60355,51.53396],[3.61092,51.53488],[3.61098,51.5353],[3.61316,51.53514],[3.61486,51.53052]]],[[[3.71338,51.52492],[3.71769,51.52872],[3.71845,51.5284],[3.71579,51.52513],[3.71626,51.52452],[3.71763,51.5244],[3.71689,51.52383],[3.71526,51.52377],[3.71338,51.52492]]],[[[3.68986,51.52813],[3.6902,51.52996],[3.69105,51.53058],[3.69183,51.52928],[3.691,51.52725],[3.68986,51.52813]]]]}},{"type":"Feature","properties":{"code":"GM0703","name":"Reimerswaal"},"geometry":{"type":"MultiPolygon","coordinates":[[[[4.03829,51.5055],[4.04267,51.50264],[4.04729,51.50219],[4.05158,51.50334],[4.05368,51.50279],[4.0568,51.50027],[4.05779,51.49882],[4.05741,51.49848],[4.05534,51.49954],[4.05541,51.50082],[4.05353,51.50234],[4.05272,51.50196],[4.05397,51.49855],[4.0553,51.49847],[4.05613,51.49816],[4.05787,51.49717],[4.05731,51.4968],[4.05694,51.49701],[4.05723,51.49726],[4.05594,51.498],[4.05505,51.49824],[4.05417,51.49826],[4.05422,51.49784],[4.05388,51.49781],[4.05402,51.49692],[4.05529,51.49617],[4.05648,51.4968],[4.05664,51.49671],[4.05502,51.49578],[4.05361,51.49687],[4.05346,51.4968],[4.05331,51.4969],[4.05207,51.49607],[4.05242,51.49585],[4.05288,51.49612],[4.05374,51.49545],[4.05448,51.49582],[4.05454,51.49569],[4.05376,51.4953],[4.05297,51.49594],[4.05281,51.49585],[4.05374,51.495],[4.05472,51.49298],[4.05469,51.49247],[4.05458,51.49141],[4.05421,51.49081],[4.05432,51.4907],[4.05539,51.49073],[4.0572,51.48941],[4.05822,51.48835],[4.05844,51.4868],[4.05803,51.48485],[4.05785,51.48429],[4.0575,51.48372],[4.05769,51.48366],[4.05745,51.48341],[4.05728,51.48347],[4.05652,51.48277],[4.05592,51.48264],[4.05638,51.48229],[4.05623,51.48211],[4.05486,51.48154],[4.05697,51.47962],[4.05893,51.47529],[4.06038,51.47465],[4.06243,51.47368],[4.07132,51.46574],[4.07622,51.46126],[4.08026,51.4586],[4.08415,51.45832],[4.09324,51.44632],[4.10131,51.44505],[4.12395,51.43595],[4.12738,51.43658],[4.12947,51.4354],[4.13312,51.4314],[4.13901,51.431],[4.14047,51.43185],[4.14417,51.4319],[4.14675,51.43169],[4.15342,51.43299],[4.15869,51.43576],[4.16397,51.43713],[4.18145,51.44399],[4.19258,51.4418],[4.20039,51.44169],[4.20452,51.43848],[4.21159,51.43792],[4.2148,51.43689],[4.22165,51.43722],[4.22305,51.43867],[4.21955,51.4567],[4.22246,51.46363],[4.21761,51.48768],[4.23033,51.4889],[4.26543,51.43968],[4.27585,51.42505],[4.26645,51.41998],[4.26373,51.41645],[4.26906,51.40035],[4.26863,51.38813],[4.26635,51.38654],[4.26838,51.38355],[4.2737,51.38315],[4.27456,51.38166],[4.27742,51.37604],[4.2432,51.37481],[4.24402,51.37873],[4.24335,51.38411],[4.23162,51.3949],[4.21698,51.39943],[4.2116,51.40034],[4.20675,51.39966],[4.20357,51.40432],[4.20064,51.40628],[4.1987,51.40672],[4.19748,51.40686],[4.19452,51.40565],[4.18951,51.40562],[4.18874,51.40431],[4.18492,51.40402],[4.18241,51.40285],[4.1733,51.40183],[4.1735,51.40152],[4.15674,51.39483],[4.15386,51.39457],[4.1528,51.39515],[4.13882,51.39654],[4.1334,51.39908],[4.12121,51.40079],[4.12045,51.40026],[4.11757,51.40148],[4.11718,51.40113],[4.11447,51.4021],[4.10692,51.40252],[4.09592,51.40541],[4.08064,51.40817],[4.07929,51.40748],[4.07292,51.41182],[4.06825,51.41271],[4.06803,51.41227],[4.06613,51.41353],[4.06186,51.41371],[4.05135,51.42],[4.05186,51.42214],[4.04666,51.42619],[4.04868,51.42837],[4.05078,51.42957],[4.05035,51.42985],[4.03863,51.43211],[4.0329,51.43249],[4.03398,51.43378],[4.0339,51.43592],[4.0338,51.43645],[4.03229,51.43692],[4.03069,51.43691],[4.03022,51.43585],[4.03062,51.43326],[4.02984,51.43335],[4.02954,51.43568],[4.01669,51.43977],[4.01525,51.43983],[4.01314,51.43903],[4.01258,51.43941],[4.01436,51.44035],[4.01646,51.44388],[4.01194,51.45454],[4.00995,51.45441],[4.00951,51.4529],[4.0108,51.44909],[4.01105,51.44382],[4.00975,51.44004],[4.00634,51.44048],[4.00694,51.44192],[4.00592,51.44408],[4.00332,51.44401],[4.00332,51.44515],[3.99935,51.44677],[3.993,51.45134],[3.9945,51.45302],[3.99887,51.45627],[4.00007,51.45675],[4.00097,51.45627],[4.00219,51.45746],[4.00349,51.45702],[4.00575,51.45872],[4.00732,51.45863],[4.00609,51.47328],[4.0058,51.47892],[4.0049,51.49637],[4.00473,51.50484],[4.00638,51.50458],[4.01048,51.5069],[4.01359,51.50759],[4.01502,51.51066],[4.01739,51.51245],[4.01367,51.51745],[4.01361,51.51973],[4.01764,51.51882],[4.02124,51.51244],[4.02474,51.51168],[4.02503,51.51103],[4.03829,51.5055]]]]}},{"type":"Feature","properties":{"code":"GM0715","name":"Terneuzen"},"geometry":{"type":"MultiPolygon","coordinates":[[[[3.71615,51.3535],[3.72254,51.34962],[3.73153,51.34871],[3.74219,51.34881],[3.75813,51.34787],[3.75858,51.3462],[3.7558,51.34393],[3.75498,51.34106],[3.75863,51.33965],[3.76817,51.33633],[3.77097,51.33626],[3.76962,51.34857],[3.77176,51.35027],[3.789,51.34956],[3.79233,51.34692],[3.79829,51.34524],[3.80014,51.34432],[3.80988,51.3435],[3.80708,51.34061],[3.80715,51.3384],[3.81474,51.32996],[3.81537,51.33015],[3.81573,51.32966],[3.81623,51.32982],[3.81586,51.3303],[3.81646,51.33048],[3.81336,51.33687],[3.81451,51.33724],[3.81523,51.33588],[3.81628,51.33593],[3.81579,51.337],[3.81602,51.33704],[3.81679,51.33575],[3.81703,51.33578],[3.81674,51.33714],[3.81725,51.33723],[3.81663,51.33936],[3.81398,51.34282],[3.81777,51.34288],[3.81722,51.34066],[3.81916,51.33627],[3.81995,51.33635],[3.82065,51.33899],[3.82173,51.33977],[3.82174,51.34029],[3.82024,51.34109],[3.81984,51.34257],[3.82024,51.3427],[3.82153,51.34112],[3.82381,51.341],[3.82734,51.34322],[3.82762,51.34288],[3.82487,51.34104],[3.82928,51.33969],[3.82856,51.3424],[3.82915,51.34254],[3.83016,51.33942],[3.83466,51.33886],[3.83571,51.33734],[3.84205,51.33582],[3.84821,51.33563],[3.85606,51.33588],[3.85727,51.33539],[3.85856,51.33599],[3.86685,51.33637],[3.87018,51.34038],[3.87391,51.34186],[3.87485,51.3457],[3.8756,51.3463],[3.8837,51.34743],[3.88484,51.34763],[3.88485,51.34936],[3.88616,51.34893],[3.88555,51.34776],[3.89119,51.34876],[3.89711,51.35316],[3.90505,51.35722],[3.91744,51.36125],[3.93664,51.36358],[3.94178,51.36541],[3.95705,51.36481],[3.95764,51.36374],[3.95463,51.35678],[3.95581,51.3541],[3.95939,51.35132],[3.95972,51.3419],[3.96173,51.3329],[3.95665,51.322],[3.95328,51.30829],[3.95808,51.30456],[3.97212,51.30031],[3.97582,51.30069],[3.97817,51.30157],[3.97888,51.30081],[3.98194,51.26269],[3.98214,51.26148],[3.98224,51.24911],[3.98759,51.24981],[3.99312,51.248],[3.9946,51.24643],[3.99307,51.24499],[3.99411,51.24283],[3.99703,51.24119],[4.00336,51.24331],[4.00569,51.24188],[4.00008,51.23912],[3.99972,51.23767],[3.99249,51.23636],[3.98811,51.23322],[3.9862,51.23416],[3.98285,51.23006],[3.97892,51.22537],[3.97779,51.22504],[3.97656,51.22539],[3.97214,51.22469],[3.96429,51.22395],[3.95856,51.21581],[3.95317,51.21647],[3.94664,51.21551],[3.94262,51.21471],[3.94314,51.21362],[3.93598,51.21189],[3.93144,51.21729],[3.92942,51.22026],[3.92545,51.21711],[3.92192,51.21705],[3.91963,51.21707],[3.91868,51.21497],[3.91601,51.21463],[3.91863,51.20776],[3.91534,51.20817],[3.91155,51.20545],[3.90055,51.20239],[3.89698,51.20265],[3.89466,51.2035],[3.89314,51.20308],[3.89323,51.20285],[3.88835,51.20105],[3.88787,51.20111],[3.88736,51.20093],[3.88635,51.20016],[3.88497,51.20194],[3.88485,51.2026],[3.88451,51.20336],[3.87947,51.20626],[3.87763,51.20801],[3.88308,51.21028],[3.89024,51.214],[3.89335,51.21866],[3.89042,51.22136],[3.88888,51.22276],[3.88865,51.22296],[3.8886,51.223],[3.87017,51.21627],[3.86471,51.21346],[3.86212,51.2124],[3.85957,51.21083],[3.85611,51.21106],[3.85241,51.21322],[3.84235,51.21216],[3.83567,51.21316],[3.83426,51.21203],[3.82693,51.20936],[3.82116,51.20921],[3.81058,51.21277],[3.80628,51.21262],[3.80603,51.21338],[3.80436,51.21323],[3.80499,51.21012],[3.79929,51.21087],[3.79723,51.2129],[3.79115,51.21401],[3.78954,51.21609],[3.78888,51.22375],[3.78846,51.22637],[3.7891,51.2395],[3.78945,51.24579],[3.79547,51.25605],[3.78543,51.25847],[3.77819,51.26239],[3.77378,51.26398],[3.77307,51.26191],[3.76926,51.25986],[3.76251,51.26178],[3.75572,51.26934],[3.75241,51.27027],[3.75173,51.26916],[3.72313,51.27334],[3.71924,51.27254],[3.71891,51.27154],[3.71409,51.27218],[3.7127,51.2721],[3.70973,51.27259],[3.69393,51.27604],[3.69888,51.28445],[3.70143,51.28675],[3.70356,51.28699],[3.70661,51.28883],[3.70403,51.30248],[3.70714,51.30664],[3.70358,51.30994],[3.71241,51.31579],[3.70385,51.31837],[3.68941,51.3203],[3.68628,51.3216],[3.66621,51.31981],[3.66383,51.32524],[3.65999,51.32489],[3.65797,51.33335],[3.65331,51.33175],[3.64423,51.34174],[3.6496,51.34274],[3.64724,51.35005],[3.64955,51.349],[3.6542,51.34839],[3.65904,51.34994],[3.6594,51.35114],[3.68231,51.35343],[3.68239,51.35527],[3.68785,51.35558],[3.68982,51.35335],[3.69382,51.35247],[3.69305,51.36529],[3.69361,51.36399],[3.69669,51.36225],[3.70519,51.3588],[3.71431,51.35365],[3.71615,51.3535]]]]}},{"type":"Feature","properties":{"code":"GM0716","name":"Tholen"},"geometry":{"type":"MultiPolygon","coordinates":[[[[4.16855,51.64364],[4.1929,51.63469],[4.19318,51.63876],[4.19414,51.63903],[4.19561,51.63467],[4.20122,51.63478],[4.19576,51.63799],[4.20054,51.63923],[4.21152,51.63854],[4.21423,51.63789],[4.21752,51.63532],[4.22956,51.63393],[4.23269,51.63506],[4.23732,51.63401],[4.22782,51.63102],[4.21447,51.62766],[4.20502,51.62356],[4.19766,51.61805],[4.19169,51.60934],[4.19057,51.60606],[4.19016,51.60095],[4.19082,51.59738],[4.19223,51.5939],[4.19572,51.58898],[4.19889,51.58598],[4.22812,51.56372],[4.23244,51.55905],[4.23559,51.55272],[4.23612,51.55037],[4.23566,51.54324],[4.23304,51.53749],[4.21993,51.5138],[4.2188,51.50896],[4.21893,51.50486],[4.22491,51.49649],[4.23033,51.4889],[4.21761,51.48768],[4.21648,51.49025],[4.21375,51.49201],[4.17669,51.50188],[4.17282,51.50466],[4.17222,51.50842],[4.16574,51.51046],[4.16249,51.51211],[4.16061,51.51464],[4.16103,51.51487],[4.16297,51.51236],[4.16952,51.51023],[4.17305,51.51002],[4.17346,51.51058],[4.17071,51.51146],[4.17031,51.51216],[4.16583,51.51306],[4.16809,51.51369],[4.17402,51.51206],[4.17612,51.5151],[4.16852,51.51907],[4.16394,51.52282],[4.15283,51.52316],[4.15021,51.52406],[4.14684,51.52202],[4.14399,51.52138],[4.14133,51.52143],[4.13475,51.52613],[4.12616,51.52394],[4.118,51.52377],[4.10829,51.52463],[4.10246,51.52443],[4.10099,51.52565],[4.09879,51.52508],[4.09335,51.52491],[4.09234,51.52507],[4.09193,51.52666],[4.0797,51.52737],[4.07951,51.52541],[4.07698,51.52506],[4.07129,51.52965],[4.07307,51.53136],[4.0701,51.53207],[4.06802,51.5334],[4.066,51.53324],[4.06436,51.53434],[4.05979,51.54106],[4.06117,51.54322],[4.06075,51.54404],[4.05605,51.54651],[4.0523,51.54723],[4.04907,51.55259],[4.03322,51.55431],[4.03188,51.5554],[4.02753,51.55642],[4.03045,51.56129],[4.03012,51.56284],[4.02672,51.56523],[4.02314,51.56737],[4.013,51.57037],[4.00545,51.57569],[3.98983,51.57637],[3.98387,51.58088],[3.98473,51.58706],[3.98783,51.59102],[3.99001,51.59264],[3.99474,51.59411],[3.99529,51.59387],[3.9939,51.59319],[4.00457,51.59368],[4.0046,51.59386],[4.00191,51.59459],[4.0087,51.59614],[4.01201,51.59503],[4.02076,51.59796],[4.02378,51.59688],[4.03749,51.60298],[4.03869,51.60437],[4.03966,51.60394],[4.04321,51.60414],[4.04398,51.60451],[4.04583,51.60393],[4.05359,51.60899],[4.06198,51.60977],[4.06375,51.61162],[4.0689,51.6121],[4.07456,51.61347],[4.08346,51.61176],[4.0851,51.61253],[4.10149,51.61021],[4.10383,51.60922],[4.10437,51.60663],[4.10547,51.60661],[4.10917,51.60451],[4.10893,51.60435],[4.1048,51.60628],[4.10441,51.60597],[4.10713,51.60319],[4.10826,51.60259],[4.10997,51.60424],[4.11129,51.60337],[4.11659,51.60221],[4.12787,51.6019],[4.14018,51.60315],[4.14489,51.60391],[4.14935,51.60374],[4.15119,51.60306],[4.15619,51.60368],[4.16171,51.60526],[4.171,51.60595],[4.17348,51.60547],[4.1745,51.60762],[4.17407,51.60836],[4.16879,51.60897],[4.17373,51.61137],[4.17481,51.61435],[4.17633,51.61406],[4.17748,51.61644],[4.17422,51.61748],[4.16952,51.61664],[4.17082,51.6187],[4.16855,51.61527],[4.16434,51.6136],[4.16164,51.61519],[4.16046,51.61486],[4.15826,51.61298],[4.15407,51.61252],[4.1422,51.61348],[4.13588,51.61294],[4.12626,51.61312],[4.1176,51.62464],[4.11411,51.62431],[4.10867,51.62968],[4.10469,51.63015],[4.1037,51.62966],[4.10048,51.63098],[4.0994,51.63282],[4.0985,51.63881],[4.1003,51.64115],[4.09776,51.64254],[4.09992,51.64214],[4.10058,51.64283],[4.09853,51.64338],[4.09956,51.64338],[4.10528,51.64137],[4.10394,51.64363],[4.10721,51.64633],[4.11672,51.65226],[4.12026,51.6536],[4.12417,51.65358],[4.13716,51.65246],[4.14873,51.65008],[4.16855,51.64364]]]]}},{"type":"Feature","properties":{"code":"GM0717","name":"Veere"},"geometry":{"type":"MultiPolygon","coordinates":[[[[3.63363,51.5894],[3.63492,51.58689],[3.62988,51.58534],[3.62788,51.58406],[3.62826,51.57982],[3.62802,51.57755],[3.62805,51.57458],[3.63029,51.57157],[3.63951,51.56559],[3.63899,51.56448],[3.64087,51.5631],[3.64368,51.56145],[3.65031,51.55898],[3.65303,51.5587],[3.65315,51.55844],[3.65002,51.55885],[3.64665,51.5596],[3.64477,51.5604],[3.64396,51.55976],[3.64839,51.55776],[3.65029,51.5576],[3.65052,51.55807],[3.65326,51.5577],[3.65318,51.55732],[3.65365,51.55731],[3.65349,51.55768],[3.6537,51.55771],[3.65389,51.55739],[3.65386,51.5572],[3.65664,51.55657],[3.65963,51.55379],[3.66407,51.55124],[3.66541,51.55089],[3.66876,51.55038],[3.6636,51.54854],[3.66431,51.54834],[3.66972,51.55029],[3.67161,51.54814],[3.66782,51.54502],[3.66675,51.54248],[3.66816,51.54223],[3.66868,51.54405],[3.66935,51.54496],[3.67248,51.54725],[3.67733,51.54054],[3.6802,51.5345],[3.65884,51.51926],[3.65651,51.52217],[3.65147,51.52134],[3.6416,51.51969],[3.63964,51.5205],[3.63478,51.52053],[3.63491,51.52313],[3.63371,51.526],[3.62626,51.52594],[3.61722,51.52527],[3.61486,51.53052],[3.61316,51.53514],[3.61098,51.5353],[3.61092,51.53488],[3.60355,51.53396],[3.60271,51.53491],[3.59296,51.53217],[3.5898,51.53181],[3.59064,51.53002],[3.59347,51.52878],[3.59476,51.52647],[3.59664,51.52245],[3.58369,51.51963],[3.58417,51.51687],[3.58243,51.51669],[3.58285,51.51347],[3.58111,51.51349],[3.57884,51.51243],[3.58343,51.50866],[3.58331,51.50859],[3.5826,51.50823],[3.57788,51.50722],[3.57534,51.50658],[3.57633,51.50527],[3.57807,51.50474],[3.57817,51.50237],[3.57986,51.50098],[3.58201,51.49982],[3.58489,51.49437],[3.58503,51.49091],[3.58156,51.49032],[3.58144,51.48953],[3.57963,51.48922],[3.58124,51.48639],[3.58332,51.4827],[3.58476,51.48289],[3.58698,51.47925],[3.58393,51.47846],[3.58234,51.47581],[3.5757,51.47445],[3.5743,51.47743],[3.57052,51.47689],[3.56606,51.47825],[3.56632,51.47297],[3.56457,51.47043],[3.56023,51.47111],[3.55693,51.46805],[3.55513,51.46791],[3.55276,51.47096],[3.54828,51.46943],[3.5466,51.46758],[3.54435,51.4665],[3.53981,51.4655],[3.52814,51.46374],[3.52663,51.46292],[3.51621,51.47264],[3.51098,51.47924],[3.50247,51.48823],[3.49585,51.49369],[3.48523,51.49874],[3.48065,51.50009],[3.46024,51.5097],[3.45105,51.51483],[3.44378,51.52096],[3.44186,51.52181],[3.43979,51.52199],[3.43716,51.52598],[3.43615,51.52549],[3.43523,51.52548],[3.43378,51.52647],[3.43326,51.52841],[3.43494,51.53595],[3.4362,51.54025],[3.43831,51.54244],[3.45208,51.5481],[3.45944,51.55057],[3.48844,51.56352],[3.49467,51.56627],[3.50277,51.56908],[3.5143,51.57324],[3.53193,51.57965],[3.55238,51.58959],[3.57519,51.5941],[3.5824,51.59466],[3.59852,51.59429],[3.60794,51.59304],[3.617,51.59049],[3.62951,51.59021],[3.62986,51.58804],[3.63363,51.5894]]],[[[3.68789,51.53712],[3.68674,51.54298],[3.68253,51.54833],[3.68174,51.55167],[3.68369,51.55285],[3.68854,51.55151],[3.69436,51.54684],[3.69533,51.54208],[3.68988,51.53693],[3.68789,51.53712]]],[[[3.67386,51.55496],[3.6725,51.55706],[3.67028,51.55845],[3.67261,51.559],[3.67391,51.55823],[3.6755,51.55606],[3.67517,51.55423],[3.67386,51.55496]]],[[[3.66748,51.56027],[3.66581,51.56035],[3.66705,51.5616],[3.67129,51.56189],[3.6723,51.56136],[3.6724,51.56029],[3.66946,51.5607],[3.66748,51.56027]]],[[[3.7167,51.64071],[3.71496,51.64124],[3.71332,51.63901],[3.71465,51.63833],[3.71469,51.63849],[3.71507,51.63855],[3.71551,51.63815],[3.71743,51.63886],[3.71796,51.64007],[3.71735,51.64047],[3.7183,51.64065],[3.71836,51.6406],[3.71836,51.63973],[3.71912,51.63928],[3.7163,51.63669],[3.71447,51.63689],[3.71371,51.63633],[3.71476,51.63572],[3.71391,51.63483],[3.71846,51.63279],[3.72043,51.63452],[3.72095,51.63424],[3.71872,51.63211],[3.71284,51.63461],[3.71121,51.63411],[3.70956,51.63241],[3.71482,51.62995],[3.71695,51.63139],[3.71766,51.63106],[3.71707,51.63047],[3.72427,51.62741],[3.72703,51.62976],[3.72289,51.6318],[3.72352,51.63221],[3.72772,51.63035],[3.73074,51.63291],[3.72223,51.63685],[3.72304,51.63745],[3.73126,51.63362],[3.73167,51.63226],[3.72225,51.6249],[3.70855,51.63118],[3.70419,51.62873],[3.70706,51.62445],[3.70369,51.62189],[3.70296,51.62242],[3.70526,51.6239],[3.70457,51.62534],[3.69752,51.62883],[3.69458,51.62564],[3.69011,51.62303],[3.69645,51.61937],[3.69895,51.61963],[3.70017,51.6204],[3.70096,51.61994],[3.69903,51.6188],[3.69673,51.6186],[3.69034,51.6213],[3.68734,51.62173],[3.68626,51.61975],[3.68615,51.61667],[3.69402,51.61651],[3.69159,51.61602],[3.68663,51.61615],[3.68428,51.61485],[3.68237,51.60097],[3.68313,51.60076],[3.68076,51.6001],[3.6809,51.60069],[3.68187,51.601],[3.68227,51.60221],[3.68381,51.61486],[3.68245,51.6163],[3.67654,51.61829],[3.67415,51.6202],[3.67503,51.62052],[3.6771,51.61896],[3.68176,51.61728],[3.68282,51.62072],[3.68036,51.62096],[3.67953,51.6199],[3.67884,51.62],[3.67865,51.62172],[3.67691,51.62249],[3.67263,51.62241],[3.66827,51.62137],[3.66764,51.62187],[3.67329,51.62324],[3.68253,51.62341],[3.68698,51.62901],[3.69805,51.63888],[3.69729,51.63966],[3.69719,51.64098],[3.69846,51.64262],[3.70156,51.64391],[3.70388,51.6441],[3.70347,51.64278],[3.70167,51.64309],[3.6984,51.64047],[3.70158,51.63772],[3.70319,51.63764],[3.70729,51.64043],[3.70527,51.6419],[3.70547,51.64257],[3.70826,51.64346],[3.71373,51.6424],[3.71925,51.64876],[3.71896,51.65033],[3.72223,51.65034],[3.72224,51.65034],[3.72113,51.64923],[3.71985,51.64913],[3.71436,51.64224],[3.71676,51.64082],[3.7167,51.64071]]]]}},{"type":"Feature","properties":{"code":"GM0718","name":"Vlissingen"},"geometry":{"type":"MultiPolygon","coordinates":[[[[3.69639,51.44585],[3.70274,51.4414],[3.70855,51.4347],[3.69198,51.44407],[3.68523,51.44701],[3.6797,51.44889],[3.67834,51.44863],[3.67566,51.44676],[3.67493,51.44684],[3.67784,51.44926],[3.67904,51.45125],[3.68645,51.45728],[3.69071,51.45671],[3.70465,51.4503],[3.70298,51.45004],[3.69639,51.44585]]],[[[3.71488,51.46364],[3.71124,51.45774],[3.71028,51.45462],[3.70965,51.4548],[3.70526,51.45319],[3.69271,51.45876],[3.6933,51.4597],[3.70901,51.46561],[3.71111,51.46547],[3.71325,51.4634],[3.71488,51.46364]]],[[[3.70441,51.47824],[3.70067,51.47687],[3.70263,51.47481],[3.69568,51.47112],[3.69839,51.46969],[3.7063,51.47096],[3.70677,51.47045],[3.70337,51.4674],[3.68615,51.46093],[3.68543,51.4613],[3.68405,51.46256],[3.68156,51.46254],[3.67864,51.46076],[3.67895,51.46027],[3.67814,51.46003],[3.67641,51.46214],[3.67288,51.46098],[3.67561,51.45758],[3.67312,51.45714],[3.67132,51.45916],[3.67004,51.45891],[3.66957,51.45945],[3.66449,51.45782],[3.66269,51.4589],[3.66215,51.45855],[3.65848,51.45689],[3.65616,51.45314],[3.65661,51.4527],[3.65969,51.45259],[3.66724,51.45008],[3.66676,51.44952],[3.6604,51.4518],[3.65631,51.45206],[3.65139,51.44951],[3.64973,51.45028],[3.64686,51.44972],[3.64163,51.44756],[3.64139,51.44507],[3.64003,51.44352],[3.63228,51.44155],[3.62932,51.44146],[3.62619,51.44226],[3.62327,51.4411],[3.62309,51.44145],[3.62262,51.44143],[3.62259,51.44105],[3.61859,51.44161],[3.61406,51.44096],[3.60911,51.44023],[3.60192,51.44314],[3.60052,51.45186],[3.59686,51.45167],[3.59738,51.44601],[3.59715,51.44459],[3.59724,51.44381],[3.59874,51.44327],[3.59869,51.44322],[3.59713,51.44372],[3.59703,51.44362],[3.59763,51.44337],[3.59804,51.44316],[3.59802,51.44312],[3.59751,51.44321],[3.59721,51.44262],[3.59699,51.44248],[3.59636,51.44247],[3.59702,51.44205],[3.59643,51.44157],[3.60047,51.44024],[3.60093,51.43972],[3.59885,51.44006],[3.59754,51.44075],[3.59496,51.44013],[3.59272,51.44113],[3.58992,51.44147],[3.58296,51.44043],[3.58223,51.43966],[3.58172,51.43959],[3.57995,51.44065],[3.57629,51.43985],[3.57584,51.44034],[3.57519,51.43993],[3.57586,51.43958],[3.57606,51.43823],[3.57576,51.43819],[3.57501,51.43905],[3.56912,51.44052],[3.5679,51.44323],[3.55934,51.44843],[3.55589,51.44964],[3.55492,51.44985],[3.55174,51.4489],[3.55128,51.44937],[3.55179,51.44948],[3.55048,51.45076],[3.54811,51.45192],[3.54769,51.4516],[3.54222,51.45437],[3.53382,51.45831],[3.52663,51.46292],[3.52814,51.46374],[3.53981,51.4655],[3.54435,51.4665],[3.5466,51.46758],[3.54828,51.46943],[3.55276,51.47096],[3.55513,51.46791],[3.55693,51.46805],[3.56023,51.47111],[3.56457,51.47043],[3.56632,51.47297],[3.56606,51.47825],[3.57052,51.47689],[3.5743,51.47743],[3.5757,51.47445],[3.58234,51.47581],[3.58393,51.47846],[3.58698,51.47925],[3.58942,51.4798],[3.59031,51.47866],[3.5926,51.47759],[3.59701,51.4771],[3.59687,51.47644],[3.59774,51.4763],[3.59823,51.47573],[3.59843,51.47555],[3.59966,51.4753],[3.60176,51.47933],[3.60497,51.47826],[3.60875,51.47564],[3.61773,51.47776],[3.62166,51.47548],[3.62898,51.48076],[3.63663,51.47683],[3.64835,51.46985],[3.655,51.46833],[3.66155,51.46834],[3.66183,51.46838],[3.6675,51.46982],[3.68542,51.477],[3.6957,51.481],[3.70365,51.48227],[3.70645,51.47869],[3.70563,51.47695],[3.70441,51.47824]]]]}},{"type":"Feature","properties":{"code":"GM0736","name":"De Ronde Venen"},"geometry":{"type":"MultiPolygon","coordinates":[[[[5.02154,52.30246],[5.02187,52.28265],[5.01492,52.25913],[5.00746,52.23171],[5.00746,52.2317],[5.00705,52.23167],[5.00319,52.23136],[4.99983,52.23108],[4.99741,52.23082],[4.99473,52.23247],[4.99359,52.2321],[4.99473,52.23027],[4.98041,52.22685],[4.98287,52.22242],[4.97375,52.2206],[4.9683,52.20784],[4.9666,52.20005],[4.96139,52.19948],[4.96081,52.19782],[4.95088,52.19864],[4.94956,52.19349],[4.94838,52.1936],[4.94828,52.19253],[4.94947,52.19241],[4.94857,52.18579],[4.94571,52.18581],[4.934,52.17695],[4.93501,52.17586],[4.93374,52.17414],[4.93162,52.17376],[4.93245,52.1724],[4.92861,52.1672],[4.90964,52.16187],[4.90781,52.16146],[4.90369,52.16205],[4.89218,52.1618],[4.86713,52.17345],[4.85547,52.17896],[4.84406,52.18007],[4.843,52.18082],[4.83838,52.18326],[4.82362,52.19317],[4.82225,52.19609],[4.8144,52.19931],[4.8131,52.20134],[4.81359,52.20185],[4.80293,52.20103],[4.80162,52.204],[4.80148,52.20989],[4.80215,52.21764],[4.79901,52.21931],[4.79443,52.22342],[4.79458,52.22673],[4.80194,52.22692],[4.80528,52.22797],[4.8082,52.22712],[4.8141,52.22717],[4.81719,52.22833],[4.822,52.22919],[4.82861,52.23059],[4.83963,52.23539],[4.84285,52.23535],[4.843,52.23679],[4.846,52.23766],[4.84733,52.23978],[4.85079,52.23861],[4.85216,52.23964],[4.85127,52.24189],[4.85205,52.24201],[4.85494,52.24215],[4.85529,52.24556],[4.85654,52.24628],[4.85752,52.24772],[4.86062,52.24822],[4.86611,52.25099],[4.86878,52.2517],[4.87012,52.25328],[4.87229,52.25118],[4.87385,52.25074],[4.87773,52.25282],[4.88272,52.25371],[4.88759,52.25099],[4.89176,52.25327],[4.89857,52.25093],[4.90293,52.25318],[4.90855,52.25268],[4.91097,52.25268],[4.9173,52.25682],[4.91855,52.25859],[4.91809,52.26167],[4.92314,52.26302],[4.92471,52.26694],[4.92939,52.26835],[4.9293,52.26996],[4.92801,52.27174],[4.92665,52.27245],[4.92765,52.27381],[4.92599,52.27808],[4.9264,52.27971],[4.92859,52.27961],[4.93375,52.2809],[4.94269,52.27818],[4.94667,52.27899],[4.95376,52.27803],[4.95524,52.27831],[4.95657,52.27867],[4.96105,52.27817],[4.96263,52.28029],[4.9658,52.28065],[4.96758,52.27956],[4.97037,52.28349],[4.97184,52.28436],[4.97185,52.28437],[4.9835,52.29037],[4.99747,52.28912],[5.00176,52.29277],[5.00185,52.29588],[5.00324,52.29602],[5.00324,52.2964],[5.00376,52.29834],[5.00526,52.29839],[5.00795,52.30155],[5.01272,52.30358],[5.01426,52.30368],[5.01617,52.30314],[5.0177,52.30272],[5.02154,52.30246]]]]}},{"type":"Feature","properties":{"code":"GM0737","name":"Tytsjerksteradiel"},"geometry":{"type":"MultiPolygon","coordinates":[[[[5.89339,53.26979],[5.90053,53.266],[5.90073,53.26612],[5.90431,53.26423],[5.91259,53.26028],[5.91445,53.25865],[5.92296,53.25741],[5.92591,53.25473],[5.92578,53.25235],[5.94253,53.25048],[5.9496,53.2396],[5.95411,53.23222],[5.95597,53.22806],[5.96614,53.22806],[5.97176,53.22795],[5.98535,53.23066],[6.0096,53.23854],[6.01514,53.24053],[6.01735,53.24124],[6.01979,53.24091],[6.0274,53.23016],[6.0445,53.22586],[6.08629,53.21503],[6.0817,53.21409],[6.0803,53.21328],[6.08177,53.21143],[6.07927,53.21077],[6.07926,53.20965],[6.08292,53.20998],[6.08402,53.20851],[6.07921,53.20684],[6.08129,53.20267],[6.0814,53.20242],[6.08225,53.19843],[6.0853,53.19422],[6.0888,53.19273],[6.09885,53.18646],[6.10232,53.18222],[6.10895,53.17633],[6.10935,53.17706],[6.11459,53.17598],[6.11342,53.17295],[6.10501,53.1518],[6.10453,53.15042],[6.09394,53.15613],[6.0912,53.15496],[6.09047,53.15429],[6.0903,53.15463],[6.08894,53.1541],[6.0888,53.15393],[6.08576,53.15648],[6.08714,53.15784],[6.0852,53.15899],[6.07979,53.15689],[6.0629,53.15662],[6.0629,53.15662],[6.04903,53.15642],[6.04021,53.15646],[6.01992,53.15537],[6.01289,53.1545],[6.00087,53.14946],[5.99784,53.14798],[5.98684,53.14184],[5.97401,53.13452],[5.96187,53.13113],[5.95097,53.12745],[5.95095,53.12658],[5.95016,53.12625],[5.94835,53.12626],[5.94403,53.12471],[5.94294,53.12379],[5.94346,53.12161],[5.93858,53.1254],[5.9324,53.12813],[5.92767,53.12916],[5.92336,53.13091],[5.90863,53.14478],[5.91896,53.14917],[5.9233,53.15296],[5.93192,53.16108],[5.93375,53.16887],[5.93278,53.1703],[5.92595,53.16843],[5.91557,53.16876],[5.88028,53.17032],[5.86194,53.17152],[5.85707,53.18142],[5.85498,53.18582],[5.85342,53.18937],[5.85097,53.19172],[5.86207,53.1936],[5.85747,53.2016],[5.85699,53.20293],[5.85766,53.20387],[5.85773,53.20406],[5.89789,53.2087],[5.90705,53.21103],[5.90565,53.21184],[5.905,53.21248],[5.90497,53.21392],[5.90593,53.21501],[5.89786,53.21466],[5.8979,53.21539],[5.89382,53.21552],[5.89419,53.21765],[5.88901,53.21798],[5.88895,53.22095],[5.89712,53.22097],[5.89693,53.22296],[5.88917,53.22282],[5.88999,53.225],[5.88066,53.22498],[5.87989,53.23325],[5.87795,53.23323],[5.87623,53.23231],[5.85904,53.23057],[5.85255,53.23048],[5.85924,53.24329],[5.8592,53.24329],[5.83216,53.24286],[5.83102,53.24472],[5.83205,53.2464],[5.83319,53.24701],[5.83317,53.24775],[5.83106,53.25199],[5.8299,53.25535],[5.8297,53.25758],[5.83213,53.25989],[5.83269,53.26849],[5.83782,53.27383],[5.83865,53.27495],[5.83899,53.2757],[5.84012,53.27646],[5.84752,53.28409],[5.84766,53.28516],[5.86077,53.28849],[5.86118,53.28866],[5.86184,53.28822],[5.86135,53.28805],[5.86415,53.28688],[5.87461,53.2826],[5.87751,53.28044],[5.87694,53.28012],[5.88225,53.27678],[5.8896,53.27216],[5.89156,53.27098],[5.89339,53.26979]]]]}},{"type":"Feature","properties":{"code":"GM0743","name":"Asten"},"geometry":{"type":"MultiPolygon","coordinates":[[[[5.71824,51.43873],[5.72163,51.43822],[5.73569,51.43873],[5.74395,51.43737],[5.7557,51.43427],[5.7637,51.42879],[5.76624,51.42528],[5.76881,51.42441],[5.77612,51.41903],[5.78156,51.4176],[5.78808,51.41312],[5.78788,51.41265],[5.79115,51.41163],[5.82131,51.40233],[5.83188,51.39927],[5.8329,51.39758],[5.83827,51.39526],[5.84476,51.38769],[5.8541,51.37643],[5.85323,51.37273],[5.85658,51.35376],[5.86609,51.35457],[5.87036,51.35253],[5.85847,51.35029],[5.84019,51.34688],[5.78825,51.33718],[5.77106,51.33392],[5.77045,51.3338],[5.74546,51.37111],[5.74022,51.36979],[5.73939,51.37468],[5.7384,51.38056],[5.73634,51.38937],[5.73372,51.39187],[5.72304,51.39843],[5.7229,51.39885],[5.70742,51.40816],[5.70385,51.41107],[5.70288,51.41254],[5.70072,51.41855],[5.7005,51.42071],[5.69998,51.42215],[5.69398,51.43924],[5.69872,51.43804],[5.7092,51.44007],[5.71824,51.43873]]]]}},{"type":"Feature","properties":{"code":"GM0744","name":"Baarle-Nassau"},"geometry":{"type":"MultiPolygon","coordinates":[[[[4.87238,51.4115],[4.86975,51.41116],[4.86923,51.41179],[4.87058,51.41274],[4.87149,51.41241],[4.87221,51.41288],[4.87311,51.41242],[4.87194,51.41216],[4.87238,51.4115]]],[[[4.9355,51.43349],[4.93541,51.43205],[4.93418,51.43195],[4.93411,51.43343],[4.9355,51.43349]]],[[[4.93133,51.43644],[4.93268,51.43647],[4.93279,51.43529],[4.93273,51.43443],[4.93125,51.43467],[4.93133,51.43644]]],[[[4.93648,51.43755],[4.9368,51.43627],[4.93546,51.43618],[4.93537,51.43752],[4.93648,51.43755]]],[[[4.93069,51.43716],[4.93163,51.43717],[4.93139,51.43661],[4.93091,51.43673],[4.93069,51.43716]]],[[[4.89129,51.47822],[4.89256,51.47778],[4.91705,51.46804],[4.91797,51.46674],[4.93212,51.45921],[4.94163,51.45714],[4.94466,51.45679],[4.94716,51.45857],[4.95672,51.45974],[4.97008,51.45874],[4.97365,51.45974],[4.97477,51.46062],[4.97671,51.46126],[4.97713,51.46068],[5.01046,51.45824],[5.00979,51.45712],[5.01098,51.45601],[5.01052,51.45393],[5.00536,51.44903],[5.00443,51.44458],[4.99836,51.44058],[4.96322,51.42229],[4.92898,51.39605],[4.9279,51.39973],[4.92443,51.39878],[4.92524,51.39665],[4.92785,51.39544],[4.92096,51.39369],[4.91385,51.39508],[4.9178,51.39684],[4.92459,51.39688],[4.92427,51.39782],[4.92327,51.39855],[4.91907,51.39832],[4.91626,51.39872],[4.91782,51.40051],[4.91016,51.40226],[4.91055,51.40288],[4.90858,51.40461],[4.9096,51.407],[4.90606,51.40914],[4.9057,51.4099],[4.90409,51.40987],[4.9037,51.40996],[4.90488,51.4119],[4.90385,51.41241],[4.90273,51.41028],[4.90009,51.41061],[4.90025,51.41253],[4.90256,51.41249],[4.90319,51.41355],[4.90185,51.41394],[4.90071,51.41328],[4.90116,51.41408],[4.89999,51.41467],[4.89756,51.41348],[4.89828,51.4128],[4.8986,51.41193],[4.89713,51.41169],[4.89645,51.41285],[4.8947,51.41289],[4.88877,51.41543],[4.88696,51.41506],[4.88588,51.41533],[4.88607,51.4166],[4.88301,51.41648],[4.88307,51.41529],[4.88133,51.41547],[4.8798,51.41437],[4.87844,51.4141],[4.87775,51.41547],[4.87355,51.41475],[4.87383,51.41428],[4.87288,51.41362],[4.87126,51.41387],[4.86872,51.41289],[4.86625,51.41144],[4.8665,51.41071],[4.86838,51.40996],[4.86737,51.40911],[4.86646,51.40971],[4.86051,51.41045],[4.85967,51.41113],[4.85981,51.41301],[4.85761,51.41278],[4.85185,51.41413],[4.84983,51.41429],[4.84863,51.41275],[4.83952,51.41456],[4.82184,51.4132],[4.796,51.41027],[4.79307,51.40949],[4.79221,51.41054],[4.78933,51.40899],[4.78031,51.41203],[4.77775,51.41382],[4.77531,51.41411],[4.77337,51.41344],[4.77119,51.41491],[4.77179,51.41632],[4.77074,51.41662],[4.76858,51.41965],[4.77016,51.42494],[4.76661,51.4305],[4.76765,51.43084],[4.76844,51.43042],[4.77412,51.43162],[4.78657,51.43252],[4.78774,51.4321],[4.78907,51.43001],[4.79426,51.4285],[4.79639,51.42831],[4.80026,51.42912],[4.80425,51.42787],[4.80567,51.42862],[4.80771,51.4272],[4.80836,51.42644],[4.81225,51.42637],[4.8201,51.42419],[4.82106,51.42279],[4.82569,51.42311],[4.82693,51.42223],[4.82645,51.42115],[4.8335,51.41978],[4.83303,51.41911],[4.83474,51.4184],[4.83541,51.41921],[4.83674,51.41883],[4.83558,51.41753],[4.83642,51.41728],[4.83768,51.41853],[4.84147,51.42244],[4.84101,51.42257],[4.83826,51.42173],[4.83765,51.42085],[4.83323,51.42059],[4.83022,51.42121],[4.82934,51.42237],[4.82821,51.4223],[4.82855,51.42345],[4.82487,51.43532],[4.82592,51.43604],[4.82336,51.44862],[4.82858,51.45088],[4.8334,51.4574],[4.83541,51.45854],[4.83847,51.45605],[4.84135,51.45677],[4.84402,51.45907],[4.8384,51.46137],[4.83611,51.46125],[4.83695,51.46797],[4.83969,51.47281],[4.84033,51.47853],[4.84188,51.48074],[4.84802,51.4803],[4.85288,51.4794],[4.85393,51.47844],[4.86195,51.47761],[4.8717,51.47981],[4.88308,51.47731],[4.89129,51.47822]],[[4.92849,51.40511],[4.93639,51.40534],[4.93579,51.4093],[4.92943,51.40808],[4.93242,51.40606],[4.92849,51.40511]],[[4.93879,51.43932],[4.93905,51.43797],[4.93647,51.4378],[4.93634,51.4386],[4.93466,51.43855],[4.9349,51.44086],[4.93374,51.44088],[4.93427,51.44211],[4.93811,51.4419],[4.93808,51.44335],[4.93847,51.44344],[4.93888,51.44186],[4.94028,51.4418],[4.93995,51.44376],[4.93921,51.44362],[4.93856,51.44346],[4.93812,51.44472],[4.93675,51.4444],[4.93548,51.44428],[4.93518,51.44487],[4.93617,51.44526],[4.93555,51.44635],[4.9333,51.44424],[4.93373,51.44316],[4.93318,51.44309],[4.93312,51.44327],[4.9324,51.44317],[4.93103,51.4429],[4.93046,51.44246],[4.92989,51.44248],[4.92989,51.44191],[4.9287,51.4416],[4.92886,51.44103],[4.9297,51.44009],[4.92899,51.43959],[4.9283,51.43855],[4.92689,51.43983],[4.92737,51.44003],[4.92653,51.44131],[4.92615,51.44122],[4.92627,51.44169],[4.92685,51.44166],[4.92595,51.44282],[4.92805,51.44362],[4.92545,51.44455],[4.92373,51.44389],[4.9231,51.4449],[4.92426,51.44493],[4.92213,51.44572],[4.92402,51.44631],[4.92303,51.44738],[4.92149,51.44645],[4.92054,51.44596],[4.91943,51.44693],[4.9183,51.44578],[4.91991,51.44516],[4.92029,51.44576],[4.92154,51.44486],[4.92086,51.44479],[4.92237,51.44266],[4.9219,51.44207],[4.92154,51.44219],[4.91919,51.44067],[4.9212,51.4404],[4.92021,51.43954],[4.9213,51.43911],[4.9198,51.43809],[4.92072,51.4373],[4.91806,51.43528],[4.91708,51.43589],[4.91501,51.43536],[4.91722,51.43459],[4.91929,51.43477],[4.92255,51.43401],[4.92255,51.43364],[4.92524,51.43341],[4.92496,51.43388],[4.92593,51.43386],[4.92608,51.4334],[4.92784,51.43122],[4.92881,51.43051],[4.93093,51.43026],[4.9336,51.43102],[4.93598,51.42947],[4.9397,51.43074],[4.93994,51.43412],[4.93625,51.43423],[4.93817,51.43597],[4.93997,51.43612],[4.93945,51.43715],[4.94036,51.43802],[4.93988,51.43945],[4.93879,51.43932]],[[4.941,51.43464],[4.94276,51.43511],[4.94219,51.43645],[4.93997,51.43612],[4.941,51.43464]],[[4.91888,51.44401],[4.91837,51.44411],[4.91815,51.44396],[4.91822,51.44343],[4.91852,51.44344],[4.91849,51.44357],[4.91888,51.44401]],[[4.9255,51.44665],[4.92417,51.44635],[4.92572,51.44491],[4.92626,51.44517],[4.92693,51.44536],[4.9255,51.44665]],[[4.92912,51.44812],[4.92841,51.44872],[4.92735,51.44857],[4.9284,51.44783],[4.92912,51.44812]],[[4.92949,51.44957],[4.9304,51.44872],[4.93181,51.44927],[4.9307,51.4504],[4.92949,51.44957]],[[4.93976,51.43976],[4.94076,51.43931],[4.94137,51.43795],[4.94223,51.43811],[4.94186,51.439],[4.94312,51.44016],[4.94205,51.44004],[4.93976,51.43976]],[[4.9478,51.4457],[4.94573,51.44453],[4.9458,51.44397],[4.94393,51.44379],[4.94396,51.44365],[4.94634,51.44398],[4.94801,51.44404],[4.94814,51.4437],[4.94988,51.44365],[4.94897,51.44473],[4.94965,51.44478],[4.94962,51.44532],[4.9478,51.4457]],[[4.94118,51.44488],[4.94231,51.44514],[4.94211,51.44555],[4.94098,51.44529],[4.94118,51.44488]],[[4.93151,51.44763],[4.93191,51.44666],[4.93407,51.4474],[4.93321,51.44826],[4.93151,51.44763]],[[4.94834,51.45097],[4.94311,51.45036],[4.94304,51.45083],[4.94105,51.45079],[4.94108,51.45046],[4.93794,51.4504],[4.93723,51.44992],[4.93444,51.44974],[4.93311,51.44954],[4.93474,51.44748],[4.93679,51.44752],[4.93624,51.44691],[4.93673,51.44684],[4.93892,51.44712],[4.93908,51.44635],[4.93951,51.44649],[4.94015,51.44516],[4.94037,51.44519],[4.93972,51.44657],[4.94045,51.44681],[4.9407,51.44637],[4.9415,51.44642],[4.94139,51.44711],[4.94349,51.44748],[4.94353,51.44866],[4.94599,51.44909],[4.94637,51.44828],[4.94476,51.44778],[4.94638,51.44738],[4.94795,51.44733],[4.94835,51.44904],[4.95071,51.44946],[4.9524,51.45015],[4.95126,51.45104],[4.95276,51.45163],[4.95147,51.45371],[4.94943,51.45353],[4.95062,51.45165],[4.94834,51.45097]]],[[[4.93239,51.44003],[4.93222,51.43884],[4.93114,51.43879],[4.93063,51.43989],[4.93239,51.44003]]],[[[4.92271,51.44005],[4.92236,51.44026],[4.92417,51.44185],[4.92512,51.44174],[4.92435,51.44114],[4.92486,51.44073],[4.92328,51.43983],[4.92481,51.4391],[4.92374,51.43781],[4.92232,51.43768],[4.9215,51.43925],[4.92271,51.44005]]]]}},{"type":"Feature","properties":{"code":"GM0748","name":"Bergen op Zoom"},"geometry":{"type":"MultiPolygon","coordinates":[[[[4.31798,51.55122],[4.31631,51.5455],[4.30828,51.54672],[4.30691,51.5435],[4.31462,51.54108],[4.32757,51.53519],[4.32872,51.53175],[4.32841,51.53073],[4.32565,51.52961],[4.32953,51.52932],[4.32989,51.52824],[4.33764,51.52756],[4.34278,51.52639],[4.34046,51.52267],[4.34081,51.52179],[4.34219,51.51805],[4.35014,51.51837],[4.3516,51.5177],[4.35246,51.5143],[4.35055,51.5057],[4.35396,51.50645],[4.3544,51.50578],[4.35118,51.50385],[4.34954,51.50348],[4.35159,51.49993],[4.35817,51.4926],[4.36388,51.49119],[4.37264,51.48777],[4.37182,51.48391],[4.37165,51.47909],[4.36163,51.47637],[4.36267,51.47169],[4.3614,51.47122],[4.36697,51.45672],[4.35977,51.45791],[4.34431,51.46059],[4.34018,51.46255],[4.33651,51.4598],[4.32796,51.46424],[4.32422,51.46229],[4.32419,51.46141],[4.32248,51.4603],[4.32001,51.46059],[4.31224,51.46013],[4.31117,51.46017],[4.30847,51.46541],[4.30736,51.46622],[4.30418,51.46582],[4.30392,51.46664],[4.30145,51.46662],[4.29956,51.46639],[4.29951,51.46602],[4.2991,51.4668],[4.29768,51.46622],[4.29766,51.45834],[4.29746,51.45011],[4.29508,51.44882],[4.29373,51.44538],[4.29025,51.44518],[4.28713,51.44397],[4.28317,51.43967],[4.26827,51.44026],[4.26543,51.43968],[4.23033,51.4889],[4.22491,51.49649],[4.21893,51.50486],[4.2188,51.50896],[4.21993,51.5138],[4.23304,51.53749],[4.23566,51.54324],[4.23612,51.55037],[4.23973,51.55092],[4.24294,51.55913],[4.24298,51.56298],[4.25203,51.57066],[4.26762,51.56801],[4.2675,51.56631],[4.26727,51.56494],[4.26839,51.56485],[4.27313,51.56444],[4.29817,51.55895],[4.29781,51.55591],[4.29623,51.55386],[4.29716,51.55366],[4.31798,51.55122]]]]}},{"type":"Feature","properties":{"code":"GM0753","name":"Best"},"geometry":{"type":"MultiPolygon","coordinates":[[[[5.40536,51.54835],[5.41093,51.54227],[5.41204,51.5427],[5.41458,51.54062],[5.41634,51.54039],[5.4203,51.53856],[5.42216,51.53691],[5.42298,51.53394],[5.42384,51.53405],[5.42546,51.53241],[5.42643,51.53273],[5.4275,51.53167],[5.42658,51.53128],[5.43337,51.5244],[5.44751,51.51207],[5.4407,51.49606],[5.44257,51.49393],[5.44217,51.49384],[5.42715,51.48961],[5.41799,51.48624],[5.41191,51.48468],[5.41171,51.48465],[5.40714,51.48407],[5.40129,51.48383],[5.39605,51.4844],[5.39102,51.48555],[5.39003,51.48581],[5.38974,51.48752],[5.38601,51.4867],[5.37502,51.48905],[5.36461,51.49145],[5.35589,51.49611],[5.35557,51.49693],[5.35518,51.49916],[5.35332,51.5018],[5.35261,51.50599],[5.35132,51.50605],[5.35075,51.50755],[5.35089,51.51213],[5.34949,51.51717],[5.35151,51.51801],[5.3539,51.52119],[5.35357,51.5238],[5.35373,51.52608],[5.35546,51.5289],[5.36562,51.52998],[5.36859,51.53149],[5.35691,51.54472],[5.36517,51.545],[5.36852,51.54352],[5.38267,51.54373],[5.38816,51.54433],[5.40423,51.54829],[5.40536,51.54835]]]]}},{"type":"Feature","properties":{"code":"GM0755","name":"Boekel"},"geometry":{"type":"MultiPolygon","coordinates":[[[[5.68146,51.62903],[5.68178,51.62782],[5.68592,51.62812],[5.70923,51.62575],[5.74006,51.6225],[5.75048,51.62268],[5.75861,51.59395],[5.73262,51.59037],[5.72948,51.58981],[5.70997,51.58635],[5.70939,51.58626],[5.70979,51.58584],[5.70905,51.58555],[5.70614,51.58709],[5.69938,51.58412],[5.6871,51.58381],[5.68553,51.58374],[5.6602,51.58298],[5.65805,51.58315],[5.65136,51.58236],[5.65037,51.58474],[5.65068,51.58718],[5.6495,51.58922],[5.64852,51.59364],[5.6453,51.60082],[5.64293,51.60621],[5.62657,51.6234],[5.63367,51.62479],[5.63557,51.62536],[5.65098,51.62571],[5.65134,51.6267],[5.65818,51.62803],[5.66471,51.62899],[5.66492,51.62834],[5.66659,51.62845],[5.67261,51.62869],[5.67274,51.62736],[5.67434,51.62744],[5.67428,51.62813],[5.68008,51.62838],[5.68146,51.62903]]]]}},{"type":"Feature","properties":{"code":"GM0757","name":"Boxtel"},"geometry":{"type":"MultiPolygon","coordinates":[[[[5.31773,51.63463],[5.3384,51.62213],[5.34381,51.62297],[5.34318,51.61687],[5.33905,51.61386],[5.33486,51.61364],[5.33213,51.61114],[5.33596,51.60309],[5.34083,51.60435],[5.34138,51.60147],[5.34283,51.60022],[5.34587,51.60274],[5.35098,51.60397],[5.35293,51.60069],[5.36314,51.60178],[5.37414,51.60173],[5.37834,51.60255],[5.38053,51.6029],[5.38621,51.60087],[5.38144,51.5962],[5.38761,51.59043],[5.38959,51.58967],[5.38906,51.58912],[5.3867,51.58908],[5.38526,51.58959],[5.38144,51.5876],[5.38403,51.58685],[5.38967,51.58348],[5.38782,51.58245],[5.38895,51.58083],[5.39368,51.57995],[5.39145,51.57616],[5.39297,51.57543],[5.39595,51.57661],[5.40381,51.57591],[5.40201,51.57384],[5.4025,51.57171],[5.39934,51.57219],[5.39947,51.5661],[5.39801,51.56578],[5.40008,51.5624],[5.4016,51.56191],[5.4052,51.56203],[5.40287,51.55788],[5.40425,51.55443],[5.40423,51.54829],[5.38816,51.54433],[5.38267,51.54373],[5.36852,51.54352],[5.36517,51.545],[5.35691,51.54472],[5.35085,51.54424],[5.34393,51.54447],[5.33719,51.5464],[5.33313,51.55111],[5.32494,51.55121],[5.30839,51.54598],[5.29899,51.54785],[5.27327,51.55282],[5.2689,51.55373],[5.26441,51.55797],[5.26145,51.56113],[5.24618,51.57948],[5.24721,51.58678],[5.24724,51.58704],[5.24794,51.5898],[5.25545,51.59347],[5.2622,51.59935],[5.26881,51.60097],[5.27566,51.60441],[5.27874,51.60479],[5.27522,51.60784],[5.26924,51.60961],[5.26882,51.61254],[5.27173,51.61284],[5.2708,51.61444],[5.27143,51.61546],[5.27583,51.61576],[5.27834,51.6183],[5.27772,51.61918],[5.27978,51.62016],[5.28057,51.62225],[5.28172,51.62253],[5.28552,51.62293],[5.29092,51.62133],[5.29467,51.62133],[5.29507,51.62289],[5.29758,51.6251],[5.29965,51.62571],[5.30433,51.62492],[5.30681,51.62783],[5.30618,51.6299],[5.30827,51.63303],[5.31095,51.63367],[5.31773,51.63463]]]]}},{"type":"Feature","properties":{"code":"GM0758","name":"Breda"},"geometry":{"type":"MultiPolygon","coordinates":[[[[4.76265,51.63503],[4.76502,51.63191],[4.76569,51.62914],[4.76958,51.62951],[4.78751,51.63705],[4.78891,51.63442],[4.80697,51.63261],[4.81184,51.63291],[4.81827,51.63162],[4.82003,51.63062],[4.82126,51.62956],[4.82187,51.62727],[4.82378,51.6277],[4.82604,51.62698],[4.82804,51.62458],[4.84268,51.61699],[4.83908,51.60893],[4.84355,51.60388],[4.83989,51.60246],[4.8398,51.60168],[4.83407,51.59741],[4.83472,51.59735],[4.84137,51.59626],[4.84202,51.59603],[4.84262,51.58583],[4.84573,51.58345],[4.8544,51.57937],[4.86424,51.57909],[4.86537,51.57292],[4.87008,51.57082],[4.87168,51.56711],[4.8691,51.56676],[4.86828,51.55993],[4.86731,51.55887],[4.86415,51.5594],[4.86298,51.55727],[4.8437,51.55424],[4.83978,51.55319],[4.8374,51.54951],[4.8329,51.54958],[4.83077,51.55035],[4.82452,51.54784],[4.79935,51.53706],[4.80133,51.53608],[4.79804,51.53514],[4.79425,51.5349],[4.7781,51.52945],[4.77785,51.52939],[4.77006,51.52736],[4.76931,51.52538],[4.77029,51.5244],[4.77002,51.52364],[4.76863,51.52513],[4.76755,51.52511],[4.76447,51.52405],[4.76018,51.51931],[4.74893,51.51896],[4.74699,51.51548],[4.75095,51.50911],[4.75347,51.5058],[4.76002,51.50237],[4.75879,51.50095],[4.75836,51.50016],[4.75538,51.50036],[4.75526,51.50054],[4.7527,51.49981],[4.74894,51.49668],[4.75,51.49543],[4.7497,51.49436],[4.74813,51.49194],[4.74683,51.4907],[4.74656,51.4895],[4.734,51.48555],[4.73565,51.49175],[4.74216,51.50563],[4.74348,51.51091],[4.74398,51.51876],[4.74323,51.52539],[4.74113,51.52631],[4.74012,51.52786],[4.7418,51.5311],[4.74146,51.53286],[4.73973,51.53211],[4.7388,51.53227],[4.73562,51.53369],[4.73203,51.53634],[4.7302,51.53642],[4.73001,51.53519],[4.72886,51.53484],[4.72817,51.53366],[4.7255,51.5331],[4.72508,51.53292],[4.72249,51.53516],[4.72842,51.53688],[4.704,51.5498],[4.69419,51.54485],[4.69462,51.55673],[4.69329,51.56259],[4.69372,51.56795],[4.69086,51.57412],[4.68605,51.58757],[4.68601,51.58771],[4.68211,51.59889],[4.67488,51.60019],[4.67556,51.60385],[4.66387,51.60407],[4.66433,51.60872],[4.66038,51.6124],[4.65798,51.62045],[4.66029,51.62159],[4.66356,51.62536],[4.66481,51.62836],[4.66416,51.63088],[4.66507,51.63432],[4.67226,51.63262],[4.67851,51.63259],[4.68275,51.63364],[4.69096,51.63736],[4.69874,51.63797],[4.69906,51.63807],[4.70433,51.63825],[4.73184,51.64306],[4.73854,51.64281],[4.745,51.64044],[4.74903,51.63898],[4.75737,51.63758],[4.76265,51.63503]]]]}},{"type":"Feature","properties":{"code":"GM0762","name":"Deurne"},"geometry":{"type":"MultiPolygon","coordinates":[[[[5.85257,51.50414],[5.8607,51.49201],[5.87169,51.45011],[5.87496,51.44656],[5.87659,51.44482],[5.87874,51.44251],[5.87992,51.44125],[5.90291,51.41661],[5.92,51.39789],[5.93129,51.38475],[5.92245,51.37984],[5.89578,51.36501],[5.89527,51.36473],[5.87944,51.35594],[5.87353,51.35313],[5.87036,51.35253],[5.86609,51.35457],[5.85658,51.35376],[5.85323,51.37273],[5.8541,51.37643],[5.84476,51.38769],[5.83827,51.39526],[5.8329,51.39758],[5.83188,51.39927],[5.82131,51.40233],[5.79115,51.41163],[5.78788,51.41265],[5.78808,51.41312],[5.78156,51.4176],[5.77612,51.41903],[5.76881,51.42441],[5.76624,51.42528],[5.7637,51.42879],[5.7557,51.43427],[5.74395,51.43737],[5.73569,51.43873],[5.72163,51.43822],[5.71824,51.43873],[5.71844,51.44113],[5.71776,51.44284],[5.71818,51.44453],[5.73,51.44436],[5.72285,51.45319],[5.72407,51.45413],[5.72195,51.45445],[5.72112,51.45577],[5.71735,51.46553],[5.71721,51.46824],[5.72297,51.46729],[5.72297,51.46729],[5.72396,51.47009],[5.73501,51.46919],[5.73609,51.47193],[5.72294,51.48289],[5.72172,51.48513],[5.72347,51.48421],[5.72564,51.48436],[5.72862,51.48609],[5.73043,51.48622],[5.73179,51.48603],[5.73533,51.48431],[5.73815,51.48524],[5.74261,51.48556],[5.7559,51.48783],[5.76826,51.48897],[5.77383,51.48865],[5.79164,51.49148],[5.79903,51.4941],[5.80134,51.49389],[5.85257,51.50414]]]]}},{"type":"Feature","properties":{"code":"GM0765","name":"Pekela"},"geometry":{"type":"MultiPolygon","coordinates":[[[[6.98378,53.11765],[6.98736,53.11577],[6.98769,53.11611],[7.02224,53.11608],[7.02803,53.11611],[7.02975,53.1151],[7.02596,53.11243],[7.02818,53.11109],[7.02989,53.10832],[7.04261,53.10189],[7.03823,53.09708],[7.03753,53.09631],[7.01545,53.07178],[7.01333,53.06944],[7.01013,53.0737],[7.00081,53.06331],[6.99493,53.05684],[6.99291,53.0551],[6.99036,53.05438],[6.98783,53.04908],[6.98039,53.04091],[6.95579,53.01386],[6.95465,53.01415],[6.954,53.01433],[6.94166,53.01742],[6.93585,53.01962],[6.91191,53.03471],[6.9077,53.03888],[6.90553,53.04363],[6.92063,53.04526],[6.9199,53.04931],[6.93334,53.04961],[6.93302,53.05359],[6.92444,53.05778],[6.92909,53.07183],[6.92961,53.07337],[6.93059,53.07285],[6.93689,53.07742],[6.94384,53.08192],[6.95541,53.09327],[6.95689,53.09471],[6.95795,53.09436],[6.9584,53.09527],[6.95938,53.09494],[6.9606,53.0958],[6.96078,53.09743],[6.96173,53.11002],[6.96529,53.11083],[6.96739,53.11136],[6.97975,53.1192],[6.98253,53.11912],[6.98445,53.11811],[6.98378,53.11765]]]]}},{"type":"Feature","properties":{"code":"GM0766","name":"Dongen"},"geometry":{"type":"MultiPolygon","coordinates":[[[[4.95777,51.65966],[4.95784,51.65755],[4.95835,51.65759],[4.95838,51.65736],[4.95785,51.65734],[4.9579,51.65153],[4.97687,51.6536],[4.98727,51.65461],[4.98934,51.64879],[4.98936,51.64869],[5.00242,51.61303],[5.00449,51.60789],[4.99154,51.60792],[4.98351,51.60736],[4.98236,51.60867],[4.97755,51.60909],[4.96532,51.61294],[4.96078,51.61349],[4.95786,51.61376],[4.95293,51.61472],[4.95027,51.61241],[4.95025,51.61239],[4.94785,51.61117],[4.94359,51.61003],[4.94031,51.6102],[4.93704,51.61102],[4.93731,51.6114],[4.92644,51.61323],[4.91808,51.61629],[4.91188,51.6154],[4.91117,51.61616],[4.91133,51.61806],[4.9099,51.61833],[4.91226,51.61949],[4.91356,51.61964],[4.91555,51.62243],[4.90428,51.62433],[4.90502,51.62453],[4.91182,51.62637],[4.91212,51.62683],[4.91054,51.62743],[4.91003,51.62946],[4.91115,51.63125],[4.91319,51.63402],[4.92895,51.64667],[4.9292,51.64687],[4.92928,51.64853],[4.93011,51.64795],[4.93035,51.64954],[4.93282,51.6507],[4.93291,51.65158],[4.93246,51.65582],[4.93441,51.65725],[4.933,51.65889],[4.93313,51.65988],[4.93094,51.6671],[4.92677,51.66909],[4.92503,51.67301],[4.92507,51.67498],[4.93317,51.67675],[4.94358,51.67892],[4.94425,51.67889],[4.94435,51.67834],[4.94514,51.67797],[4.94581,51.67707],[4.94751,51.67694],[4.95373,51.67077],[4.95644,51.66402],[4.95777,51.65966]]]]}},{"type":"Feature","properties":{"code":"GM0770","name":"Eersel"},"geometry":{"type":"MultiPolygon","coordinates":[[[[5.33382,51.46854],[5.356,51.46231],[5.35839,51.46702],[5.36945,51.46532],[5.36717,51.45943],[5.36351,51.46026],[5.36149,51.45736],[5.35672,51.4536],[5.36064,51.44985],[5.36123,51.4471],[5.36083,51.44312],[5.35774,51.44023],[5.35692,51.4382],[5.35579,51.43411],[5.35286,51.43283],[5.34625,51.42896],[5.34553,51.43092],[5.34237,51.43107],[5.34337,51.42744],[5.33984,51.42556],[5.31937,51.4238],[5.32,51.41993],[5.31609,51.41941],[5.31589,51.41891],[5.31715,51.41491],[5.32179,51.40869],[5.32366,51.40619],[5.33159,51.40629],[5.33514,51.4074],[5.35438,51.40877],[5.36762,51.40007],[5.37069,51.39805],[5.37228,51.39274],[5.37248,51.39225],[5.37403,51.38857],[5.38891,51.37646],[5.38803,51.37527],[5.3826,51.37283],[5.38113,51.37113],[5.37821,51.36939],[5.37564,51.36876],[5.37407,51.36953],[5.3705,51.36931],[5.36432,51.36698],[5.35575,51.36253],[5.35245,51.36182],[5.34615,51.35795],[5.34474,51.35491],[5.34259,51.35267],[5.34678,51.34752],[5.34199,51.34422],[5.34712,51.33745],[5.34174,51.33583],[5.33784,51.3348],[5.3322,51.33317],[5.32401,51.3329],[5.32116,51.32957],[5.32295,51.32869],[5.31888,51.32485],[5.31499,51.32289],[5.30955,51.32105],[5.30806,51.32183],[5.29217,51.31824],[5.26341,51.31928],[5.28597,51.33634],[5.2791,51.35334],[5.27892,51.35377],[5.2753,51.36272],[5.27589,51.3644],[5.27744,51.36878],[5.27744,51.36878],[5.27927,51.37386],[5.27976,51.37533],[5.28591,51.38447],[5.29032,51.38613],[5.28941,51.38892],[5.29881,51.38968],[5.30271,51.39071],[5.30628,51.39096],[5.3071,51.39062],[5.31086,51.39071],[5.31044,51.39605],[5.31365,51.39944],[5.30729,51.40611],[5.30516,51.40693],[5.30285,51.40753],[5.29625,51.40775],[5.29015,51.40408],[5.28143,51.40499],[5.27839,51.40865],[5.27639,51.40935],[5.2729,51.40947],[5.24878,51.42256],[5.24945,51.42295],[5.24478,51.42625],[5.24338,51.42548],[5.2377,51.42856],[5.2376,51.43071],[5.23906,51.43367],[5.25248,51.43794],[5.24882,51.44308],[5.2484,51.44563],[5.24902,51.44572],[5.25887,51.44712],[5.26044,51.44824],[5.26466,51.44893],[5.27102,51.44903],[5.27925,51.45022],[5.28225,51.45225],[5.28502,51.45411],[5.2945,51.45528],[5.29723,51.45314],[5.29807,51.45463],[5.30318,51.45859],[5.3031,51.45915],[5.31508,51.46137],[5.32102,51.46116],[5.3242,51.46272],[5.3259,51.46288],[5.32584,51.46379],[5.32804,51.46423],[5.33051,51.46384],[5.3316,51.46283],[5.3346,51.46293],[5.33263,51.46542],[5.33473,51.46587],[5.33382,51.46854]]]]}},{"type":"Feature","properties":{"code":"GM0772","name":"Eindhoven"},"geometry":{"type":"MultiPolygon","coordinates":[[[[5.47645,51.49707],[5.47914,51.49661],[5.49621,51.49678],[5.49638,51.49678],[5.51142,51.49692],[5.51332,51.49625],[5.51339,51.49548],[5.51555,51.49334],[5.51249,51.49103],[5.51246,51.48956],[5.51057,51.48735],[5.50841,51.48768],[5.50815,51.48542],[5.5066,51.48376],[5.50552,51.48356],[5.50602,51.4823],[5.50956,51.47924],[5.50794,51.47857],[5.50875,51.47706],[5.50835,51.47555],[5.50809,51.47446],[5.5081,51.47117],[5.51011,51.46987],[5.50904,51.46943],[5.51158,51.4675],[5.51287,51.4666],[5.51412,51.46652],[5.51439,51.46556],[5.51494,51.46498],[5.51589,51.46513],[5.51693,51.46424],[5.51758,51.46435],[5.51898,51.46291],[5.51811,51.46295],[5.51827,51.46263],[5.52095,51.46155],[5.52107,51.46102],[5.52187,51.46109],[5.52492,51.45949],[5.52984,51.4587],[5.531,51.45725],[5.53253,51.45721],[5.53169,51.45562],[5.53159,51.45554],[5.53447,51.45157],[5.53883,51.44944],[5.53908,51.44845],[5.54015,51.44797],[5.53852,51.44561],[5.53941,51.44457],[5.53851,51.44354],[5.5414,51.44104],[5.54132,51.44046],[5.54071,51.44051],[5.54126,51.43972],[5.54266,51.43924],[5.54263,51.43998],[5.54392,51.4396],[5.54356,51.43871],[5.54438,51.43721],[5.54589,51.43658],[5.54678,51.43367],[5.54025,51.43133],[5.53476,51.43169],[5.53475,51.43168],[5.53203,51.43199],[5.53096,51.42742],[5.53035,51.4272],[5.52518,51.4279],[5.5258,51.40515],[5.52581,51.4047],[5.50761,51.40453],[5.50518,51.40342],[5.50487,51.40015],[5.50464,51.40011],[5.50362,51.40152],[5.49985,51.40386],[5.49005,51.40445],[5.48231,51.40465],[5.48037,51.40469],[5.48007,51.40474],[5.4771,51.40488],[5.46932,51.40535],[5.46198,51.40495],[5.4618,51.40496],[5.45351,51.40529],[5.43619,51.40498],[5.43575,51.40419],[5.43535,51.40336],[5.43119,51.40206],[5.43096,51.40264],[5.4299,51.40281],[5.42728,51.40265],[5.42538,51.40442],[5.42865,51.40521],[5.42985,51.40618],[5.42942,51.41156],[5.42737,51.41701],[5.42781,51.42186],[5.42791,51.42217],[5.42633,51.43041],[5.42428,51.43153],[5.41994,51.43285],[5.41717,51.43149],[5.41674,51.43172],[5.41463,51.43017],[5.41207,51.43134],[5.4107,51.43506],[5.409,51.43446],[5.40744,51.43601],[5.40492,51.43713],[5.40079,51.43297],[5.39765,51.43364],[5.39634,51.43392],[5.3938,51.43458],[5.39114,51.43652],[5.38922,51.43764],[5.38737,51.4378],[5.37969,51.43509],[5.37913,51.43661],[5.3732,51.43761],[5.37125,51.43891],[5.3678,51.43837],[5.36682,51.43745],[5.3669,51.43621],[5.36223,51.43546],[5.36225,51.43606],[5.35692,51.4382],[5.35774,51.44023],[5.36083,51.44312],[5.36123,51.4471],[5.36064,51.44985],[5.35672,51.4536],[5.36149,51.45736],[5.36351,51.46026],[5.36717,51.45943],[5.36945,51.46532],[5.37915,51.46384],[5.38468,51.46766],[5.38754,51.46821],[5.38711,51.46927],[5.38957,51.4706],[5.39068,51.47064],[5.39082,51.47133],[5.39119,51.47176],[5.39052,51.48515],[5.39104,51.48504],[5.39102,51.48555],[5.39605,51.4844],[5.40129,51.48383],[5.40714,51.48407],[5.41171,51.48465],[5.41191,51.48468],[5.41799,51.48624],[5.42715,51.48961],[5.44217,51.49384],[5.44257,51.49393],[5.44978,51.49525],[5.4513,51.49546],[5.46389,51.49698],[5.46825,51.49684],[5.46874,51.49579],[5.47213,51.49574],[5.47645,51.49707]]]]}},{"type":"Feature","properties":{"code":"GM0777","name":"Etten-Leur"},"geometry":{"type":"MultiPolygon","coordinates":[[[[4.66356,51.62536],[4.66029,51.62159],[4.65798,51.62045],[4.66038,51.6124],[4.66433,51.60872],[4.66387,51.60407],[4.67556,51.60385],[4.67488,51.60019],[4.68211,51.59889],[4.68601,51.58771],[4.68605,51.58757],[4.69086,51.57412],[4.69372,51.56795],[4.69329,51.56259],[4.69462,51.55673],[4.69419,51.54485],[4.68708,51.5426],[4.68108,51.5407],[4.66042,51.52639],[4.65422,51.52415],[4.65238,51.52193],[4.65093,51.52129],[4.64306,51.51815],[4.63816,51.51721],[4.63872,51.52441],[4.64011,51.54342],[4.63787,51.54233],[4.63608,51.54319],[4.63529,51.54235],[4.63278,51.54425],[4.63178,51.54388],[4.63008,51.54716],[4.62878,51.54663],[4.62702,51.54808],[4.62581,51.54741],[4.6248,51.55239],[4.61579,51.55318],[4.611,51.55434],[4.61011,51.5536],[4.60814,51.55424],[4.60657,51.55602],[4.60166,51.55869],[4.59682,51.56002],[4.592,51.56025],[4.59186,51.5609],[4.59176,51.56103],[4.59222,51.56129],[4.59042,51.56494],[4.59065,51.56598],[4.59467,51.56674],[4.59596,51.57336],[4.59598,51.57568],[4.59856,51.58438],[4.59825,51.58562],[4.5968,51.59035],[4.60867,51.60217],[4.61061,51.60314],[4.61389,51.60804],[4.61073,51.60954],[4.61093,51.6122],[4.60929,51.61316],[4.60891,51.61495],[4.60671,51.61662],[4.60357,51.6172],[4.60435,51.62086],[4.60123,51.62524],[4.60629,51.62772],[4.61132,51.6285],[4.61682,51.62762],[4.62275,51.62469],[4.62444,51.62427],[4.62921,51.62405],[4.63434,51.62544],[4.6357,51.62629],[4.63665,51.62864],[4.63802,51.62971],[4.64392,51.63238],[4.65818,51.63459],[4.66507,51.63432],[4.66416,51.63088],[4.66481,51.62836],[4.66356,51.62536]]]]}},{"type":"Feature","properties":{"code":"GM0779","name":"Geertruidenberg"},"geometry":{"type":"MultiPolygon","coordinates":[[[[4.89003,51.71977],[4.90155,51.71867],[4.91799,51.71996],[4.92101,51.71141],[4.92696,51.69426],[4.92911,51.68814],[4.93036,51.68428],[4.93076,51.68351],[4.93317,51.67675],[4.92507,51.67498],[4.92503,51.67301],[4.91752,51.67526],[4.91378,51.67505],[4.91283,51.67659],[4.90655,51.67595],[4.90693,51.67494],[4.89872,51.67418],[4.89683,51.67477],[4.8805,51.67421],[4.88023,51.67184],[4.87971,51.67204],[4.87655,51.67333],[4.87579,51.67473],[4.87202,51.67517],[4.87125,51.67582],[4.8662,51.67611],[4.86265,51.67707],[4.86068,51.67871],[4.85658,51.68024],[4.85662,51.68167],[4.85106,51.68396],[4.84621,51.68449],[4.84339,51.68602],[4.84226,51.68286],[4.84268,51.67973],[4.84237,51.67965],[4.83962,51.68402],[4.83194,51.69179],[4.82966,51.69564],[4.82667,51.70436],[4.82413,51.70954],[4.82361,51.71129],[4.82977,51.71159],[4.8369,51.71261],[4.84159,51.71345],[4.87305,51.72],[4.89002,51.71977],[4.89003,51.71977]]]]}},{"type":"Feature","properties":{"code":"GM0784","name":"Gilze en Rijen"},"geometry":{"type":"MultiPolygon","coordinates":[[[[4.94031,51.6102],[4.94359,51.61003],[4.94785,51.61117],[4.94881,51.61038],[4.96116,51.60618],[4.96784,51.60286],[4.96874,51.60206],[4.96777,51.59769],[4.97286,51.59731],[4.9734,51.59207],[4.97234,51.58515],[4.97027,51.57722],[4.9692,51.57727],[4.96678,51.57366],[4.96899,51.5713],[4.9681,51.56932],[4.96783,51.56872],[4.96657,51.56783],[4.96695,51.56731],[4.96418,51.56524],[4.95437,51.56225],[4.95114,51.56092],[4.95118,51.55805],[4.95298,51.55341],[4.95348,51.55053],[4.96413,51.54991],[4.96924,51.54899],[4.97845,51.54481],[4.97956,51.5442],[4.97666,51.54242],[4.97546,51.54013],[4.97414,51.53984],[4.96257,51.52586],[4.95664,51.51868],[4.91106,51.51008],[4.86623,51.53807],[4.85456,51.53393],[4.85105,51.5341],[4.84474,51.53333],[4.84506,51.52848],[4.84235,51.52685],[4.82977,51.52786],[4.82926,51.52969],[4.83132,51.52947],[4.8357,51.53153],[4.83679,51.53277],[4.83611,51.53447],[4.83462,51.53515],[4.83486,51.53862],[4.84836,51.54298],[4.85182,51.54468],[4.85271,51.54521],[4.86426,51.55202],[4.86454,51.5535],[4.86298,51.55727],[4.86415,51.5594],[4.86731,51.55887],[4.86828,51.55993],[4.8691,51.56676],[4.87168,51.56711],[4.87008,51.57082],[4.86537,51.57292],[4.86424,51.57909],[4.86917,51.57844],[4.86897,51.581],[4.88962,51.58881],[4.89024,51.58904],[4.8999,51.59267],[4.89992,51.59268],[4.91379,51.59809],[4.91163,51.60007],[4.91311,51.6004],[4.91377,51.59971],[4.91627,51.60002],[4.91615,51.60081],[4.9185,51.60137],[4.91744,51.60854],[4.91188,51.6154],[4.91808,51.61629],[4.92644,51.61323],[4.93731,51.6114],[4.93704,51.61102],[4.94031,51.6102]]]]}},{"type":"Feature","properties":{"code":"GM0785","name":"Goirle"},"geometry":{"type":"MultiPolygon","coordinates":[[[[4.99341,51.53841],[5.00157,51.53749],[5.0205,51.53895],[5.0225,51.53846],[5.02752,51.53344],[5.0305,51.52951],[5.03272,51.53017],[5.04436,51.53083],[5.04482,51.53064],[5.05078,51.52995],[5.05227,51.52976],[5.05277,51.53242],[5.05171,51.53506],[5.05546,51.53608],[5.06032,51.53787],[5.06188,51.53771],[5.06291,51.53784],[5.06468,51.53743],[5.07353,51.53674],[5.07383,51.53672],[5.08346,51.53582],[5.08548,51.53559],[5.09647,51.53497],[5.10282,51.53604],[5.1061,51.53743],[5.10982,51.53938],[5.11064,51.5389],[5.10868,51.53723],[5.10959,51.53681],[5.10565,51.53334],[5.10453,51.53384],[5.10006,51.53145],[5.10506,51.52818],[5.09814,51.52495],[5.10049,51.52297],[5.09875,51.52201],[5.10095,51.52052],[5.09502,51.51725],[5.09844,51.51536],[5.09603,51.50991],[5.08819,51.5113],[5.073,51.50287],[5.07691,51.5008],[5.06272,51.49285],[5.06929,51.48684],[5.06837,51.48533],[5.05158,51.48713],[5.04879,51.47191],[5.04986,51.47183],[5.04974,51.47111],[5.04593,51.47111],[5.04343,51.47469],[5.04249,51.47483],[5.04314,51.47518],[5.03789,51.47935],[5.03917,51.47977],[5.04009,51.4851],[5.04021,51.48653],[5.0387,51.48654],[5.03879,51.487],[5.03315,51.48719],[5.03206,51.48573],[5.02228,51.48178],[5.01652,51.47544],[5.01527,51.47633],[5.00834,51.4733],[5.00641,51.47511],[4.9993,51.47931],[4.99979,51.4805],[4.99918,51.48202],[4.98799,51.48304],[4.98842,51.48398],[4.9901,51.48508],[4.99134,51.48442],[4.99339,51.48548],[4.99164,51.48618],[4.99262,51.48745],[4.99723,51.48854],[5.00036,51.49186],[4.9978,51.49284],[4.99716,51.49205],[4.99247,51.49395],[4.99676,51.49677],[4.99464,51.49765],[4.98674,51.49533],[4.98578,51.49975],[4.98965,51.50575],[4.9923,51.51225],[4.98992,51.51315],[4.9825,51.51409],[4.98455,51.51788],[4.98087,51.51863],[4.9776,51.52165],[4.96875,51.52118],[4.96257,51.52586],[4.97414,51.53984],[4.97546,51.54013],[4.98763,51.54002],[4.99341,51.53841]]]]}},{"type":"Feature","properties":{"code":"GM0794","name":"Helmond"},"geometry":{"type":"MultiPolygon","coordinates":[[[[5.61483,51.50045],[5.61873,51.49864],[5.62204,51.49809],[5.62607,51.49829],[5.62693,51.49627],[5.63094,51.49511],[5.63482,51.49488],[5.64114,51.4983],[5.64416,51.50124],[5.64638,51.5021],[5.65025,51.50375],[5.65252,51.50401],[5.6564,51.50731],[5.66358,51.50226],[5.6751,51.49895],[5.66995,51.50414],[5.67267,51.50544],[5.68296,51.50448],[5.68414,51.5077],[5.69739,51.50413],[5.70818,51.50183],[5.70784,51.49999],[5.70769,51.49922],[5.70599,51.4994],[5.70505,51.49753],[5.70732,51.49722],[5.71211,51.49493],[5.71267,51.49414],[5.71207,51.4915],[5.71298,51.49053],[5.71874,51.48858],[5.72068,51.48716],[5.72172,51.48513],[5.72294,51.48289],[5.73609,51.47193],[5.73501,51.46919],[5.72396,51.47009],[5.72297,51.46729],[5.72297,51.46729],[5.71721,51.46824],[5.71735,51.46553],[5.72112,51.45577],[5.72195,51.45445],[5.72407,51.45413],[5.72285,51.45319],[5.73,51.44436],[5.71818,51.44453],[5.71776,51.44284],[5.71844,51.44113],[5.71824,51.43873],[5.7092,51.44007],[5.69872,51.43804],[5.69398,51.43924],[5.68972,51.44298],[5.68213,51.44938],[5.67224,51.45771],[5.669,51.45685],[5.65647,51.45656],[5.64434,51.45626],[5.6316,51.453],[5.62139,51.45018],[5.61729,51.44929],[5.61452,51.44901],[5.61451,51.45004],[5.61148,51.44975],[5.60979,51.45006],[5.60815,51.44972],[5.60876,51.45157],[5.60472,51.4528],[5.60341,51.45399],[5.601,51.45217],[5.59703,51.4565],[5.59622,51.45617],[5.59282,51.45834],[5.59051,51.45776],[5.58471,51.46051],[5.58781,51.46347],[5.58465,51.46414],[5.58297,51.46555],[5.59284,51.46712],[5.6052,51.47099],[5.60353,51.47259],[5.59611,51.4749],[5.58578,51.47931],[5.58044,51.48533],[5.57015,51.49694],[5.57673,51.49945],[5.57993,51.49876],[5.60965,51.50922],[5.61124,51.50797],[5.61056,51.50473],[5.61483,51.50045]]]]}},{"type":"Feature","properties":{"code":"GM0796","name":"'s-Hertogenbosch"},"geometry":{"type":"MultiPolygon","coordinates":[[[[5.44403,51.75331],[5.44352,51.75105],[5.44742,51.74531],[5.45131,51.7398],[5.4514,51.73968],[5.45054,51.73938],[5.45191,51.7376],[5.45417,51.73546],[5.45193,51.734],[5.45314,51.73239],[5.45471,51.73287],[5.45645,51.73137],[5.4579,51.72996],[5.46007,51.73071],[5.46259,51.7282],[5.46319,51.72587],[5.47424,51.72896],[5.48014,51.72446],[5.47883,51.72416],[5.48478,51.71331],[5.48777,51.7129],[5.48782,51.71207],[5.49771,51.71171],[5.49732,51.71077],[5.49892,51.71057],[5.49823,51.70918],[5.49966,51.70901],[5.49907,51.70708],[5.49239,51.7061],[5.48307,51.70146],[5.47829,51.70143],[5.47105,51.69115],[5.4694,51.69127],[5.46985,51.68914],[5.46033,51.68965],[5.45877,51.69203],[5.45687,51.68759],[5.45272,51.68847],[5.45168,51.68675],[5.44517,51.68858],[5.4474,51.69502],[5.446,51.6953],[5.44135,51.69466],[5.44335,51.69762],[5.4396,51.69865],[5.43933,51.70043],[5.42981,51.70148],[5.40607,51.69908],[5.39771,51.69849],[5.38571,51.70098],[5.37568,51.70028],[5.37312,51.69974],[5.37154,51.69797],[5.368,51.69709],[5.36622,51.69697],[5.36246,51.6985],[5.36071,51.69877],[5.35927,51.69868],[5.36563,51.68886],[5.36986,51.68434],[5.37331,51.68134],[5.37711,51.6788],[5.37659,51.67852],[5.37247,51.68011],[5.36781,51.68079],[5.36701,51.68084],[5.36647,51.68069],[5.35735,51.682],[5.35702,51.68107],[5.35576,51.68129],[5.35331,51.68145],[5.35218,51.68108],[5.35094,51.67714],[5.35596,51.674],[5.35388,51.67314],[5.35461,51.67251],[5.35293,51.67181],[5.35369,51.67107],[5.34396,51.66745],[5.34148,51.66619],[5.34201,51.6653],[5.33888,51.664],[5.32747,51.67337],[5.31906,51.67037],[5.31876,51.67087],[5.30856,51.66906],[5.30322,51.6672],[5.30078,51.66822],[5.29881,51.6673],[5.29425,51.6722],[5.29232,51.67167],[5.29113,51.67195],[5.29192,51.67446],[5.29149,51.67481],[5.28907,51.68053],[5.28859,51.68186],[5.2873,51.68226],[5.2743,51.68367],[5.26563,51.68472],[5.26062,51.68402],[5.25725,51.68404],[5.25381,51.6844],[5.24745,51.68339],[5.23839,51.68453],[5.23427,51.6855],[5.2319,51.68926],[5.22616,51.69003],[5.22682,51.69085],[5.22874,51.69135],[5.24838,51.695],[5.24848,51.6951],[5.24892,51.69713],[5.25157,51.69937],[5.25133,51.69978],[5.24893,51.70124],[5.24817,51.7011],[5.24701,51.70274],[5.24112,51.70103],[5.23899,51.70204],[5.23727,51.70476],[5.23576,51.70465],[5.23621,51.70617],[5.2412,51.71399],[5.22998,51.71057],[5.22931,51.71229],[5.22854,51.71477],[5.23106,51.72402],[5.22752,51.72715],[5.22488,51.72666],[5.22174,51.72939],[5.21935,51.72815],[5.21516,51.73133],[5.21002,51.73395],[5.21053,51.73439],[5.21007,51.73541],[5.21044,51.73548],[5.2095,51.73737],[5.21037,51.73771],[5.20649,51.74148],[5.21185,51.74274],[5.21635,51.74345],[5.22214,51.74339],[5.2311,51.7413],[5.24468,51.73442],[5.24968,51.73358],[5.25547,51.7349],[5.26414,51.73883],[5.26854,51.73965],[5.27572,51.74017],[5.28328,51.73978],[5.29165,51.73726],[5.296,51.73672],[5.30034,51.73729],[5.30436,51.73878],[5.32204,51.74652],[5.35351,51.75548],[5.3559,51.75143],[5.364,51.75151],[5.37429,51.75332],[5.39081,51.75998],[5.41182,51.76217],[5.42323,51.76323],[5.43622,51.76473],[5.43882,51.76503],[5.44403,51.75331]]]]}},{"type":"Feature","properties":{"code":"GM0797","name":"Heusden"},"geometry":{"type":"MultiPolygon","coordinates":[[[[5.1857,51.74192],[5.19552,51.74027],[5.20649,51.74148],[5.21037,51.73771],[5.2095,51.73737],[5.21044,51.73548],[5.21007,51.73541],[5.21053,51.73439],[5.21002,51.73395],[5.21516,51.73133],[5.21935,51.72815],[5.22174,51.72939],[5.22488,51.72666],[5.22752,51.72715],[5.23106,51.72402],[5.22854,51.71477],[5.22931,51.71229],[5.22998,51.71057],[5.2412,51.71399],[5.23621,51.70617],[5.23576,51.70465],[5.23727,51.70476],[5.23899,51.70204],[5.24112,51.70103],[5.24701,51.70274],[5.24817,51.7011],[5.24893,51.70124],[5.25133,51.69978],[5.25157,51.69937],[5.24892,51.69713],[5.24848,51.6951],[5.24838,51.695],[5.22874,51.69135],[5.22682,51.69085],[5.22616,51.69003],[5.22574,51.68386],[5.22323,51.67378],[5.20795,51.67396],[5.20226,51.67061],[5.20478,51.66982],[5.17488,51.66919],[5.1668,51.66905],[5.16177,51.66345],[5.15767,51.66327],[5.15696,51.65776],[5.15445,51.65492],[5.16007,51.63954],[5.14494,51.64051],[5.13771,51.64027],[5.12926,51.63788],[5.12307,51.63819],[5.11588,51.63761],[5.10614,51.63596],[5.10323,51.65226],[5.10163,51.66134],[5.10272,51.66835],[5.10199,51.66984],[5.10231,51.67194],[5.10158,51.67244],[5.10402,51.6749],[5.10151,51.67683],[5.10649,51.67733],[5.10567,51.68388],[5.10488,51.69004],[5.1042,51.69498],[5.10305,51.70248],[5.11151,51.70358],[5.10872,51.70903],[5.10685,51.71086],[5.10542,51.71096],[5.10303,51.71255],[5.1016,51.7132],[5.09853,51.71693],[5.09575,51.71827],[5.09382,51.71861],[5.09316,51.7192],[5.09041,51.71931],[5.08354,51.72091],[5.08176,51.72234],[5.09212,51.72758],[5.10158,51.73122],[5.11814,51.73571],[5.12653,51.73731],[5.12805,51.73761],[5.1635,51.7427],[5.16884,51.74307],[5.17726,51.74292],[5.1857,51.74192]]]]}},{"type":"Feature","properties":{"code":"GM0798","name":"Hilvarenbeek"},"geometry":{"type":"MultiPolygon","coordinates":[[[[5.1188,51.54592],[5.12706,51.53235],[5.1302,51.5303],[5.14497,51.52149],[5.1492,51.52342],[5.15236,51.52108],[5.1635,51.51539],[5.17021,51.51114],[5.17385,51.51049],[5.17658,51.51121],[5.17931,51.5086],[5.18386,51.50875],[5.18425,51.50796],[5.19059,51.50759],[5.1954,51.50973],[5.20371,51.51009],[5.21473,51.51173],[5.22443,51.51715],[5.22653,51.50747],[5.23236,51.50892],[5.23594,51.51391],[5.25125,51.50963],[5.25008,51.508],[5.25097,51.50621],[5.24789,51.50634],[5.24711,51.49888],[5.22844,51.4987],[5.23061,51.49094],[5.22997,51.48973],[5.22615,51.48911],[5.22526,51.48837],[5.22312,51.48157],[5.22043,51.47288],[5.20973,51.46561],[5.19102,51.43022],[5.19102,51.43022],[5.19018,51.43011],[5.18498,51.42876],[5.17815,51.43026],[5.17346,51.42824],[5.17077,51.42973],[5.15855,51.43217],[5.15795,51.42883],[5.15321,51.42835],[5.1525,51.42897],[5.11946,51.42827],[5.10202,51.42892],[5.10457,51.43135],[5.08031,51.46926],[5.07856,51.47144],[5.04974,51.47111],[5.04986,51.47183],[5.04879,51.47191],[5.05158,51.48713],[5.06837,51.48533],[5.06929,51.48684],[5.06272,51.49285],[5.07691,51.5008],[5.073,51.50287],[5.08819,51.5113],[5.09603,51.50991],[5.09844,51.51536],[5.09502,51.51725],[5.10095,51.52052],[5.09875,51.52201],[5.10049,51.52297],[5.09814,51.52495],[5.10506,51.52818],[5.10006,51.53145],[5.10453,51.53384],[5.10565,51.53334],[5.10959,51.53681],[5.10868,51.53723],[5.11064,51.5389],[5.10982,51.53938],[5.11252,51.54002],[5.11366,51.54101],[5.11349,51.54235],[5.1188,51.54592]]]]}},{"type":"Feature","properties":{"code":"GM0809","name":"Loon op Zand"},"geometry":{"type":"MultiPolygon","coordinates":[[[[5.10402,51.6749],[5.10158,51.67244],[5.10231,51.67194],[5.10199,51.66984],[5.10272,51.66835],[5.10163,51.66134],[5.10323,51.65226],[5.10614,51.63596],[5.10137,51.63271],[5.09818,51.62882],[5.09812,51.62824],[5.09985,51.62785],[5.10122,51.62041],[5.10296,51.61691],[5.10132,51.61658],[5.09916,51.61771],[5.096,51.61247],[5.09374,51.61125],[5.07944,51.61078],[5.08018,51.60954],[5.07554,51.60895],[5.07554,51.60577],[5.07402,51.60568],[5.07406,51.60948],[5.07207,51.60832],[5.07151,51.60827],[5.07098,51.60863],[5.07059,51.61029],[5.06177,51.60935],[5.06025,51.61078],[5.04501,51.6111],[5.04402,51.60736],[5.04204,51.60614],[5.00449,51.60789],[5.00242,51.61303],[4.98936,51.64869],[4.98934,51.64879],[4.98727,51.65461],[4.98865,51.66072],[4.99225,51.67625],[5.01853,51.6697],[5.01852,51.66966],[5.02127,51.66897],[5.02915,51.66698],[5.04373,51.66312],[5.04529,51.66269],[5.04524,51.66313],[5.04725,51.66325],[5.04736,51.66208],[5.04918,51.66162],[5.05323,51.66165],[5.05382,51.66166],[5.0584,51.66173],[5.05874,51.66383],[5.05868,51.66534],[5.05797,51.66832],[5.06101,51.66829],[5.06062,51.67111],[5.06732,51.67098],[5.07017,51.67084],[5.07204,51.67076],[5.08026,51.67139],[5.08974,51.67475],[5.095,51.67458],[5.10151,51.67683],[5.10402,51.6749]]]]}},{"type":"Feature","properties":{"code":"GM0820","name":"Nuenen, Gerwen en Nederwetten"},"geometry":{"type":"MultiPolygon","coordinates":[[[[5.54791,51.53808],[5.55438,51.51899],[5.55765,51.50937],[5.56655,51.50167],[5.57673,51.49945],[5.57015,51.49694],[5.58044,51.48533],[5.58578,51.47931],[5.59611,51.4749],[5.60353,51.47259],[5.6052,51.47099],[5.59284,51.46712],[5.58297,51.46555],[5.58465,51.46414],[5.58781,51.46347],[5.58471,51.46051],[5.579,51.45508],[5.57117,51.44773],[5.56616,51.44148],[5.54878,51.43471],[5.54868,51.43468],[5.54885,51.4345],[5.54678,51.43367],[5.54589,51.43658],[5.54438,51.43721],[5.54356,51.43871],[5.54392,51.4396],[5.54263,51.43998],[5.54266,51.43924],[5.54126,51.43972],[5.54071,51.44051],[5.54132,51.44046],[5.5414,51.44104],[5.53851,51.44354],[5.53941,51.44457],[5.53852,51.44561],[5.54015,51.44797],[5.53908,51.44845],[5.53883,51.44944],[5.53447,51.45157],[5.53159,51.45554],[5.53169,51.45562],[5.53253,51.45721],[5.531,51.45725],[5.52984,51.4587],[5.52492,51.45949],[5.52187,51.46109],[5.52107,51.46102],[5.52095,51.46155],[5.51827,51.46263],[5.51811,51.46295],[5.51898,51.46291],[5.51758,51.46435],[5.51693,51.46424],[5.51589,51.46513],[5.51494,51.46498],[5.51439,51.46556],[5.51412,51.46652],[5.51287,51.4666],[5.51158,51.4675],[5.50904,51.46943],[5.51011,51.46987],[5.5081,51.47117],[5.50809,51.47446],[5.50835,51.47555],[5.50875,51.47706],[5.50794,51.47857],[5.50956,51.47924],[5.50602,51.4823],[5.50552,51.48356],[5.5066,51.48376],[5.50815,51.48542],[5.50841,51.48768],[5.51057,51.48735],[5.51246,51.48956],[5.51249,51.49103],[5.51555,51.49334],[5.51339,51.49548],[5.51332,51.49625],[5.51142,51.49692],[5.51024,51.49729],[5.50979,51.49859],[5.51494,51.49998],[5.5186,51.502],[5.52398,51.50195],[5.52612,51.50145],[5.52597,51.50229],[5.52783,51.50232],[5.53162,51.50556],[5.53279,51.50521],[5.53867,51.5076],[5.54227,51.51063],[5.54627,51.5127],[5.54436,51.51568],[5.54176,51.51807],[5.54067,51.52066],[5.54563,51.51995],[5.54403,51.52176],[5.54475,51.52354],[5.54316,51.52363],[5.54019,51.52601],[5.53681,51.52601],[5.53673,51.52505],[5.53086,51.52505],[5.54744,51.53773],[5.54791,51.53808]]]]}},{"type":"Feature","properties":{"code":"GM0823","name":"Oirschot"},"geometry":{"type":"MultiPolygon","coordinates":[[[[5.29899,51.54785],[5.30839,51.54598],[5.32494,51.55121],[5.33313,51.55111],[5.33719,51.5464],[5.34393,51.54447],[5.35085,51.54424],[5.35691,51.54472],[5.36859,51.53149],[5.36562,51.52998],[5.35546,51.5289],[5.35373,51.52608],[5.35357,51.5238],[5.3539,51.52119],[5.35151,51.51801],[5.34949,51.51717],[5.35089,51.51213],[5.35075,51.50755],[5.35132,51.50605],[5.35261,51.50599],[5.35332,51.5018],[5.35518,51.49916],[5.35557,51.49693],[5.35589,51.49611],[5.36461,51.49145],[5.37502,51.48905],[5.38601,51.4867],[5.38974,51.48752],[5.39003,51.48581],[5.39102,51.48555],[5.39104,51.48504],[5.39052,51.48515],[5.39119,51.47176],[5.39082,51.47133],[5.39068,51.47064],[5.38957,51.4706],[5.38711,51.46927],[5.38754,51.46821],[5.38468,51.46766],[5.37915,51.46384],[5.36945,51.46532],[5.35839,51.46702],[5.356,51.46231],[5.33382,51.46854],[5.33473,51.46587],[5.33263,51.46542],[5.3346,51.46293],[5.3316,51.46283],[5.33051,51.46384],[5.32804,51.46423],[5.32584,51.46379],[5.3259,51.46288],[5.3242,51.46272],[5.32102,51.46116],[5.31508,51.46137],[5.3031,51.45915],[5.30318,51.45859],[5.29807,51.45463],[5.29723,51.45314],[5.2945,51.45528],[5.28502,51.45411],[5.28225,51.45225],[5.27925,51.45022],[5.27102,51.44903],[5.26466,51.44893],[5.26044,51.44824],[5.25887,51.44712],[5.24902,51.44572],[5.2484,51.44563],[5.24882,51.44308],[5.25248,51.43794],[5.23906,51.43367],[5.2376,51.43071],[5.2377,51.42856],[5.2327,51.42686],[5.22928,51.42545],[5.22374,51.4251],[5.22314,51.42792],[5.21954,51.42892],[5.21748,51.4305],[5.21577,51.43418],[5.20994,51.43417],[5.20922,51.4365],[5.20668,51.4347],[5.19542,51.43078],[5.19102,51.43022],[5.20973,51.46561],[5.22043,51.47288],[5.22312,51.48157],[5.22526,51.48837],[5.22615,51.48911],[5.22997,51.48973],[5.23061,51.49094],[5.22844,51.4987],[5.24711,51.49888],[5.24789,51.50634],[5.25097,51.50621],[5.25008,51.508],[5.25125,51.50963],[5.23594,51.51391],[5.23236,51.50892],[5.22653,51.50747],[5.22443,51.51715],[5.23084,51.52094],[5.23479,51.53099],[5.24401,51.52575],[5.24949,51.53164],[5.25333,51.54033],[5.2613,51.54069],[5.26986,51.54621],[5.27688,51.54486],[5.27749,51.54874],[5.27193,51.54981],[5.27327,51.55282],[5.29899,51.54785]]]]}},{"type":"Feature","properties":{"code":"GM0824","name":"Oisterwijk"},"geometry":{"type":"MultiPolygon","coordinates":[[[[5.264,51.61823],[5.26882,51.61254],[5.26924,51.60961],[5.27522,51.60784],[5.27874,51.60479],[5.27566,51.60441],[5.26881,51.60097],[5.2622,51.59935],[5.25545,51.59347],[5.24794,51.5898],[5.24724,51.58704],[5.24721,51.58678],[5.24618,51.57948],[5.26145,51.56113],[5.26441,51.55797],[5.2689,51.55373],[5.27327,51.55282],[5.27193,51.54981],[5.27749,51.54874],[5.27688,51.54486],[5.26986,51.54621],[5.2613,51.54069],[5.25333,51.54033],[5.24949,51.53164],[5.24401,51.52575],[5.23479,51.53099],[5.23084,51.52094],[5.22443,51.51715],[5.21473,51.51173],[5.20371,51.51009],[5.1954,51.50973],[5.19059,51.50759],[5.18425,51.50796],[5.18386,51.50875],[5.17931,51.5086],[5.17658,51.51121],[5.17385,51.51049],[5.17021,51.51114],[5.1635,51.51539],[5.15236,51.52108],[5.1492,51.52342],[5.14497,51.52149],[5.1302,51.5303],[5.13545,51.53358],[5.13366,51.535],[5.14188,51.54209],[5.13869,51.54596],[5.14382,51.54623],[5.14747,51.54681],[5.14784,51.54712],[5.14116,51.54953],[5.13912,51.5507],[5.13757,51.55208],[5.13787,51.55909],[5.13914,51.56132],[5.13784,51.5632],[5.14268,51.57037],[5.14496,51.57388],[5.14552,51.57451],[5.14749,51.57557],[5.14716,51.5768],[5.14877,51.57771],[5.15076,51.5801],[5.15964,51.58556],[5.16144,51.58667],[5.1703,51.59224],[5.17954,51.59766],[5.18688,51.60175],[5.18895,51.60357],[5.20203,51.61148],[5.21071,51.61559],[5.22239,51.62184],[5.22201,51.61975],[5.22395,51.61831],[5.22411,51.61644],[5.22593,51.61596],[5.22819,51.61589],[5.23694,51.61814],[5.23759,51.61897],[5.23992,51.61882],[5.24198,51.61792],[5.24237,51.61799],[5.24437,51.61855],[5.24667,51.62083],[5.24617,51.62265],[5.2555,51.62493],[5.26042,51.6211],[5.264,51.61823]]]]}},{"type":"Feature","properties":{"code":"GM0826","name":"Oosterhout"},"geometry":{"type":"MultiPolygon","coordinates":[[[[4.86265,51.67707],[4.8662,51.67611],[4.87125,51.67582],[4.87202,51.67517],[4.87579,51.67473],[4.87655,51.67333],[4.87971,51.67204],[4.88023,51.67184],[4.8805,51.67421],[4.89683,51.67477],[4.89872,51.67418],[4.90693,51.67494],[4.90655,51.67595],[4.91283,51.67659],[4.91378,51.67505],[4.91752,51.67526],[4.92503,51.67301],[4.92677,51.66909],[4.93094,51.6671],[4.93313,51.65988],[4.933,51.65889],[4.93441,51.65725],[4.93246,51.65582],[4.93291,51.65158],[4.93282,51.6507],[4.93035,51.64954],[4.93011,51.64795],[4.92928,51.64853],[4.9292,51.64687],[4.92895,51.64667],[4.91319,51.63402],[4.91115,51.63125],[4.91003,51.62946],[4.91054,51.62743],[4.91212,51.62683],[4.91182,51.62637],[4.90502,51.62453],[4.90428,51.62433],[4.91555,51.62243],[4.91356,51.61964],[4.91226,51.61949],[4.9099,51.61833],[4.91133,51.61806],[4.91117,51.61616],[4.91188,51.6154],[4.91744,51.60854],[4.9185,51.60137],[4.91615,51.60081],[4.91627,51.60002],[4.91377,51.59971],[4.91311,51.6004],[4.91163,51.60007],[4.91379,51.59809],[4.89992,51.59268],[4.8999,51.59267],[4.89024,51.58904],[4.88962,51.58881],[4.86897,51.581],[4.86917,51.57844],[4.86424,51.57909],[4.8544,51.57937],[4.84573,51.58345],[4.84262,51.58583],[4.84202,51.59603],[4.84137,51.59626],[4.83472,51.59735],[4.83407,51.59741],[4.8398,51.60168],[4.83989,51.60246],[4.84355,51.60388],[4.83908,51.60893],[4.84268,51.61699],[4.82804,51.62458],[4.82604,51.62698],[4.82378,51.6277],[4.82187,51.62727],[4.82126,51.62956],[4.82003,51.63062],[4.81827,51.63162],[4.81184,51.63291],[4.80697,51.63261],[4.78891,51.63442],[4.78751,51.63705],[4.79649,51.64119],[4.7943,51.64174],[4.78108,51.66389],[4.79679,51.66952],[4.8012,51.67021],[4.80683,51.67127],[4.81695,51.67365],[4.82179,51.67474],[4.82735,51.67696],[4.82856,51.67644],[4.84237,51.67965],[4.84268,51.67973],[4.84226,51.68286],[4.84339,51.68602],[4.84621,51.68449],[4.85106,51.68396],[4.85662,51.68167],[4.85658,51.68024],[4.86068,51.67871],[4.86265,51.67707]]]]}},{"type":"Feature","properties":{"code":"GM0828","name":"Oss"},"geometry":{"type":"MultiPolygon","coordinates":[[[[5.53563,51.81657],[5.54093,51.81631],[5.54528,51.81743],[5.54863,51.8198],[5.55126,51.82413],[5.55215,51.82497],[5.55482,51.82656],[5.55816,51.82753],[5.56788,51.82778],[5.57679,51.82815],[5.58885,51.8297],[5.59798,51.82805],[5.60623,51.8253],[5.61781,51.82006],[5.62216,51.81921],[5.6259,51.81923],[5.63521,51.81954],[5.6413,51.81789],[5.64422,51.81604],[5.64657,51.81303],[5.6499,51.80614],[5.65391,51.80115],[5.65749,51.79803],[5.66335,51.79453],[5.66841,51.79292],[5.6741,51.79245],[5.68579,51.79119],[5.69372,51.78774],[5.6965,51.78547],[5.70231,51.77814],[5.70598,51.77625],[5.71123,51.77503],[5.70105,51.76875],[5.69604,51.76134],[5.69086,51.75913],[5.6861,51.75927],[5.68014,51.76135],[5.67628,51.76477],[5.67473,51.76801],[5.67226,51.76562],[5.66996,51.7626],[5.66769,51.75381],[5.66722,51.75226],[5.66351,51.75433],[5.66026,51.7557],[5.65255,51.76199],[5.64873,51.76427],[5.64542,51.76289],[5.63377,51.76083],[5.63577,51.75832],[5.62673,51.75694],[5.62434,51.75652],[5.62049,51.756],[5.61722,51.7552],[5.61505,51.75616],[5.61247,51.75477],[5.60203,51.75168],[5.59732,51.7506],[5.59661,51.74741],[5.57638,51.74489],[5.57748,51.73576],[5.57992,51.73294],[5.58222,51.73275],[5.58088,51.73145],[5.57601,51.73153],[5.57376,51.73106],[5.57013,51.73103],[5.56017,51.73256],[5.55392,51.7348],[5.54329,51.73846],[5.53392,51.7406],[5.52914,51.74044],[5.51028,51.73808],[5.50994,51.73734],[5.50955,51.73728],[5.50947,51.73726],[5.50899,51.73718],[5.50873,51.73793],[5.50771,51.73782],[5.50461,51.73668],[5.499,51.73548],[5.49531,51.73468],[5.47872,51.73022],[5.47424,51.72896],[5.46319,51.72587],[5.46259,51.7282],[5.46007,51.73071],[5.4579,51.72996],[5.45645,51.73137],[5.45471,51.73287],[5.45314,51.73239],[5.45193,51.734],[5.45417,51.73546],[5.45191,51.7376],[5.45054,51.73938],[5.4514,51.73968],[5.45131,51.7398],[5.44742,51.74531],[5.44352,51.75105],[5.44403,51.75331],[5.43882,51.76503],[5.43622,51.76473],[5.42323,51.76323],[5.41182,51.76217],[5.39081,51.75998],[5.37429,51.75332],[5.364,51.75151],[5.3559,51.75143],[5.35351,51.75548],[5.35757,51.75789],[5.35993,51.76059],[5.36043,51.76868],[5.36254,51.77946],[5.36904,51.78982],[5.37019,51.7911],[5.3756,51.79616],[5.38349,51.80463],[5.39441,51.81272],[5.39838,51.81716],[5.40005,51.81942],[5.40171,51.82089],[5.40606,51.82242],[5.41041,51.82255],[5.41488,51.82129],[5.41827,51.81856],[5.42229,51.81456],[5.42925,51.81137],[5.4394,51.80971],[5.44955,51.80968],[5.46448,51.81119],[5.46749,51.8118],[5.47421,51.81464],[5.47693,51.81718],[5.47835,51.82005],[5.47967,51.82437],[5.48184,51.82707],[5.48585,51.82941],[5.49019,51.83051],[5.49601,51.8306],[5.50325,51.82876],[5.50808,51.82614],[5.51421,51.82074],[5.51773,51.81928],[5.52788,51.81848],[5.53563,51.81657]]]]}},{"type":"Feature","properties":{"code":"GM0840","name":"Rucphen"},"geometry":{"type":"MultiPolygon","coordinates":[[[[4.53662,51.56578],[4.5309,51.55989],[4.52869,51.55549],[4.52807,51.552],[4.53036,51.54926],[4.53348,51.54927],[4.54242,51.55109],[4.54508,51.55165],[4.54464,51.55295],[4.54537,51.55391],[4.54644,51.55365],[4.54731,51.55236],[4.55049,51.55271],[4.56684,51.55596],[4.56802,51.5562],[4.58201,51.55905],[4.58175,51.56027],[4.58288,51.56042],[4.5849,51.55963],[4.59176,51.56103],[4.59186,51.5609],[4.592,51.56025],[4.59682,51.56002],[4.60166,51.55869],[4.60657,51.55602],[4.60814,51.55424],[4.61011,51.5536],[4.611,51.55434],[4.61579,51.55318],[4.6248,51.55239],[4.62581,51.54741],[4.62702,51.54808],[4.62878,51.54663],[4.63008,51.54716],[4.63178,51.54388],[4.63278,51.54425],[4.63529,51.54235],[4.63608,51.54319],[4.63787,51.54233],[4.64011,51.54342],[4.63872,51.52441],[4.63106,51.52331],[4.62766,51.52247],[4.62499,51.52109],[4.6264,51.51892],[4.62151,51.51744],[4.62162,51.51626],[4.6194,51.51617],[4.62054,51.51074],[4.6182,51.51067],[4.6182,51.50962],[4.61709,51.50971],[4.61638,51.50809],[4.61502,51.50895],[4.61078,51.50834],[4.57957,51.51071],[4.58973,51.49674],[4.58371,51.49576],[4.57918,51.49341],[4.57618,51.49254],[4.57398,51.48847],[4.57581,51.48814],[4.5723,51.48267],[4.5561,51.48563],[4.54816,51.47331],[4.53818,51.4824],[4.48668,51.47735],[4.48541,51.48162],[4.49286,51.48329],[4.49031,51.48699],[4.49789,51.50143],[4.4981,51.50181],[4.49665,51.5083],[4.49852,51.50986],[4.50218,51.51672],[4.50269,51.51675],[4.51433,51.5179],[4.51356,51.5216],[4.51595,51.52152],[4.51765,51.52539],[4.51966,51.5254],[4.52014,51.52656],[4.51958,51.52708],[4.52119,51.52895],[4.52042,51.52899],[4.52197,51.53178],[4.52141,51.53309],[4.52319,51.54256],[4.51579,51.543],[4.51583,51.54209],[4.51444,51.5419],[4.51131,51.54398],[4.50679,51.54363],[4.49883,51.54479],[4.49879,51.5457],[4.49747,51.54627],[4.49808,51.54994],[4.5002,51.55854],[4.50163,51.56327],[4.50415,51.56299],[4.50496,51.56603],[4.50871,51.56555],[4.50945,51.56856],[4.53662,51.56578]]]]}},{"type":"Feature","properties":{"code":"GM0845","name":"Sint-Michielsgestel"},"geometry":{"type":"MultiPolygon","coordinates":[[[[5.4396,51.69865],[5.44335,51.69762],[5.44135,51.69466],[5.446,51.6953],[5.4474,51.69502],[5.44517,51.68858],[5.45168,51.68675],[5.45272,51.68847],[5.45687,51.68759],[5.4486,51.66946],[5.44563,51.66642],[5.44504,51.66428],[5.43941,51.66487],[5.43261,51.66418],[5.43159,51.66319],[5.43166,51.66089],[5.42842,51.65647],[5.42353,51.65385],[5.42339,51.65378],[5.42248,51.654],[5.42223,51.65359],[5.41464,51.6557],[5.41509,51.65408],[5.41142,51.65446],[5.41126,51.65397],[5.41347,51.65375],[5.41262,51.65278],[5.41108,51.65269],[5.41098,51.65155],[5.41256,51.65099],[5.4123,51.6503],[5.40606,51.65021],[5.40596,51.64831],[5.40195,51.64794],[5.40004,51.64657],[5.39615,51.64532],[5.39537,51.64617],[5.38982,51.64563],[5.38516,51.64642],[5.38419,51.64591],[5.3801,51.64636],[5.37911,51.64735],[5.3781,51.64664],[5.3799,51.64571],[5.37907,51.64555],[5.37959,51.64415],[5.37717,51.64354],[5.37624,51.64463],[5.37544,51.64445],[5.37603,51.64333],[5.37187,51.64193],[5.3753,51.63999],[5.37789,51.63949],[5.3794,51.63993],[5.38009,51.63919],[5.38319,51.63845],[5.37869,51.63867],[5.37319,51.63704],[5.37136,51.63723],[5.37117,51.633],[5.375,51.63369],[5.38328,51.6316],[5.38321,51.62849],[5.38408,51.62839],[5.38358,51.62771],[5.38724,51.62593],[5.38445,51.62547],[5.38385,51.62409],[5.38589,51.62345],[5.38451,51.62336],[5.38592,51.62091],[5.38896,51.62129],[5.38861,51.61773],[5.39101,51.61655],[5.39052,51.61433],[5.39241,51.61236],[5.39072,51.61178],[5.39486,51.60584],[5.39042,51.60542],[5.38053,51.6029],[5.37834,51.60255],[5.37414,51.60173],[5.36314,51.60178],[5.35293,51.60069],[5.35098,51.60397],[5.34587,51.60274],[5.34283,51.60022],[5.34138,51.60147],[5.34083,51.60435],[5.33596,51.60309],[5.33213,51.61114],[5.33486,51.61364],[5.33905,51.61386],[5.34318,51.61687],[5.34381,51.62297],[5.3384,51.62213],[5.31773,51.63463],[5.32042,51.63565],[5.32119,51.63696],[5.31956,51.63849],[5.31867,51.64205],[5.3197,51.64549],[5.31915,51.64997],[5.31688,51.65224],[5.31451,51.65247],[5.31257,51.65395],[5.31174,51.65813],[5.30619,51.66111],[5.3038,51.66399],[5.30397,51.66555],[5.30895,51.66794],[5.31906,51.67037],[5.32747,51.67337],[5.33888,51.664],[5.34201,51.6653],[5.34148,51.66619],[5.34396,51.66745],[5.35369,51.67107],[5.35293,51.67181],[5.35461,51.67251],[5.35388,51.67314],[5.35596,51.674],[5.35094,51.67714],[5.35218,51.68108],[5.35331,51.68145],[5.35576,51.68129],[5.35702,51.68107],[5.35735,51.682],[5.36647,51.68069],[5.36701,51.68084],[5.36781,51.68079],[5.37247,51.68011],[5.37659,51.67852],[5.37711,51.6788],[5.37331,51.68134],[5.36986,51.68434],[5.36563,51.68886],[5.35927,51.69868],[5.36071,51.69877],[5.36246,51.6985],[5.36622,51.69697],[5.368,51.69709],[5.37154,51.69797],[5.37312,51.69974],[5.37568,51.70028],[5.38571,51.70098],[5.39771,51.69849],[5.40607,51.69908],[5.42981,51.70148],[5.43933,51.70043],[5.4396,51.69865]]]]}},{"type":"Feature","properties":{"code":"GM0847","name":"Someren"},"geometry":{"type":"MultiPolygon","coordinates":[[[[5.73939,51.37468],[5.74022,51.36979],[5.74546,51.37111],[5.77045,51.3338],[5.76009,51.33184],[5.74706,51.32936],[5.74105,51.32821],[5.71436,51.32315],[5.70173,51.32074],[5.67211,51.31509],[5.67079,51.31623],[5.67197,51.32368],[5.67012,51.32562],[5.66677,51.32672],[5.66612,51.32827],[5.65951,51.34313],[5.65471,51.35388],[5.65365,51.35625],[5.63894,51.38912],[5.63892,51.38917],[5.639,51.39797],[5.63787,51.40671],[5.63901,51.42246],[5.63904,51.42254],[5.64408,51.44085],[5.64612,51.44142],[5.64824,51.44152],[5.65328,51.44659],[5.65647,51.45656],[5.669,51.45685],[5.67224,51.45771],[5.68213,51.44938],[5.68972,51.44298],[5.69398,51.43924],[5.69998,51.42215],[5.7005,51.42071],[5.70072,51.41855],[5.70288,51.41254],[5.70385,51.41107],[5.70742,51.40816],[5.7229,51.39885],[5.72304,51.39843],[5.73372,51.39187],[5.73634,51.38937],[5.7384,51.38056],[5.73939,51.37468]]]]}},{"type":"Feature","properties":{"code":"GM0848","name":"Son en Breugel"},"geometry":{"type":"MultiPolygon","coordinates":[[[[5.48794,51.54136],[5.48881,51.53328],[5.49345,51.52669],[5.49425,51.52721],[5.49645,51.52705],[5.49827,51.52853],[5.5019,51.52744],[5.50186,51.52673],[5.50257,51.52729],[5.50372,51.5265],[5.50334,51.52579],[5.49992,51.5252],[5.50011,51.52138],[5.50545,51.52167],[5.50656,51.52304],[5.50834,51.52383],[5.50893,51.52269],[5.51303,51.5243],[5.51455,51.52325],[5.51978,51.52246],[5.52106,51.5229],[5.5216,51.52245],[5.52261,51.52343],[5.52505,51.52187],[5.53086,51.52505],[5.53673,51.52505],[5.53681,51.52601],[5.54019,51.52601],[5.54316,51.52363],[5.54475,51.52354],[5.54403,51.52176],[5.54563,51.51995],[5.54067,51.52066],[5.54176,51.51807],[5.54436,51.51568],[5.54627,51.5127],[5.54227,51.51063],[5.53867,51.5076],[5.53279,51.50521],[5.53162,51.50556],[5.52783,51.50232],[5.52597,51.50229],[5.52612,51.50145],[5.52398,51.50195],[5.5186,51.502],[5.51494,51.49998],[5.50979,51.49859],[5.51024,51.49729],[5.51142,51.49692],[5.49638,51.49678],[5.49621,51.49678],[5.47914,51.49661],[5.47645,51.49707],[5.47213,51.49574],[5.46874,51.49579],[5.46825,51.49684],[5.46389,51.49698],[5.4513,51.49546],[5.44978,51.49525],[5.44257,51.49393],[5.4407,51.49606],[5.44751,51.51207],[5.43337,51.5244],[5.42658,51.53128],[5.4275,51.53167],[5.42643,51.53273],[5.42546,51.53241],[5.42384,51.53405],[5.42983,51.53497],[5.43157,51.53335],[5.43442,51.53433],[5.43741,51.53397],[5.45701,51.53801],[5.46828,51.54065],[5.48275,51.54157],[5.48714,51.54185],[5.48794,51.54136]]]]}},{"type":"Feature","properties":{"code":"GM0851","name":"Steenbergen"},"geometry":{"type":"MultiPolygon","coordinates":[[[[4.37121,51.65621],[4.3759,51.6519],[4.3764,51.65193],[4.38077,51.65058],[4.38667,51.64618],[4.39244,51.64481],[4.39717,51.64305],[4.3999,51.63881],[4.40911,51.63272],[4.41349,51.63116],[4.42121,51.63082],[4.42386,51.63027],[4.425,51.62947],[4.42882,51.62327],[4.43783,51.61712],[4.4357,51.61517],[4.43377,51.61594],[4.43193,51.61391],[4.43246,51.61289],[4.43155,51.61085],[4.42667,51.61174],[4.42802,51.60541],[4.42934,51.59388],[4.42992,51.59025],[4.43293,51.5828],[4.444,51.5691],[4.44195,51.56739],[4.44108,51.55849],[4.43838,51.55639],[4.42903,51.5557],[4.4282,51.5536],[4.42688,51.55238],[4.41147,51.5516],[4.37809,51.54431],[4.3736,51.544],[4.36158,51.54591],[4.31798,51.55122],[4.29716,51.55366],[4.29623,51.55386],[4.29781,51.55591],[4.29817,51.55895],[4.27313,51.56444],[4.26839,51.56485],[4.26727,51.56494],[4.2675,51.56631],[4.26762,51.56801],[4.25203,51.57066],[4.24298,51.56298],[4.24294,51.55913],[4.23973,51.55092],[4.23612,51.55037],[4.23559,51.55272],[4.23244,51.55905],[4.22812,51.56372],[4.19889,51.58598],[4.19572,51.58898],[4.19223,51.5939],[4.19082,51.59738],[4.19016,51.60095],[4.19057,51.60606],[4.19169,51.60934],[4.19766,51.61805],[4.20502,51.62356],[4.21447,51.62766],[4.22782,51.63102],[4.23732,51.63401],[4.24042,51.63321],[4.23828,51.63249],[4.24097,51.63205],[4.25292,51.63233],[4.25325,51.63077],[4.25869,51.63147],[4.25927,51.63314],[4.26441,51.63592],[4.27158,51.63794],[4.27443,51.63815],[4.2762,51.63728],[4.28243,51.63981],[4.29019,51.64052],[4.2929,51.64139],[4.29218,51.63891],[4.29532,51.63896],[4.29494,51.64201],[4.29566,51.64235],[4.2988,51.64188],[4.30928,51.64527],[4.31745,51.64628],[4.33212,51.64474],[4.33712,51.6452],[4.35027,51.64812],[4.36106,51.65247],[4.36877,51.65714],[4.37121,51.65621]]]]}},{"type":"Feature","properties":{"code":"GM0852","name":"Waterland"},"geometry":{"type":"MultiPolygon","coordinates":[[[[4.99796,52.49473],[5.02461,52.48493],[5.02552,52.48514],[5.03062,52.48706],[5.03105,52.48848],[5.03391,52.48857],[5.03408,52.48833],[5.03878,52.48834],[5.05909,52.49096],[5.05864,52.48552],[5.05948,52.48561],[5.05906,52.4818],[5.06057,52.47671],[5.06765,52.4723],[5.06909,52.47071],[5.06847,52.46877],[5.0619,52.4677],[5.05784,52.46793],[5.05107,52.46933],[5.04883,52.46846],[5.04157,52.46589],[5.04142,52.4655],[5.03972,52.46557],[5.03912,52.46498],[5.03876,52.46503],[5.03883,52.46578],[5.03865,52.46579],[5.03866,52.46613],[5.03821,52.4662],[5.03822,52.46628],[5.0336,52.46739],[5.03341,52.46597],[5.03331,52.46481],[5.0341,52.4644],[5.03852,52.464],[5.03875,52.46342],[5.03836,52.46323],[5.03771,52.46345],[5.03645,52.46317],[5.0388,52.46046],[5.03987,52.46085],[5.04044,52.46014],[5.04167,52.46014],[5.04065,52.45904],[5.04088,52.45818],[5.04229,52.45778],[5.04346,52.45759],[5.04607,52.46118],[5.04926,52.46277],[5.05403,52.46208],[5.05525,52.46088],[5.0498,52.45551],[5.04846,52.4551],[5.04818,52.45388],[5.04816,52.45057],[5.04773,52.44838],[5.04822,52.44767],[5.04912,52.44733],[5.0503,52.445],[5.04795,52.44225],[5.04942,52.43936],[5.05749,52.43913],[5.06383,52.43733],[5.06484,52.43734],[5.06566,52.43858],[5.0672,52.4389],[5.0717,52.43773],[5.07806,52.43656],[5.08693,52.43702],[5.08719,52.43506],[5.08885,52.43484],[5.093,52.44012],[5.09439,52.44854],[5.093,52.45037],[5.09264,52.45166],[5.09469,52.45415],[5.09878,52.45727],[5.09925,52.45824],[5.09907,52.45841],[5.09914,52.45855],[5.09951,52.45829],[5.09923,52.45761],[5.09904,52.4574],[5.10016,52.45706],[5.10069,52.45791],[5.10054,52.45795],[5.10063,52.45808],[5.10078,52.45804],[5.10096,52.45832],[5.10132,52.4589],[5.10079,52.459],[5.10043,52.45842],[5.09927,52.45866],[5.09928,52.45878],[5.10001,52.4587],[5.10153,52.46205],[5.10052,52.46417],[5.10272,52.46671],[5.10493,52.46728],[5.10634,52.46755],[5.11176,52.46398],[5.11364,52.46179],[5.1201,52.46179],[5.13208,52.4631],[5.13474,52.46288],[5.13652,52.4624],[5.13728,52.46184],[5.13757,52.46125],[5.13733,52.46066],[5.13759,52.46039],[5.13877,52.45991],[5.13931,52.45991],[5.13938,52.45969],[5.13885,52.45962],[5.13886,52.45955],[5.13929,52.4595],[5.13927,52.45944],[5.13871,52.45949],[5.13829,52.45998],[5.137,52.46034],[5.13342,52.45982],[5.12431,52.45707],[5.12192,52.45564],[5.11108,52.45405],[5.10618,52.45019],[5.09912,52.45027],[5.09494,52.44845],[5.09387,52.44101],[5.09192,52.43737],[5.08676,52.43209],[5.08635,52.43229],[5.08821,52.43423],[5.08592,52.43505],[5.0817,52.43106],[5.08085,52.4307],[5.07943,52.43074],[5.07998,52.43029],[5.07978,52.43003],[5.07891,52.43016],[5.07661,52.42893],[5.07632,52.42857],[5.07622,52.42817],[5.07703,52.42783],[5.07697,52.4276],[5.07683,52.42697],[5.07668,52.42699],[5.07667,52.42765],[5.07544,52.42784],[5.07563,52.42858],[5.07488,52.42872],[5.07432,52.42786],[5.07465,52.42776],[5.07421,52.42712],[5.07671,52.42668],[5.07618,52.42643],[5.07584,52.42634],[5.07518,52.42625],[5.07429,52.42495],[5.07438,52.42451],[5.07544,52.4243],[5.07536,52.42417],[5.07406,52.42442],[5.07305,52.42395],[5.07326,52.42058],[5.06826,52.41656],[5.06541,52.41724],[5.04918,52.41513],[5.04011,52.41731],[5.03524,52.41825],[5.03293,52.41646],[5.03004,52.41564],[5.02973,52.41771],[5.02836,52.41942],[5.02114,52.42105],[5.0182,52.41906],[5.00029,52.42541],[4.99558,52.42547],[4.99049,52.42543],[4.9904,52.42452],[4.9891,52.42331],[4.9871,52.42284],[4.98264,52.42676],[4.97624,52.42403],[4.97332,52.4228],[4.956,52.42196],[4.95578,52.42243],[4.95356,52.42226],[4.95233,52.42352],[4.95134,52.42323],[4.95172,52.42251],[4.95148,52.42193],[4.94968,52.42198],[4.94881,52.42146],[4.94779,52.42156],[4.95069,52.4236],[4.95086,52.43714],[4.94879,52.44797],[4.948,52.45239],[4.95068,52.45822],[4.94688,52.46888],[4.94717,52.47906],[4.94832,52.48401],[4.9539,52.48296],[4.95362,52.47569],[4.95804,52.47123],[4.97401,52.4704],[4.97649,52.47274],[4.99516,52.49187],[4.99796,52.49473]]]]}},{"type":"Feature","properties":{"code":"GM0855","name":"Tilburg"},"geometry":{"type":"MultiPolygon","coordinates":[[[[5.17897,51.64166],[5.17958,51.63989],[5.18401,51.64068],[5.19182,51.63948],[5.19199,51.63809],[5.19129,51.63689],[5.19223,51.63445],[5.19298,51.63426],[5.19366,51.63061],[5.19588,51.62798],[5.20122,51.62396],[5.20277,51.62262],[5.20788,51.6204],[5.20781,51.6202],[5.21071,51.61559],[5.20203,51.61148],[5.18895,51.60357],[5.18688,51.60175],[5.17954,51.59766],[5.1703,51.59224],[5.16144,51.58667],[5.15964,51.58556],[5.15076,51.5801],[5.14877,51.57771],[5.14716,51.5768],[5.14749,51.57557],[5.14552,51.57451],[5.14496,51.57388],[5.14268,51.57037],[5.13784,51.5632],[5.13914,51.56132],[5.13787,51.55909],[5.13757,51.55208],[5.13912,51.5507],[5.14116,51.54953],[5.14784,51.54712],[5.14747,51.54681],[5.14382,51.54623],[5.13869,51.54596],[5.14188,51.54209],[5.13366,51.535],[5.13545,51.53358],[5.1302,51.5303],[5.12706,51.53235],[5.1188,51.54592],[5.11349,51.54235],[5.11366,51.54101],[5.11252,51.54002],[5.10982,51.53938],[5.1061,51.53743],[5.10282,51.53604],[5.09647,51.53497],[5.08548,51.53559],[5.08346,51.53582],[5.07383,51.53672],[5.07353,51.53674],[5.06468,51.53743],[5.06291,51.53784],[5.06188,51.53771],[5.06032,51.53787],[5.05546,51.53608],[5.05171,51.53506],[5.05277,51.53242],[5.05227,51.52976],[5.05078,51.52995],[5.04482,51.53064],[5.04436,51.53083],[5.03272,51.53017],[5.0305,51.52951],[5.02752,51.53344],[5.0225,51.53846],[5.0205,51.53895],[5.00157,51.53749],[4.99341,51.53841],[4.98763,51.54002],[4.97546,51.54013],[4.97666,51.54242],[4.97956,51.5442],[4.97845,51.54481],[4.96924,51.54899],[4.96413,51.54991],[4.95348,51.55053],[4.95298,51.55341],[4.95118,51.55805],[4.95114,51.56092],[4.95437,51.56225],[4.96418,51.56524],[4.96695,51.56731],[4.96657,51.56783],[4.96783,51.56872],[4.9681,51.56932],[4.96899,51.5713],[4.96678,51.57366],[4.9692,51.57727],[4.97027,51.57722],[4.97234,51.58515],[4.9734,51.59207],[4.97286,51.59731],[4.96777,51.59769],[4.96874,51.60206],[4.96784,51.60286],[4.96116,51.60618],[4.94881,51.61038],[4.94785,51.61117],[4.95025,51.61239],[4.95027,51.61241],[4.95293,51.61472],[4.95786,51.61376],[4.96078,51.61349],[4.96532,51.61294],[4.97755,51.60909],[4.98236,51.60867],[4.98351,51.60736],[4.99154,51.60792],[5.00449,51.60789],[5.04204,51.60614],[5.04402,51.60736],[5.04501,51.6111],[5.06025,51.61078],[5.06177,51.60935],[5.07059,51.61029],[5.07098,51.60863],[5.07151,51.60827],[5.07207,51.60832],[5.07406,51.60948],[5.07402,51.60568],[5.07554,51.60577],[5.07554,51.60895],[5.08018,51.60954],[5.07944,51.61078],[5.09374,51.61125],[5.096,51.61247],[5.09916,51.61771],[5.10132,51.61658],[5.10296,51.61691],[5.10122,51.62041],[5.09985,51.62785],[5.09812,51.62824],[5.09818,51.62882],[5.10137,51.63271],[5.10614,51.63596],[5.11588,51.63761],[5.12307,51.63819],[5.12926,51.63788],[5.13771,51.64027],[5.14494,51.64051],[5.16007,51.63954],[5.17206,51.6389],[5.17839,51.63968],[5.17793,51.64162],[5.17897,51.64166]]]]}},{"type":"Feature","properties":{"code":"GM0858","name":"Valkenswaard"},"geometry":{"type":"MultiPolygon","coordinates":[[[[5.51642,51.37834],[5.52718,51.36694],[5.49414,51.35549],[5.49383,51.35404],[5.49429,51.35329],[5.49667,51.35265],[5.49603,51.34651],[5.48165,51.34071],[5.47813,51.33838],[5.4736,51.33398],[5.47602,51.33122],[5.47717,51.32752],[5.48293,51.32134],[5.48905,51.31837],[5.49009,51.31668],[5.49137,51.31422],[5.49068,51.3103],[5.48919,51.30647],[5.48573,51.30243],[5.48486,51.3],[5.48301,51.30016],[5.47423,51.29021],[5.46483,51.28456],[5.44178,51.28211],[5.44061,51.27859],[5.43837,51.27603],[5.4333,51.27633],[5.41741,51.26229],[5.4038,51.27347],[5.4009,51.27446],[5.39801,51.27767],[5.3878,51.28524],[5.3972,51.29062],[5.39403,51.29321],[5.39399,51.30151],[5.39546,51.30601],[5.39476,51.30635],[5.39446,51.30899],[5.39767,51.31432],[5.40072,51.3135],[5.41078,51.31998],[5.41286,51.32052],[5.41365,51.31865],[5.41649,51.31939],[5.41985,51.31802],[5.42393,51.31251],[5.4258,51.31199],[5.43392,51.32432],[5.42429,51.33076],[5.42303,51.33258],[5.42282,51.33627],[5.4214,51.34069],[5.42249,51.34232],[5.42498,51.34437],[5.42518,51.34537],[5.42282,51.34822],[5.42353,51.35224],[5.42155,51.35419],[5.42086,51.35693],[5.4197,51.35925],[5.42015,51.36361],[5.41988,51.3651],[5.42098,51.3693],[5.41887,51.37181],[5.42153,51.37439],[5.42321,51.37487],[5.42316,51.37439],[5.4245,51.37407],[5.4249,51.37262],[5.42683,51.37262],[5.42707,51.3718],[5.42938,51.371],[5.42905,51.37021],[5.43127,51.36997],[5.43196,51.36913],[5.43541,51.36813],[5.4363,51.36624],[5.43922,51.36625],[5.44188,51.36748],[5.44523,51.36815],[5.45016,51.36831],[5.46106,51.36947],[5.49187,51.37405],[5.49648,51.37314],[5.5018,51.37416],[5.50848,51.37277],[5.51642,51.37834]]]]}},{"type":"Feature","properties":{"code":"GM0861","name":"Veldhoven"},"geometry":{"type":"MultiPolygon","coordinates":[[[[5.37913,51.43661],[5.37969,51.43509],[5.38737,51.4378],[5.38922,51.43764],[5.39114,51.43652],[5.3938,51.43458],[5.39634,51.43392],[5.39765,51.43364],[5.40079,51.43297],[5.40492,51.43713],[5.40744,51.43601],[5.409,51.43446],[5.4107,51.43506],[5.41207,51.43134],[5.41463,51.43017],[5.41674,51.43172],[5.41717,51.43149],[5.41994,51.43285],[5.42428,51.43153],[5.42633,51.43041],[5.42791,51.42217],[5.42781,51.42186],[5.42737,51.41701],[5.42942,51.41156],[5.42985,51.40618],[5.42865,51.40521],[5.42538,51.40442],[5.42728,51.40265],[5.42385,51.39965],[5.42436,51.39912],[5.42341,51.39872],[5.42398,51.39838],[5.42209,51.39674],[5.42219,51.39508],[5.42303,51.39497],[5.4216,51.39287],[5.41963,51.39221],[5.42017,51.39186],[5.4178,51.39018],[5.41825,51.38974],[5.41757,51.38909],[5.41834,51.38909],[5.41777,51.38795],[5.4194,51.38722],[5.42006,51.38621],[5.42074,51.38629],[5.42023,51.38562],[5.42111,51.38573],[5.42032,51.38503],[5.42165,51.38447],[5.4218,51.38341],[5.41784,51.38209],[5.41348,51.3839],[5.41027,51.38125],[5.40981,51.3801],[5.40841,51.37982],[5.39651,51.38082],[5.39589,51.37933],[5.39315,51.37748],[5.39086,51.37759],[5.38891,51.37646],[5.37403,51.38857],[5.37248,51.39225],[5.37228,51.39274],[5.37069,51.39805],[5.36762,51.40007],[5.35438,51.40877],[5.33514,51.4074],[5.33159,51.40629],[5.32366,51.40619],[5.32179,51.40869],[5.31715,51.41491],[5.31589,51.41891],[5.31609,51.41941],[5.32,51.41993],[5.31937,51.4238],[5.33984,51.42556],[5.34337,51.42744],[5.34237,51.43107],[5.34553,51.43092],[5.34625,51.42896],[5.35286,51.43283],[5.35579,51.43411],[5.35692,51.4382],[5.36225,51.43606],[5.36223,51.43546],[5.3669,51.43621],[5.36682,51.43745],[5.3678,51.43837],[5.37125,51.43891],[5.3732,51.43761],[5.37913,51.43661]]]]}},{"type":"Feature","properties":{"code":"GM0865","name":"Vught"},"geometry":{"type":"MultiPolygon","coordinates":[[[[5.23839,51.68453],[5.24745,51.68339],[5.25381,51.6844],[5.25725,51.68404],[5.26062,51.68402],[5.26563,51.68472],[5.2743,51.68367],[5.2873,51.68226],[5.28859,51.68186],[5.28907,51.68053],[5.29149,51.67481],[5.29192,51.67446],[5.29113,51.67195],[5.29232,51.67167],[5.29425,51.6722],[5.29881,51.6673],[5.30078,51.66822],[5.30322,51.6672],[5.30856,51.66906],[5.31876,51.67087],[5.31906,51.67037],[5.30895,51.66794],[5.30397,51.66555],[5.3038,51.66399],[5.30619,51.66111],[5.31174,51.65813],[5.31257,51.65395],[5.31451,51.65247],[5.31688,51.65224],[5.31915,51.64997],[5.3197,51.64549],[5.31867,51.64205],[5.31956,51.63849],[5.32119,51.63696],[5.32042,51.63565],[5.31773,51.63463],[5.31095,51.63367],[5.30827,51.63303],[5.30618,51.6299],[5.30681,51.62783],[5.30433,51.62492],[5.29965,51.62571],[5.29758,51.6251],[5.29507,51.62289],[5.29467,51.62133],[5.29092,51.62133],[5.28552,51.62293],[5.28172,51.62253],[5.28057,51.62225],[5.27978,51.62016],[5.27772,51.61918],[5.27834,51.6183],[5.27583,51.61576],[5.27143,51.61546],[5.2708,51.61444],[5.27173,51.61284],[5.26882,51.61254],[5.264,51.61823],[5.26042,51.6211],[5.2555,51.62493],[5.24617,51.62265],[5.24667,51.62083],[5.24437,51.61855],[5.24237,51.61799],[5.24198,51.61792],[5.23992,51.61882],[5.23759,51.61897],[5.23694,51.61814],[5.22819,51.61589],[5.22593,51.61596],[5.22411,51.61644],[5.22395,51.61831],[5.22201,51.61975],[5.22239,51.62184],[5.21071,51.61559],[5.20781,51.6202],[5.20788,51.6204],[5.20277,51.62262],[5.20122,51.62396],[5.19588,51.62798],[5.19366,51.63061],[5.19298,51.63426],[5.19223,51.63445],[5.19129,51.63689],[5.19199,51.63809],[5.19182,51.63948],[5.18401,51.64068],[5.17958,51.63989],[5.17897,51.64166],[5.17793,51.64162],[5.17839,51.63968],[5.17206,51.6389],[5.16007,51.63954],[5.15445,51.65492],[5.15696,51.65776],[5.15767,51.66327],[5.16177,51.66345],[5.1668,51.66905],[5.17488,51.66919],[5.20478,51.66982],[5.20226,51.67061],[5.20795,51.67396],[5.22323,51.67378],[5.22574,51.68386],[5.22616,51.69003],[5.2319,51.68926],[5.23427,51.6855],[5.23839,51.68453]]]]}},{"type":"Feature","properties":{"code":"GM0866","name":"Waalre"},"geometry":{"type":"MultiPolygon","coordinates":[[[[5.46932,51.40535],[5.4771,51.40488],[5.48007,51.40474],[5.48037,51.40469],[5.48231,51.40465],[5.49005,51.40445],[5.49985,51.40386],[5.50362,51.40152],[5.50464,51.40011],[5.50487,51.40015],[5.512,51.38381],[5.51642,51.37834],[5.50848,51.37277],[5.5018,51.37416],[5.49648,51.37314],[5.49187,51.37405],[5.46106,51.36947],[5.45016,51.36831],[5.44523,51.36815],[5.44188,51.36748],[5.43922,51.36625],[5.4363,51.36624],[5.43541,51.36813],[5.43196,51.36913],[5.43127,51.36997],[5.42905,51.37021],[5.42938,51.371],[5.42707,51.3718],[5.42683,51.37262],[5.4249,51.37262],[5.4245,51.37407],[5.42316,51.37439],[5.42321,51.37487],[5.42424,51.37655],[5.42383,51.3776],[5.42485,51.37919],[5.42555,51.37924],[5.42408,51.38029],[5.4218,51.38341],[5.42165,51.38447],[5.42032,51.38503],[5.42111,51.38573],[5.42023,51.38562],[5.42074,51.38629],[5.42006,51.38621],[5.4194,51.38722],[5.41777,51.38795],[5.41834,51.38909],[5.41757,51.38909],[5.41825,51.38974],[5.4178,51.39018],[5.42017,51.39186],[5.41963,51.39221],[5.4216,51.39287],[5.42303,51.39497],[5.42219,51.39508],[5.42209,51.39674],[5.42398,51.39838],[5.42341,51.39872],[5.42436,51.39912],[5.42385,51.39965],[5.42728,51.40265],[5.4299,51.40281],[5.43096,51.40264],[5.43119,51.40206],[5.43535,51.40336],[5.43575,51.40419],[5.43619,51.40498],[5.45351,51.40529],[5.4618,51.40496],[5.46198,51.40495],[5.46932,51.40535]]]]}},{"type":"Feature","properties":{"code":"GM0867","name":"Waalwijk"},"geometry":{"type":"MultiPolygon","coordinates":[[[[5.02765,51.71106],[5.04176,51.71088],[5.05363,51.71182],[5.06246,51.71384],[5.0691,51.71628],[5.07506,51.71888],[5.08176,51.72234],[5.08354,51.72091],[5.09041,51.71931],[5.09316,51.7192],[5.09382,51.71861],[5.09575,51.71827],[5.09853,51.71693],[5.1016,51.7132],[5.10303,51.71255],[5.10542,51.71096],[5.10685,51.71086],[5.10872,51.70903],[5.11151,51.70358],[5.10305,51.70248],[5.1042,51.69498],[5.10488,51.69004],[5.10567,51.68388],[5.10649,51.67733],[5.10151,51.67683],[5.095,51.67458],[5.08974,51.67475],[5.08026,51.67139],[5.07204,51.67076],[5.07017,51.67084],[5.06732,51.67098],[5.06062,51.67111],[5.06101,51.66829],[5.05797,51.66832],[5.05868,51.66534],[5.05874,51.66383],[5.0584,51.66173],[5.05382,51.66166],[5.05323,51.66165],[5.04918,51.66162],[5.04736,51.66208],[5.04725,51.66325],[5.04524,51.66313],[5.04529,51.66269],[5.04373,51.66312],[5.02915,51.66698],[5.02127,51.66897],[5.01852,51.66966],[5.01853,51.6697],[4.99225,51.67625],[4.98865,51.66072],[4.98727,51.65461],[4.97687,51.6536],[4.9579,51.65153],[4.95785,51.65734],[4.95838,51.65736],[4.95835,51.65759],[4.95784,51.65755],[4.95777,51.65966],[4.95644,51.66402],[4.95373,51.67077],[4.94751,51.67694],[4.94581,51.67707],[4.94514,51.67797],[4.94435,51.67834],[4.94425,51.67889],[4.94358,51.67892],[4.93317,51.67675],[4.93076,51.68351],[4.93036,51.68428],[4.92911,51.68814],[4.92696,51.69426],[4.92101,51.71141],[4.91799,51.71996],[4.92142,51.72044],[4.93595,51.72243],[4.94556,51.72304],[4.95848,51.72263],[4.96999,51.7211],[4.98864,51.71687],[5.00945,51.71282],[5.02765,51.71106]]]]}},{"type":"Feature","properties":{"code":"GM0873","name":"Woensdrecht"},"geometry":{"type":"MultiPolygon","coordinates":[[[[4.2991,51.4668],[4.29951,51.46602],[4.29956,51.46639],[4.30145,51.46662],[4.30392,51.46664],[4.30418,51.46582],[4.30736,51.46622],[4.30847,51.46541],[4.31117,51.46017],[4.31224,51.46013],[4.32001,51.46059],[4.32248,51.4603],[4.32419,51.46141],[4.32422,51.46229],[4.32796,51.46424],[4.33651,51.4598],[4.34018,51.46255],[4.34431,51.46059],[4.35977,51.45791],[4.36697,51.45672],[4.38341,51.45511],[4.39108,51.45149],[4.38484,51.44932],[4.38271,51.45023],[4.38149,51.44832],[4.37981,51.44776],[4.37933,51.44679],[4.38664,51.44524],[4.39203,51.44638],[4.39653,51.44215],[4.39705,51.44091],[4.39548,51.43977],[4.39541,51.43551],[4.39882,51.43524],[4.3972,51.4316],[4.39251,51.43251],[4.39231,51.43146],[4.3946,51.43152],[4.39423,51.42972],[4.3952,51.4269],[4.39133,51.42735],[4.39053,51.42427],[4.38972,51.42446],[4.38366,51.42108],[4.39151,51.40833],[4.39161,51.40817],[4.43169,51.37505],[4.42508,51.37129],[4.42775,51.36968],[4.42982,51.36737],[4.43135,51.36385],[4.42185,51.36523],[4.4074,51.36008],[4.39739,51.3565],[4.3891,51.35525],[4.38454,51.35435],[4.38404,51.35523],[4.37876,51.35492],[4.3698,51.3567],[4.36824,51.3561],[4.36653,51.35731],[4.35096,51.35826],[4.35089,51.35868],[4.34135,51.35756],[4.33729,51.36964],[4.33516,51.37565],[4.33451,51.37764],[4.27742,51.37604],[4.27456,51.38166],[4.2737,51.38315],[4.26838,51.38355],[4.26635,51.38654],[4.26863,51.38813],[4.26906,51.40035],[4.26373,51.41645],[4.26645,51.41998],[4.27585,51.42505],[4.26543,51.43968],[4.26827,51.44026],[4.28317,51.43967],[4.28713,51.44397],[4.29025,51.44518],[4.29373,51.44538],[4.29508,51.44882],[4.29746,51.45011],[4.29766,51.45834],[4.29768,51.46622],[4.2991,51.4668]]]]}},{"type":"Feature","properties":{"code":"GM0879","name":"Zundert"},"geometry":{"type":"MultiPolygon","coordinates":[[[[4.72249,51.53516],[4.72508,51.53292],[4.7255,51.5331],[4.72817,51.53366],[4.72886,51.53484],[4.73001,51.53519],[4.7302,51.53642],[4.73203,51.53634],[4.73562,51.53369],[4.7388,51.53227],[4.73973,51.53211],[4.74146,51.53286],[4.7418,51.5311],[4.74012,51.52786],[4.74113,51.52631],[4.74323,51.52539],[4.74398,51.51876],[4.74348,51.51091],[4.74216,51.50563],[4.73565,51.49175],[4.734,51.48555],[4.72915,51.48391],[4.72475,51.47878],[4.7206,51.47346],[4.71599,51.47107],[4.7169,51.46886],[4.70325,51.46697],[4.70275,51.46608],[4.70406,51.46547],[4.69935,51.46086],[4.69931,51.45997],[4.6931,51.45173],[4.68644,51.45127],[4.66662,51.44424],[4.66969,51.42636],[4.66447,51.42616],[4.65642,51.42499],[4.65172,51.42689],[4.64665,51.4234],[4.64129,51.42201],[4.63747,51.42302],[4.63394,51.42508],[4.63009,51.42592],[4.59705,51.43012],[4.58825,51.43136],[4.58249,51.43138],[4.58222,51.43193],[4.57473,51.43285],[4.53541,51.42303],[4.5299,51.44952],[4.54816,51.47331],[4.5561,51.48563],[4.5723,51.48267],[4.57581,51.48814],[4.57398,51.48847],[4.57618,51.49254],[4.57918,51.49341],[4.58371,51.49576],[4.58973,51.49674],[4.57957,51.51071],[4.61078,51.50834],[4.61502,51.50895],[4.61638,51.50809],[4.61709,51.50971],[4.6182,51.50962],[4.6182,51.51067],[4.62054,51.51074],[4.6194,51.51617],[4.62162,51.51626],[4.62151,51.51744],[4.6264,51.51892],[4.62499,51.52109],[4.62766,51.52247],[4.63106,51.52331],[4.63872,51.52441],[4.63816,51.51721],[4.64306,51.51815],[4.65093,51.52129],[4.65238,51.52193],[4.65422,51.52415],[4.66042,51.52639],[4.68108,51.5407],[4.68708,51.5426],[4.69419,51.54485],[4.704,51.5498],[4.72842,51.53688],[4.72249,51.53516]]]]}},{"type":"Feature","properties":{"code":"GM0880","name":"Wormerland"},"geometry":{"type":"MultiPolygon","coordinates":[[[[4.83402,52.53887],[4.83534,52.53735],[4.83749,52.53062],[4.8433,52.52679],[4.8498,52.52504],[4.85938,52.52503],[4.86772,52.52215],[4.87469,52.52004],[4.8935,52.51761],[4.90195,52.51784],[4.90952,52.51701],[4.9226,52.51141],[4.92853,52.51081],[4.93435,52.51164],[4.9347,52.51035],[4.92925,52.50741],[4.92512,52.50553],[4.92558,52.5054],[4.92648,52.50428],[4.92621,52.50018],[4.92399,52.49688],[4.92379,52.49316],[4.92065,52.49043],[4.91613,52.48655],[4.90822,52.4831],[4.90647,52.47983],[4.89563,52.47823],[4.89053,52.47896],[4.88244,52.4748],[4.86723,52.47058],[4.86259,52.4685],[4.8525,52.47037],[4.84648,52.47072],[4.84268,52.47197],[4.84237,52.47213],[4.84213,52.47233],[4.84154,52.47302],[4.83755,52.47709],[4.83692,52.47988],[4.82755,52.4809],[4.81684,52.48256],[4.81515,52.48304],[4.81461,52.48322],[4.814,52.48353],[4.81387,52.48347],[4.81236,52.48397],[4.81157,52.48575],[4.79884,52.49111],[4.79364,52.49088],[4.79236,52.49113],[4.79159,52.49214],[4.79335,52.49395],[4.79508,52.49622],[4.79462,52.50041],[4.794,52.50329],[4.79334,52.507],[4.78975,52.50943],[4.78876,52.51111],[4.78986,52.51924],[4.79244,52.51973],[4.79828,52.52436],[4.80471,52.52536],[4.81163,52.53019],[4.82019,52.53123],[4.82441,52.53381],[4.81699,52.53565],[4.81903,52.53873],[4.82099,52.53825],[4.82438,52.5426],[4.82803,52.54167],[4.83391,52.53896],[4.83402,52.53887]]]]}},{"type":"Feature","properties":{"code":"GM0882","name":"Landgraaf"},"geometry":{"type":"MultiPolygon","coordinates":[[[[6.04415,50.92945],[6.04558,50.92808],[6.05087,50.92991],[6.05616,50.92715],[6.05572,50.92615],[6.05402,50.92225],[6.06182,50.92124],[6.06297,50.92203],[6.06818,50.92065],[6.07177,50.92313],[6.07526,50.92275],[6.08213,50.92154],[6.08943,50.91852],[6.09016,50.91957],[6.09372,50.92123],[6.09415,50.9207],[6.09215,50.91751],[6.08893,50.91592],[6.08674,50.91391],[6.08604,50.91202],[6.08153,50.90941],[6.07981,50.90577],[6.0758,50.90534],[6.06382,50.90366],[6.06402,50.90232],[6.05935,50.90121],[6.05873,50.90245],[6.05633,50.90184],[6.05662,50.90011],[6.05588,50.89993],[6.04869,50.89941],[6.04555,50.89997],[6.0429,50.90041],[6.04268,50.89879],[6.04349,50.89761],[6.0422,50.89518],[6.0422,50.89513],[6.04244,50.89282],[6.0409,50.8929],[6.04042,50.89207],[6.04552,50.88989],[6.04287,50.88715],[6.04041,50.88824],[6.03705,50.88632],[6.03403,50.88058],[6.0348,50.87917],[6.03295,50.87661],[6.03114,50.87159],[6.02736,50.87161],[6.0214,50.87156],[6.0207,50.87121],[6.02024,50.87155],[6.01714,50.87047],[6.01586,50.87022],[6.01509,50.87351],[6.01048,50.87689],[6.00987,50.87784],[6.00956,50.87843],[6.00908,50.88405],[6.00794,50.88578],[6.00298,50.88948],[5.99948,50.89147],[5.9985,50.8918],[5.99862,50.89291],[5.99661,50.89252],[5.99481,50.89557],[5.99474,50.89849],[5.99474,50.89851],[5.99462,50.90245],[5.9945,50.90351],[5.99337,50.90364],[5.9937,50.90441],[5.99329,50.90462],[5.99297,50.90468],[5.99304,50.90484],[5.9916,50.90506],[5.99238,50.90613],[5.99063,50.90619],[5.99133,50.90702],[5.99327,50.91008],[6.0061,50.91868],[6.01238,50.92627],[6.01169,50.92644],[6.01221,50.92695],[6.01236,50.9271],[6.01614,50.93081],[6.0182,50.9347],[6.03844,50.93089],[6.04415,50.92945]]]]}},{"type":"Feature","properties":{"code":"GM0888","name":"Beek (L.)"},"geometry":{"type":"MultiPolygon","coordinates":[[[[5.83238,50.94735],[5.83782,50.9464],[5.83861,50.9466],[5.83989,50.95019],[5.84434,50.94666],[5.84846,50.94471],[5.85308,50.94645],[5.85381,50.94648],[5.85496,50.94608],[5.85693,50.944],[5.85649,50.94332],[5.85554,50.93601],[5.85076,50.92849],[5.84723,50.92577],[5.84159,50.91984],[5.83396,50.92002],[5.83131,50.91918],[5.83156,50.91718],[5.82662,50.91659],[5.80171,50.91413],[5.80073,50.9146],[5.79216,50.91048],[5.78244,50.91338],[5.78119,50.91208],[5.77893,50.91096],[5.77659,50.91163],[5.77468,50.91128],[5.76594,50.90457],[5.75876,50.89861],[5.75552,50.89957],[5.75615,50.90011],[5.75484,50.90059],[5.75509,50.90086],[5.75989,50.90796],[5.76475,50.91378],[5.76918,50.91704],[5.77113,50.91932],[5.77363,50.92338],[5.77382,50.92556],[5.7723,50.92724],[5.77247,50.92854],[5.77506,50.93115],[5.77792,50.93269],[5.77723,50.93301],[5.77855,50.93382],[5.77767,50.93418],[5.77853,50.9365],[5.77923,50.93924],[5.7826,50.94181],[5.7832,50.94263],[5.78348,50.94259],[5.78373,50.943],[5.77917,50.94382],[5.77934,50.94439],[5.77995,50.94534],[5.78332,50.94604],[5.78811,50.94861],[5.7882,50.94806],[5.79336,50.9519],[5.80213,50.94741],[5.80371,50.94838],[5.81111,50.95449],[5.81251,50.95483],[5.82781,50.94891],[5.83238,50.94735]]]]}},{"type":"Feature","properties":{"code":"GM0889","name":"Beesel"},"geometry":{"type":"MultiPolygon","coordinates":[[[[6.08722,51.29511],[6.09171,51.29494],[6.09277,51.29539],[6.0933,51.29544],[6.10315,51.2887],[6.10701,51.29147],[6.11446,51.28918],[6.12006,51.28511],[6.12476,51.27755],[6.1245,51.27475],[6.0948,51.25402],[6.08562,51.24763],[6.07266,51.24256],[6.06273,51.24644],[6.06047,51.24791],[6.05482,51.25162],[6.05133,51.25253],[6.04326,51.24712],[6.03836,51.2461],[6.03221,51.24694],[6.02758,51.24555],[6.02551,51.24736],[6.01973,51.2497],[6.02017,51.25041],[6.016,51.25091],[6.01666,51.25296],[6.01433,51.25535],[6.00784,51.25725],[6.00588,51.25868],[6.00576,51.26229],[6.00735,51.26436],[6.00961,51.26576],[6.01177,51.26638],[6.02066,51.26587],[6.02628,51.2669],[6.0282,51.26806],[6.02935,51.27098],[6.02935,51.27098],[6.03053,51.27403],[6.04162,51.28186],[6.04226,51.28238],[6.04937,51.28707],[6.05842,51.29025],[6.05888,51.28967],[6.06328,51.2887],[6.06682,51.28888],[6.06997,51.29143],[6.07089,51.29368],[6.08472,51.29745],[6.08722,51.29511]]]]}},{"type":"Feature","properties":{"code":"GM0893","name":"Bergen (L.)"},"geometry":{"type":"MultiPolygon","coordinates":[[[[6.03664,51.67276],[6.07238,51.66384],[6.07567,51.6648],[6.07864,51.6634],[6.07966,51.66346],[6.07899,51.66195],[6.07954,51.66159],[6.08319,51.66185],[6.08534,51.66291],[6.08654,51.66254],[6.08732,51.66027],[6.08831,51.65986],[6.09503,51.6597],[6.09965,51.65812],[6.10196,51.66061],[6.11689,51.65653],[6.11809,51.65597],[6.11577,51.65323],[6.11697,51.65059],[6.11634,51.65017],[6.11262,51.64846],[6.10941,51.64687],[6.11168,51.64473],[6.10804,51.64193],[6.09953,51.62353],[6.09723,51.62088],[6.09393,51.62215],[6.09435,51.6152],[6.09142,51.60585],[6.11708,51.59385],[6.11928,51.59367],[6.12149,51.59274],[6.13056,51.58109],[6.14698,51.57059],[6.15703,51.56657],[6.16138,51.56044],[6.1769,51.53855],[6.18867,51.53348],[6.19993,51.52738],[6.20774,51.51905],[6.21202,51.51339],[6.21336,51.50782],[6.20404,51.50431],[6.18836,51.50508],[6.16919,51.50308],[6.16664,51.50786],[6.16167,51.51188],[6.15778,51.51362],[6.1463,51.51688],[6.14109,51.51952],[6.1312,51.52585],[6.11968,51.53184],[6.11606,51.53729],[6.11463,51.54205],[6.11382,51.54433],[6.11191,51.54625],[6.10833,51.54761],[6.10459,51.54822],[6.08072,51.54694],[6.07376,51.54924],[6.06213,51.55587],[6.05651,51.55758],[6.04812,51.55846],[6.04145,51.56365],[6.03787,51.56941],[6.03782,51.57411],[6.03941,51.57913],[6.03972,51.58162],[6.03866,51.58413],[6.03348,51.58961],[6.03072,51.59152],[6.02628,51.59558],[6.02378,51.60303],[6.02385,51.61612],[6.02266,51.61885],[6.01998,51.62192],[6.00447,51.63178],[5.99602,51.63687],[5.98212,51.64252],[5.97661,51.64378],[6.00152,51.65525],[6.00201,51.65457],[6.00684,51.65603],[6.01423,51.66033],[6.01537,51.66224],[6.02467,51.66007],[6.03176,51.66305],[6.02428,51.66982],[6.03009,51.67466],[6.03194,51.67616],[6.03326,51.67612],[6.03467,51.67515],[6.03428,51.67468],[6.03154,51.67458],[6.03235,51.67405],[6.03503,51.67392],[6.03664,51.67276]]]]}},{"type":"Feature","properties":{"code":"GM0899","name":"Brunssum"},"geometry":{"type":"MultiPolygon","coordinates":[[[[5.96908,50.96104],[5.9723,50.95927],[5.97369,50.95936],[5.97401,50.95859],[5.97404,50.95834],[5.9782,50.95994],[5.98012,50.96068],[5.98882,50.95942],[5.99226,50.95892],[5.99925,50.95783],[6.00605,50.95754],[6.0052,50.95678],[6.01685,50.95264],[6.01508,50.94788],[6.01585,50.94462],[6.0182,50.9347],[6.01614,50.93081],[6.01236,50.9271],[6.01221,50.92695],[6.01169,50.92644],[5.97563,50.92899],[5.97521,50.92891],[5.97472,50.92879],[5.9715,50.93085],[5.96605,50.93242],[5.96396,50.93371],[5.96233,50.93402],[5.95489,50.93384],[5.95411,50.93355],[5.95424,50.93296],[5.95207,50.93254],[5.94605,50.92976],[5.94548,50.92837],[5.94292,50.92766],[5.9431,50.92739],[5.94186,50.92709],[5.93717,50.92958],[5.93622,50.93019],[5.93265,50.93251],[5.93011,50.93427],[5.93009,50.9343],[5.92976,50.93477],[5.92847,50.93661],[5.93441,50.93864],[5.93142,50.94157],[5.93603,50.94632],[5.94086,50.9479],[5.94218,50.94886],[5.94229,50.94901],[5.94263,50.94949],[5.9438,50.94915],[5.9496,50.95114],[5.94932,50.95155],[5.95265,50.9525],[5.9525,50.95278],[5.95839,50.95667],[5.96275,50.95874],[5.96536,50.96092],[5.96583,50.9623],[5.96999,50.9625],[5.97068,50.96214],[5.96908,50.96104]]]]}},{"type":"Feature","properties":{"code":"GM0907","name":"Gennep"},"geometry":{"type":"MultiPolygon","coordinates":[[[[5.95229,51.74268],[5.95515,51.73812],[5.95686,51.73865],[5.95917,51.73829],[5.96111,51.73878],[5.96874,51.73855],[5.97336,51.7393],[5.97566,51.7391],[5.98025,51.73877],[5.98549,51.73927],[5.9942,51.73831],[6.0069,51.73271],[6.02896,51.72575],[6.03226,51.72382],[6.03294,51.72148],[6.03503,51.72123],[6.03482,51.71998],[6.03542,51.71777],[6.03839,51.71811],[6.03788,51.71993],[6.04494,51.71691],[6.04201,51.71334],[6.03775,51.71367],[6.03772,51.71274],[6.0322,51.71318],[6.02839,51.71179],[6.02816,51.71079],[6.02665,51.70979],[6.02605,51.70869],[6.02706,51.70715],[6.02684,51.70435],[6.02812,51.70244],[6.02776,51.70055],[6.03063,51.69835],[6.03178,51.69253],[6.03028,51.69013],[6.02825,51.68961],[6.03213,51.68489],[6.03229,51.68392],[6.03036,51.68295],[6.02982,51.6781],[6.03194,51.67616],[6.03009,51.67466],[6.02428,51.66982],[6.03176,51.66305],[6.02467,51.66007],[6.01537,51.66224],[6.01423,51.66033],[6.00684,51.65603],[6.00201,51.65457],[6.00152,51.65525],[5.97661,51.64378],[5.97213,51.64577],[5.96747,51.64928],[5.96485,51.65273],[5.96348,51.65732],[5.96345,51.66299],[5.96414,51.6675],[5.96459,51.67557],[5.96339,51.68166],[5.96189,51.68586],[5.96139,51.6871],[5.96139,51.6871],[5.95638,51.69963],[5.95625,51.70661],[5.95542,51.70913],[5.95183,51.7117],[5.94675,51.71343],[5.93378,51.71614],[5.91947,51.71767],[5.92132,51.72182],[5.9295,51.72816],[5.93371,51.73316],[5.93352,51.73649],[5.93449,51.7397],[5.9383,51.74159],[5.94396,51.74182],[5.95195,51.74437],[5.95329,51.74802],[5.95229,51.74268]]]]}},{"type":"Feature","properties":{"code":"GM0917","name":"Heerlen"},"geometry":{"type":"MultiPolygon","coordinates":[[[[5.93717,50.92958],[5.94186,50.92709],[5.9431,50.92739],[5.94292,50.92766],[5.94548,50.92837],[5.94605,50.92976],[5.95207,50.93254],[5.95424,50.93296],[5.95411,50.93355],[5.95489,50.93384],[5.96233,50.93402],[5.96396,50.93371],[5.96605,50.93242],[5.9715,50.93085],[5.97472,50.92879],[5.97521,50.92891],[5.97563,50.92899],[6.01169,50.92644],[6.01238,50.92627],[6.0061,50.91868],[5.99327,50.91008],[5.99133,50.90702],[5.99063,50.90619],[5.99238,50.90613],[5.9916,50.90506],[5.99304,50.90484],[5.99297,50.90468],[5.99329,50.90462],[5.9937,50.90441],[5.99337,50.90364],[5.9945,50.90351],[5.99462,50.90245],[5.99474,50.89851],[5.99474,50.89849],[5.99481,50.89557],[5.99661,50.89252],[5.99862,50.89291],[5.9985,50.8918],[5.99948,50.89147],[6.00298,50.88948],[6.00794,50.88578],[6.00908,50.88405],[6.00956,50.87843],[6.00987,50.87784],[6.01048,50.87689],[6.01509,50.87351],[6.01586,50.87022],[6.01714,50.87047],[6.01739,50.86977],[6.01799,50.87005],[6.01831,50.86968],[6.01878,50.86983],[6.02031,50.86879],[6.01554,50.86627],[6.01102,50.86392],[6.00698,50.8608],[6.00817,50.85942],[6.00267,50.85849],[6.00057,50.85773],[6.01078,50.84755],[6.01202,50.84612],[6.01574,50.84381],[6.01796,50.8438],[6.01594,50.8388],[6.01843,50.8373],[6.01744,50.83569],[6.01631,50.83388],[6.01868,50.82977],[6.02527,50.82782],[6.02274,50.8266],[6.02443,50.82276],[6.02638,50.82012],[6.02372,50.8184],[6.02204,50.82016],[6.02063,50.81974],[6.01747,50.82168],[6.01575,50.82381],[6.01661,50.82433],[6.01601,50.82532],[6.01703,50.8257],[6.01521,50.82727],[6.01146,50.83076],[6.00749,50.83178],[6.00408,50.83142],[6.00302,50.83202],[6.00505,50.83391],[6.00535,50.83555],[6.00413,50.83768],[5.99783,50.84122],[5.99171,50.84365],[5.98952,50.84417],[5.97925,50.84927],[5.97334,50.8547],[5.96936,50.86008],[5.96874,50.86093],[5.9616,50.86957],[5.95403,50.8765],[5.95263,50.87788],[5.9464,50.88421],[5.93897,50.89027],[5.92418,50.90484],[5.9234,50.90441],[5.92351,50.90557],[5.9163,50.90996],[5.90438,50.91365],[5.90825,50.91546],[5.90414,50.91728],[5.89958,50.91682],[5.89576,50.91897],[5.8955,50.92013],[5.89822,50.92331],[5.90074,50.92298],[5.90114,50.92509],[5.90298,50.92542],[5.90551,50.92756],[5.91022,50.92699],[5.91315,50.92806],[5.92021,50.93171],[5.91895,50.93323],[5.92823,50.93654],[5.92847,50.93661],[5.92976,50.93477],[5.93009,50.9343],[5.93011,50.93427],[5.93265,50.93251],[5.93622,50.93019],[5.93717,50.92958]]]]}},{"type":"Feature","properties":{"code":"GM0928","name":"Kerkrade"},"geometry":{"type":"MultiPolygon","coordinates":[[[[6.07991,50.90292],[6.07803,50.9003],[6.07655,50.89463],[6.07518,50.89295],[6.07561,50.89253],[6.07624,50.89147],[6.07542,50.89052],[6.07638,50.88896],[6.07759,50.88752],[6.078,50.88804],[6.07934,50.88672],[6.07834,50.88487],[6.07964,50.88368],[6.07964,50.88223],[6.08031,50.8827],[6.08132,50.88216],[6.08261,50.88247],[6.0823,50.88163],[6.08633,50.87988],[6.08721,50.87847],[6.08507,50.87637],[6.0881,50.87243],[6.08627,50.87157],[6.08664,50.86961],[6.08476,50.86679],[6.0834,50.86484],[6.08103,50.86454],[6.08104,50.86256],[6.07747,50.86096],[6.07702,50.85967],[6.07609,50.85563],[6.07417,50.84654],[6.06334,50.85022],[6.0567,50.85105],[6.05698,50.85279],[6.05712,50.85547],[6.05608,50.85721],[6.05602,50.85722],[6.05394,50.85693],[6.05226,50.85558],[6.0503,50.85506],[6.05008,50.85422],[6.04508,50.85239],[6.04448,50.8527],[6.04214,50.85124],[6.03428,50.85057],[6.02784,50.84763],[6.02603,50.84724],[6.02565,50.84772],[6.02199,50.84638],[6.01894,50.84625],[6.01796,50.8438],[6.01574,50.84381],[6.01202,50.84612],[6.01078,50.84755],[6.00057,50.85773],[6.00267,50.85849],[6.00817,50.85942],[6.00698,50.8608],[6.01102,50.86392],[6.01554,50.86627],[6.02031,50.86879],[6.01878,50.86983],[6.01831,50.86968],[6.01799,50.87005],[6.01739,50.86977],[6.01714,50.87047],[6.02024,50.87155],[6.0207,50.87121],[6.0214,50.87156],[6.02736,50.87161],[6.03114,50.87159],[6.03295,50.87661],[6.0348,50.87917],[6.03403,50.88058],[6.03705,50.88632],[6.04041,50.88824],[6.04287,50.88715],[6.04552,50.88989],[6.04042,50.89207],[6.0409,50.8929],[6.04244,50.89282],[6.0422,50.89513],[6.0422,50.89518],[6.04349,50.89761],[6.04268,50.89879],[6.0429,50.90041],[6.04555,50.89997],[6.04869,50.89941],[6.05588,50.89993],[6.05662,50.90011],[6.05633,50.90184],[6.05873,50.90245],[6.05935,50.90121],[6.06402,50.90232],[6.06382,50.90366],[6.0758,50.90534],[6.07981,50.90577],[6.07991,50.90292]]]]}},{"type":"Feature","properties":{"code":"GM0935","name":"Maastricht"},"geometry":{"type":"MultiPolygon","coordinates":[[[[5.73148,50.8829],[5.73251,50.88243],[5.73431,50.88279],[5.73593,50.88215],[5.73494,50.87893],[5.73304,50.87506],[5.73677,50.87366],[5.73845,50.87353],[5.73941,50.8731],[5.74198,50.87301],[5.74264,50.87142],[5.746,50.87227],[5.74697,50.8707],[5.74877,50.87111],[5.74943,50.87043],[5.75544,50.87149],[5.75916,50.8661],[5.76266,50.86651],[5.76292,50.86414],[5.75288,50.85945],[5.75294,50.85852],[5.74933,50.85705],[5.75734,50.85529],[5.75731,50.84562],[5.75485,50.84184],[5.74801,50.84091],[5.74685,50.84082],[5.74681,50.84027],[5.74126,50.8401],[5.74064,50.83916],[5.74045,50.8384],[5.74631,50.83732],[5.74556,50.83634],[5.7467,50.83587],[5.74556,50.83562],[5.74556,50.83479],[5.74649,50.83029],[5.74626,50.82765],[5.74491,50.82777],[5.74536,50.82401],[5.74487,50.82292],[5.7437,50.82299],[5.74348,50.82132],[5.73259,50.81905],[5.72873,50.81792],[5.72818,50.81714],[5.7232,50.81473],[5.71898,50.81411],[5.71731,50.8145],[5.71701,50.80608],[5.71694,50.8038],[5.70982,50.80419],[5.70997,50.80474],[5.70853,50.80491],[5.70945,50.80828],[5.6965,50.80855],[5.69382,50.81045],[5.69384,50.8111],[5.69385,50.81152],[5.69168,50.81212],[5.68877,50.81163],[5.68599,50.81222],[5.68436,50.81342],[5.6806,50.81203],[5.67942,50.81471],[5.67845,50.81507],[5.67828,50.81647],[5.67317,50.81599],[5.67275,50.81695],[5.66967,50.81725],[5.66945,50.81785],[5.66807,50.81774],[5.66765,50.81654],[5.6664,50.81683],[5.66669,50.81726],[5.66427,50.81719],[5.66318,50.81807],[5.65901,50.81848],[5.65418,50.81997],[5.65516,50.82097],[5.65434,50.82127],[5.65645,50.82316],[5.6555,50.8238],[5.65618,50.82429],[5.65188,50.82748],[5.64927,50.82636],[5.64886,50.82675],[5.65136,50.83183],[5.64996,50.83387],[5.64833,50.83322],[5.64742,50.83593],[5.64373,50.83794],[5.64534,50.83939],[5.64185,50.84079],[5.64279,50.84147],[5.64122,50.84289],[5.64226,50.84312],[5.63922,50.84633],[5.63886,50.84767],[5.64076,50.8477],[5.64028,50.84947],[5.64271,50.85008],[5.64178,50.85239],[5.64032,50.85372],[5.64351,50.85678],[5.64168,50.85755],[5.64379,50.85888],[5.6418,50.85925],[5.64361,50.86048],[5.64228,50.86141],[5.644,50.86292],[5.64166,50.86416],[5.64947,50.86834],[5.64416,50.87135],[5.64789,50.87371],[5.64856,50.87334],[5.65132,50.87509],[5.65337,50.874],[5.65644,50.87657],[5.65791,50.87666],[5.65859,50.87618],[5.66093,50.87737],[5.66168,50.87867],[5.66587,50.87973],[5.66964,50.88182],[5.67327,50.88105],[5.67573,50.88091],[5.67933,50.88054],[5.6791,50.88347],[5.68251,50.88852],[5.68634,50.89119],[5.69256,50.89393],[5.69624,50.8986],[5.69718,50.90226],[5.69578,50.9058],[5.69653,50.90861],[5.69826,50.91015],[5.70342,50.91171],[5.70643,50.912],[5.70927,50.91159],[5.71485,50.90846],[5.71728,50.90764],[5.71444,50.90732],[5.71462,50.90686],[5.71302,50.90626],[5.71264,50.90267],[5.71948,50.89945],[5.71831,50.89684],[5.72347,50.89456],[5.72523,50.89093],[5.72542,50.88727],[5.72654,50.88415],[5.73246,50.88353],[5.73148,50.8829]]]]}},{"type":"Feature","properties":{"code":"GM0938","name":"Meerssen"},"geometry":{"type":"MultiPolygon","coordinates":[[[[5.74891,50.941],[5.74824,50.93898],[5.75012,50.9392],[5.74862,50.93589],[5.75213,50.9344],[5.75399,50.93376],[5.75542,50.93177],[5.75714,50.93159],[5.75746,50.9323],[5.76153,50.93118],[5.76123,50.93043],[5.76854,50.92819],[5.76901,50.92883],[5.77094,50.92793],[5.77247,50.92854],[5.7723,50.92724],[5.77382,50.92556],[5.77363,50.92338],[5.77113,50.91932],[5.76918,50.91704],[5.76475,50.91378],[5.75989,50.90796],[5.75509,50.90086],[5.75484,50.90059],[5.75615,50.90011],[5.75552,50.89957],[5.75876,50.89861],[5.76594,50.90457],[5.77468,50.91128],[5.77659,50.91163],[5.77893,50.91096],[5.78119,50.91208],[5.78244,50.91338],[5.79216,50.91048],[5.80073,50.9146],[5.80171,50.91413],[5.8023,50.91362],[5.80085,50.91242],[5.80045,50.91024],[5.801,50.90875],[5.7985,50.90814],[5.79656,50.90748],[5.80226,50.90241],[5.79882,50.90101],[5.80171,50.9008],[5.80348,50.89804],[5.80149,50.89631],[5.80052,50.89818],[5.79656,50.8977],[5.79763,50.89517],[5.79677,50.89175],[5.79984,50.88567],[5.79837,50.88285],[5.78951,50.88257],[5.7891,50.88389],[5.78676,50.88356],[5.78544,50.88244],[5.78419,50.8824],[5.78158,50.88363],[5.7804,50.88275],[5.77766,50.88373],[5.77385,50.879],[5.7727,50.87683],[5.77281,50.87487],[5.774,50.87445],[5.77259,50.87374],[5.77422,50.87346],[5.77333,50.8726],[5.77301,50.87228],[5.77081,50.87239],[5.767,50.8732],[5.76427,50.86977],[5.76506,50.86867],[5.76463,50.86684],[5.76266,50.86651],[5.75916,50.8661],[5.75544,50.87149],[5.74943,50.87043],[5.74877,50.87111],[5.74697,50.8707],[5.746,50.87227],[5.74264,50.87142],[5.74198,50.87301],[5.73941,50.8731],[5.73845,50.87353],[5.73677,50.87366],[5.73304,50.87506],[5.73494,50.87893],[5.73593,50.88215],[5.73431,50.88279],[5.73251,50.88243],[5.73148,50.8829],[5.73246,50.88353],[5.72654,50.88415],[5.72542,50.88727],[5.72523,50.89093],[5.72347,50.89456],[5.71831,50.89684],[5.71948,50.89945],[5.71264,50.90267],[5.71302,50.90626],[5.71462,50.90686],[5.71444,50.90732],[5.71728,50.90764],[5.71485,50.90846],[5.71892,50.90781],[5.72038,50.90807],[5.72453,50.91061],[5.72677,50.91377],[5.72726,50.9158],[5.72591,50.9212],[5.72693,50.92384],[5.73254,50.93022],[5.74088,50.93522],[5.74357,50.93836],[5.74422,50.94117],[5.74599,50.94341],[5.74891,50.941]]]]}},{"type":"Feature","properties":{"code":"GM0944","name":"Mook en Middelaar"},"geometry":{"type":"MultiPolygon","coordinates":[[[[5.93277,51.74194],[5.93589,51.74103],[5.9383,51.74159],[5.93449,51.7397],[5.93352,51.73649],[5.93371,51.73316],[5.9295,51.72816],[5.92132,51.72182],[5.91947,51.71767],[5.912,51.71788],[5.89957,51.72019],[5.89378,51.72206],[5.88796,51.72519],[5.8854,51.72831],[5.88398,51.73544],[5.88378,51.73653],[5.88161,51.74155],[5.88049,51.74689],[5.87956,51.74991],[5.87117,51.75514],[5.8708,51.75533],[5.86447,51.75768],[5.86504,51.75825],[5.86714,51.76046],[5.86924,51.76286],[5.86741,51.7676],[5.86745,51.77442],[5.86789,51.77552],[5.86901,51.77573],[5.88637,51.77859],[5.89341,51.77785],[5.90109,51.77048],[5.90537,51.76568],[5.91111,51.7624],[5.91339,51.759],[5.91333,51.75551],[5.91513,51.75254],[5.92248,51.75061],[5.93332,51.7481],[5.93074,51.74653],[5.92995,51.74443],[5.93277,51.74194]]]]}},{"type":"Feature","properties":{"code":"GM0946","name":"Nederweert"},"geometry":{"type":"MultiPolygon","coordinates":[[[[5.85066,51.29154],[5.83792,51.27972],[5.83942,51.27772],[5.83383,51.27494],[5.83474,51.27343],[5.84225,51.26245],[5.84674,51.25553],[5.84993,51.2566],[5.85499,51.25366],[5.85562,51.24925],[5.85344,51.24449],[5.85221,51.24363],[5.84931,51.2454],[5.84577,51.24556],[5.84048,51.24477],[5.83557,51.24139],[5.83266,51.24114],[5.8283,51.24103],[5.81803,51.242],[5.8117,51.24093],[5.80826,51.24044],[5.80296,51.23787],[5.79487,51.23707],[5.79177,51.23754],[5.78634,51.24298],[5.78236,51.24737],[5.77787,51.2504],[5.76957,51.25415],[5.74961,51.26157],[5.7441,51.2653],[5.74066,51.27025],[5.74057,51.27037],[5.73707,51.27631],[5.73405,51.27894],[5.72961,51.28118],[5.72884,51.28142],[5.72214,51.28282],[5.70887,51.28356],[5.69806,51.28285],[5.68657,51.28072],[5.67451,51.27705],[5.66904,51.27733],[5.66403,51.27843],[5.65955,51.27884],[5.65696,51.27973],[5.64875,51.28519],[5.644,51.29057],[5.65187,51.29774],[5.67211,51.31509],[5.70173,51.32074],[5.71436,51.32315],[5.74105,51.32821],[5.74706,51.32936],[5.76009,51.33184],[5.77045,51.3338],[5.77106,51.33392],[5.78825,51.33718],[5.84019,51.34688],[5.83207,51.33805],[5.84044,51.33084],[5.85214,51.3207],[5.85919,51.31955],[5.87782,51.31658],[5.86072,51.3108],[5.85066,51.29154]]]]}},{"type":"Feature","properties":{"code":"GM0957","name":"Roermond"},"geometry":{"type":"MultiPolygon","coordinates":[[[[6.02551,51.24736],[6.02758,51.24555],[6.03221,51.24694],[6.03836,51.2461],[6.04326,51.24712],[6.05133,51.25253],[6.05482,51.25162],[6.06047,51.24791],[6.06273,51.24644],[6.07266,51.24256],[6.08602,51.22267],[6.08359,51.22204],[6.07326,51.22244],[6.07069,51.22209],[6.06799,51.22055],[6.06847,51.21335],[6.06949,51.21321],[6.07098,51.20053],[6.07314,51.18282],[6.06659,51.18405],[6.06103,51.18356],[6.05528,51.18436],[6.0546,51.1797],[6.05707,51.1757],[6.04814,51.17484],[6.05,51.17215],[6.06007,51.17091],[6.06356,51.16552],[6.05657,51.16355],[6.05486,51.16244],[6.05562,51.16211],[6.04785,51.16127],[6.04011,51.16054],[6.03987,51.1616],[6.03753,51.16139],[6.03738,51.16099],[6.03611,51.1609],[6.03564,51.16141],[6.03248,51.16087],[6.02946,51.16113],[6.02762,51.16208],[6.02607,51.16402],[6.01907,51.16434],[6.01479,51.16591],[6.01346,51.16651],[6.00768,51.16393],[6.00611,51.16371],[6.00597,51.16316],[6.00198,51.16252],[5.99919,51.16217],[5.99933,51.1642],[5.99755,51.16592],[5.99792,51.16817],[5.99505,51.1685],[5.99455,51.16615],[5.99156,51.16756],[5.99129,51.16852],[5.99255,51.17023],[5.98989,51.17066],[5.98682,51.16939],[5.98618,51.1704],[5.98902,51.17345],[5.98769,51.17519],[5.98466,51.1747],[5.98356,51.17623],[5.97474,51.1709],[5.95548,51.15904],[5.95251,51.15882],[5.94716,51.16018],[5.94698,51.16072],[5.94251,51.16042],[5.93874,51.1618],[5.93501,51.16476],[5.92811,51.16865],[5.92281,51.16966],[5.91724,51.1687],[5.92224,51.17218],[5.92556,51.17715],[5.9213,51.17898],[5.9255,51.18451],[5.93166,51.18997],[5.95132,51.20116],[5.96515,51.20877],[5.9712,51.21316],[5.98,51.22333],[5.98602,51.22716],[5.99483,51.2296],[6.00199,51.23395],[6.00533,51.23779],[6.00634,51.24014],[6.0091,51.25079],[6.00588,51.25868],[6.00784,51.25725],[6.01433,51.25535],[6.01666,51.25296],[6.016,51.25091],[6.02017,51.25041],[6.01973,51.2497],[6.02551,51.24736]]]]}},{"type":"Feature","properties":{"code":"GM0965","name":"Simpelveld"},"geometry":{"type":"MultiPolygon","coordinates":[[[[5.97334,50.8547],[5.97925,50.84927],[5.98952,50.84417],[5.99171,50.84365],[5.99783,50.84122],[6.00413,50.83768],[6.00535,50.83555],[6.00505,50.83391],[6.00302,50.83202],[6.00408,50.83142],[6.00749,50.83178],[6.01146,50.83076],[6.01521,50.82727],[6.01703,50.8257],[6.01601,50.82532],[6.01661,50.82433],[6.01575,50.82381],[6.01747,50.82168],[6.02063,50.81974],[6.02204,50.82016],[6.02372,50.8184],[6.0221,50.81681],[6.02449,50.81592],[6.02353,50.81465],[6.02476,50.81389],[6.0165,50.80978],[6.00999,50.80399],[6.00369,50.80147],[5.99138,50.80804],[5.98499,50.81045],[5.98352,50.80973],[5.98192,50.81086],[5.98292,50.81144],[5.98055,50.81298],[5.97952,50.81458],[5.97796,50.81491],[5.96942,50.81686],[5.97183,50.82118],[5.9679,50.82235],[5.95949,50.82823],[5.95554,50.83539],[5.95695,50.83584],[5.95577,50.83927],[5.95618,50.84201],[5.95481,50.84592],[5.95529,50.84692],[5.95326,50.84822],[5.9538,50.85049],[5.95416,50.85154],[5.95502,50.85186],[5.95477,50.85259],[5.95738,50.85306],[5.96072,50.85487],[5.96133,50.85405],[5.9648,50.85514],[5.96936,50.86008],[5.97334,50.8547]]]]}},{"type":"Feature","properties":{"code":"GM0971","name":"Stein (L.)"},"geometry":{"type":"MultiPolygon","coordinates":[[[[5.78718,51.01916],[5.78115,51.01119],[5.77483,51.00415],[5.77944,51.00298],[5.78919,51.0012],[5.78612,50.99405],[5.78366,50.99058],[5.78218,50.98581],[5.78246,50.98189],[5.78646,50.97457],[5.78654,50.97137],[5.7839,50.96888],[5.7842,50.96781],[5.78596,50.96263],[5.78584,50.96022],[5.78627,50.95467],[5.78811,50.94861],[5.78332,50.94604],[5.77995,50.94534],[5.77934,50.94439],[5.77917,50.94382],[5.78373,50.943],[5.78348,50.94259],[5.7832,50.94263],[5.7826,50.94181],[5.77923,50.93924],[5.77853,50.9365],[5.77767,50.93418],[5.77855,50.93382],[5.77723,50.93301],[5.77792,50.93269],[5.77506,50.93115],[5.77247,50.92854],[5.77094,50.92793],[5.76901,50.92883],[5.76854,50.92819],[5.76123,50.93043],[5.76153,50.93118],[5.75746,50.9323],[5.75714,50.93159],[5.75542,50.93177],[5.75399,50.93376],[5.75213,50.9344],[5.74862,50.93589],[5.75012,50.9392],[5.74824,50.93898],[5.74891,50.941],[5.74599,50.94341],[5.74588,50.9465],[5.74659,50.9473],[5.75158,50.94924],[5.75567,50.94984],[5.75811,50.95075],[5.75918,50.95254],[5.75801,50.95551],[5.75605,50.95772],[5.75284,50.95966],[5.75052,50.96074],[5.74623,50.96164],[5.74203,50.96056],[5.74002,50.9592],[5.73901,50.95743],[5.73416,50.95545],[5.73124,50.95488],[5.72532,50.95556],[5.72201,50.95713],[5.7199,50.95959],[5.72013,50.96242],[5.72427,50.96621],[5.72567,50.96669],[5.72854,50.96987],[5.73316,50.97182],[5.73539,50.97437],[5.73638,50.97791],[5.73729,50.97869],[5.73978,50.9798],[5.74664,50.98066],[5.74988,50.98254],[5.75149,50.98414],[5.75264,50.98672],[5.75513,50.98898],[5.75502,50.99012],[5.75914,50.99317],[5.76609,50.99769],[5.76767,51.00065],[5.76744,51.00435],[5.76607,51.00691],[5.766,51.009],[5.76749,51.01325],[5.7734,51.019],[5.78263,51.01865],[5.78628,51.01913],[5.78718,51.01916]]]]}},{"type":"Feature","properties":{"code":"GM0981","name":"Vaals"},"geometry":{"type":"MultiPolygon","coordinates":[[[[5.97574,50.80235],[5.97492,50.79801],[5.97721,50.79669],[5.97915,50.79631],[5.97988,50.7952],[5.98351,50.79486],[5.98501,50.79483],[5.98577,50.79384],[5.98827,50.79405],[5.99587,50.79007],[5.99581,50.78746],[5.99745,50.78657],[5.99851,50.78698],[6.00073,50.78522],[6.00216,50.78417],[6.00553,50.78336],[6.00656,50.78191],[6.01004,50.78043],[6.01741,50.77856],[6.01761,50.77803],[6.02021,50.7771],[6.02033,50.77649],[6.02608,50.77554],[6.02786,50.77383],[6.01836,50.76336],[6.02099,50.75429],[6.01735,50.75501],[6.01396,50.75505],[6.00431,50.75379],[6.00256,50.75411],[5.99928,50.75302],[5.99791,50.75366],[5.99653,50.7538],[5.99337,50.75276],[5.98452,50.7534],[5.98319,50.75282],[5.97933,50.75463],[5.97649,50.75435],[5.97415,50.75523],[5.97512,50.75789],[5.97261,50.75972],[5.9692,50.7606],[5.96096,50.76154],[5.96066,50.76247],[5.95901,50.76237],[5.95358,50.76014],[5.95171,50.76055],[5.94649,50.75982],[5.94408,50.75843],[5.93897,50.75794],[5.93576,50.75698],[5.93455,50.75849],[5.93305,50.75878],[5.93205,50.75812],[5.93019,50.759],[5.92991,50.75979],[5.93105,50.75994],[5.93214,50.76089],[5.93104,50.76093],[5.93134,50.76149],[5.93052,50.76203],[5.92998,50.76195],[5.92988,50.76211],[5.93008,50.76265],[5.92795,50.76248],[5.92717,50.76381],[5.92678,50.76311],[5.92505,50.76368],[5.9256,50.76389],[5.92452,50.76689],[5.92054,50.76933],[5.9219,50.77335],[5.92387,50.77524],[5.9309,50.77512],[5.93403,50.77359],[5.93593,50.77146],[5.93774,50.77137],[5.94114,50.77199],[5.94331,50.77305],[5.94408,50.77574],[5.94491,50.78161],[5.94201,50.79048],[5.94339,50.79383],[5.9455,50.7956],[5.9517,50.79385],[5.95785,50.79812],[5.96106,50.8004],[5.96481,50.80242],[5.9691,50.80127],[5.97668,50.80337],[5.97574,50.80235]]]]}},{"type":"Feature","properties":{"code":"GM0983","name":"Venlo"},"geometry":{"type":"MultiPolygon","coordinates":[[[[6.21336,51.50782],[6.21419,51.50291],[6.21276,51.49131],[6.21772,51.48535],[6.21903,51.48498],[6.22355,51.47496],[6.22345,51.47281],[6.22211,51.46153],[6.22012,51.45552],[6.22059,51.44665],[6.21424,51.44674],[6.214,51.44545],[6.21476,51.43388],[6.20689,51.40542],[6.20526,51.39952],[6.21136,51.40092],[6.22667,51.40027],[6.22677,51.39937],[6.22432,51.3971],[6.21445,51.38962],[6.2163,51.38409],[6.22033,51.37462],[6.22639,51.36034],[6.22461,51.35932],[6.19718,51.34365],[6.19242,51.34093],[6.18988,51.33946],[6.19413,51.33471],[6.19091,51.33494],[6.1883,51.33507],[6.1789,51.33357],[6.16892,51.33301],[6.16928,51.32969],[6.16419,51.32555],[6.15959,51.31969],[6.15916,51.31542],[6.15424,51.31111],[6.15382,51.30745],[6.14514,51.29812],[6.12901,51.2857],[6.12476,51.27755],[6.12006,51.28511],[6.11446,51.28918],[6.10701,51.29147],[6.10315,51.2887],[6.0933,51.29544],[6.09277,51.29539],[6.09171,51.29494],[6.08722,51.29511],[6.08472,51.29745],[6.08914,51.29924],[6.09228,51.30132],[6.10045,51.30721],[6.10593,51.31216],[6.10788,51.31448],[6.10933,51.31618],[6.11539,51.322],[6.11735,51.32682],[6.11743,51.32699],[6.1182,51.32992],[6.11706,51.33377],[6.11666,51.33911],[6.11879,51.34102],[6.12325,51.34337],[6.11959,51.34648],[6.11877,51.34593],[6.11247,51.35162],[6.1071,51.356],[6.10184,51.35679],[6.09965,51.3571],[6.09494,51.3656],[6.09076,51.37148],[6.08719,51.37166],[6.07759,51.37817],[6.09046,51.38591],[6.09037,51.38911],[6.08892,51.38923],[6.0876,51.38954],[6.08422,51.39172],[6.07737,51.39427],[6.07437,51.39391],[6.07312,51.39573],[6.07208,51.3983],[6.0719,51.40163],[6.07401,51.40546],[6.07336,51.40611],[6.07687,51.40958],[6.07761,51.41961],[6.07769,51.42017],[6.08182,51.42058],[6.10205,51.41958],[6.10764,51.42025],[6.10896,51.41943],[6.10948,51.42046],[6.11668,51.42132],[6.11675,51.42102],[6.11647,51.42099],[6.12084,51.41711],[6.12241,51.41586],[6.1245,51.41544],[6.12455,51.4148],[6.12773,51.41479],[6.1282,51.41389],[6.13117,51.4147],[6.1326,51.41378],[6.13409,51.41614],[6.13527,51.41611],[6.14089,51.39487],[6.15304,51.39592],[6.14899,51.40777],[6.15137,51.41461],[6.15682,51.41912],[6.15838,51.42273],[6.15783,51.42667],[6.15461,51.4347],[6.15392,51.43809],[6.15524,51.44267],[6.15729,51.44539],[6.16484,51.45257],[6.1734,51.45888],[6.17813,51.46445],[6.17871,51.47029],[6.17761,51.47383],[6.17464,51.47728],[6.1705,51.48125],[6.16711,51.48579],[6.16656,51.48801],[6.1666,51.48979],[6.16922,51.49923],[6.16919,51.50308],[6.18836,51.50508],[6.20404,51.50431],[6.21336,51.50782]]]]}},{"type":"Feature","properties":{"code":"GM0984","name":"Venray"},"geometry":{"type":"MultiPolygon","coordinates":[[[[6.01821,51.56333],[6.03167,51.55234],[6.03369,51.55545],[6.03273,51.55668],[6.03432,51.5575],[6.03731,51.55815],[6.04091,51.55663],[6.04433,51.55745],[6.04286,51.55869],[6.04458,51.55901],[6.04642,51.55764],[6.04812,51.55846],[6.05651,51.55758],[6.06213,51.55587],[6.07376,51.54924],[6.08072,51.54694],[6.10459,51.54822],[6.10833,51.54761],[6.11191,51.54625],[6.11382,51.54433],[6.11463,51.54205],[6.11606,51.53729],[6.11968,51.53184],[6.1312,51.52585],[6.14109,51.51952],[6.132,51.51147],[6.12687,51.51438],[6.12199,51.51018],[6.11465,51.51454],[6.10661,51.5183],[6.10712,51.52179],[6.101,51.52271],[6.09563,51.5216],[6.09377,51.52272],[6.08717,51.52357],[6.07993,51.52295],[6.07676,51.52478],[6.06677,51.52369],[6.0646,51.51607],[6.06626,51.50795],[6.0727,51.49726],[6.07375,51.49517],[6.06808,51.48837],[6.06839,51.4879],[6.06389,51.48805],[6.06166,51.48727],[6.05919,51.48843],[6.04947,51.4904],[6.03994,51.48792],[6.03979,51.48639],[6.03619,51.48472],[6.03521,51.48235],[6.03021,51.47985],[6.02474,51.4797],[6.01327,51.47699],[5.99435,51.47525],[5.99188,51.47451],[5.99187,51.47451],[5.98203,51.4714],[5.95294,51.46353],[5.94144,51.46105],[5.91638,51.45563],[5.87496,51.44656],[5.87169,51.45011],[5.8607,51.49201],[5.85257,51.50414],[5.85102,51.51084],[5.84768,51.52529],[5.83824,51.56641],[5.87089,51.56264],[5.89146,51.5602],[5.90666,51.55203],[5.91784,51.55264],[5.93544,51.5536],[5.95238,51.55697],[5.97339,51.56106],[5.99127,51.56608],[6.00305,51.56985],[6.00425,51.57024],[6.0051,51.56982],[6.01152,51.56665],[6.01152,51.56665],[6.01821,51.56333]]]]}},{"type":"Feature","properties":{"code":"GM0986","name":"Voerendaal"},"geometry":{"type":"MultiPolygon","coordinates":[[[[5.92418,50.90484],[5.93897,50.89027],[5.9464,50.88421],[5.95263,50.87788],[5.95403,50.8765],[5.9616,50.86957],[5.96874,50.86093],[5.96936,50.86008],[5.9648,50.85514],[5.96133,50.85405],[5.96072,50.85487],[5.95738,50.85306],[5.95477,50.85259],[5.95502,50.85186],[5.95416,50.85154],[5.9538,50.85049],[5.95326,50.84822],[5.95529,50.84692],[5.95481,50.84592],[5.95089,50.84457],[5.9468,50.84469],[5.94637,50.84443],[5.94611,50.84429],[5.94535,50.84389],[5.94041,50.84151],[5.93581,50.84014],[5.93319,50.83966],[5.92961,50.84025],[5.92911,50.84304],[5.925,50.84884],[5.91617,50.84882],[5.90326,50.84571],[5.89877,50.84335],[5.89159,50.84285],[5.89124,50.84275],[5.88946,50.84521],[5.88799,50.84703],[5.88367,50.85168],[5.87664,50.85503],[5.87573,50.85553],[5.87664,50.85659],[5.87431,50.85724],[5.86903,50.85668],[5.86948,50.85841],[5.8713,50.86088],[5.87142,50.86301],[5.8731,50.86466],[5.87133,50.86781],[5.87041,50.86772],[5.87014,50.86864],[5.86906,50.86876],[5.87067,50.87075],[5.86913,50.8722],[5.87007,50.87302],[5.86535,50.87584],[5.86389,50.8771],[5.86279,50.87974],[5.86184,50.87994],[5.86275,50.88018],[5.86162,50.88242],[5.87145,50.88346],[5.88078,50.88253],[5.88586,50.8843],[5.8871,50.88372],[5.8886,50.88434],[5.8896,50.88564],[5.89046,50.88508],[5.89401,50.8856],[5.89039,50.88841],[5.90366,50.89424],[5.90157,50.89579],[5.91471,50.90172],[5.91339,50.90272],[5.91724,50.90426],[5.92054,50.90306],[5.9234,50.90441],[5.92418,50.90484]]]]}},{"type":"Feature","properties":{"code":"GM0988","name":"Weert"},"geometry":{"type":"MultiPolygon","coordinates":[[[[5.66904,51.27733],[5.67451,51.27705],[5.68657,51.28072],[5.69806,51.28285],[5.70887,51.28356],[5.72214,51.28282],[5.72884,51.28142],[5.72961,51.28118],[5.73405,51.27894],[5.73707,51.27631],[5.74057,51.27037],[5.74066,51.27025],[5.7441,51.2653],[5.74961,51.26157],[5.76957,51.25415],[5.77787,51.2504],[5.78236,51.24737],[5.78634,51.24298],[5.79177,51.23754],[5.79005,51.2365],[5.78974,51.23388],[5.78177,51.22014],[5.77584,51.21901],[5.77478,51.218],[5.77458,51.21593],[5.77319,51.21513],[5.76851,51.21485],[5.76439,51.21588],[5.76065,51.21647],[5.75687,51.21614],[5.75526,51.21544],[5.75177,51.21361],[5.75084,51.20968],[5.74921,51.20848],[5.75154,51.2075],[5.75334,51.20794],[5.75586,51.20683],[5.75291,51.20518],[5.75364,51.20318],[5.75183,51.20009],[5.74582,51.19384],[5.74737,51.19242],[5.74684,51.19244],[5.74655,51.19056],[5.7457,51.19057],[5.74564,51.1895],[5.74328,51.18826],[5.74307,51.18753],[5.74218,51.18766],[5.7401,51.18655],[5.73963,51.18476],[5.73851,51.1864],[5.73386,51.18621],[5.73348,51.18532],[5.72993,51.18497],[5.72953,51.18552],[5.72654,51.18548],[5.72676,51.18496],[5.72543,51.18467],[5.72519,51.18527],[5.71778,51.18438],[5.71448,51.18351],[5.70934,51.18042],[5.708,51.18205],[5.70129,51.18248],[5.70161,51.18379],[5.69644,51.18394],[5.69529,51.18256],[5.69176,51.18364],[5.68969,51.18538],[5.68787,51.1854],[5.68722,51.18477],[5.68283,51.18393],[5.68116,51.18444],[5.68049,51.18348],[5.67654,51.18272],[5.67636,51.18443],[5.67247,51.1856],[5.66449,51.18629],[5.65804,51.18474],[5.64974,51.19362],[5.65408,51.19424],[5.65273,51.19766],[5.64647,51.19994],[5.58314,51.21655],[5.56604,51.22091],[5.59432,51.22607],[5.59441,51.22418],[5.60219,51.22586],[5.61878,51.22942],[5.62347,51.249],[5.62348,51.24911],[5.62597,51.2736],[5.644,51.29057],[5.64875,51.28519],[5.65696,51.27973],[5.65955,51.27884],[5.66403,51.27843],[5.66904,51.27733]]]]}},{"type":"Feature","properties":{"code":"GM0994","name":"Valkenburg aan de Geul"},"geometry":{"type":"MultiPolygon","coordinates":[[[[5.83272,50.88577],[5.83359,50.8824],[5.83494,50.88233],[5.83469,50.88065],[5.83583,50.88151],[5.84199,50.88243],[5.85013,50.88367],[5.85166,50.8822],[5.85698,50.88191],[5.86162,50.88242],[5.86275,50.88018],[5.86184,50.87994],[5.86279,50.87974],[5.86389,50.8771],[5.86535,50.87584],[5.87007,50.87302],[5.86913,50.8722],[5.87067,50.87075],[5.86906,50.86876],[5.87014,50.86864],[5.87041,50.86772],[5.87133,50.86781],[5.8731,50.86466],[5.87142,50.86301],[5.8713,50.86088],[5.86948,50.85841],[5.86903,50.85668],[5.87431,50.85724],[5.87664,50.85659],[5.87573,50.85553],[5.87664,50.85503],[5.88367,50.85168],[5.88799,50.84703],[5.88512,50.84748],[5.88139,50.84669],[5.87615,50.8463],[5.87564,50.84711],[5.87476,50.84668],[5.87484,50.84538],[5.87758,50.84132],[5.87655,50.84024],[5.87395,50.83792],[5.87109,50.83652],[5.87026,50.83653],[5.871,50.83829],[5.86712,50.83866],[5.86621,50.83871],[5.86593,50.83757],[5.85946,50.83368],[5.85742,50.83211],[5.85392,50.83174],[5.85351,50.83255],[5.84992,50.83195],[5.84493,50.83345],[5.84401,50.83372],[5.84325,50.83318],[5.83609,50.83596],[5.83646,50.83273],[5.83736,50.83136],[5.83628,50.83],[5.83174,50.82955],[5.8273,50.82999],[5.82361,50.83036],[5.82089,50.83238],[5.82124,50.83876],[5.81843,50.83938],[5.81287,50.84123],[5.81082,50.84048],[5.80783,50.84147],[5.8053,50.84343],[5.80164,50.84987],[5.80067,50.84835],[5.79742,50.8484],[5.79503,50.84857],[5.79138,50.84987],[5.7827,50.84925],[5.78042,50.84945],[5.7794,50.85021],[5.77878,50.8523],[5.77579,50.85339],[5.77461,50.85257],[5.77075,50.8524],[5.76903,50.85296],[5.76418,50.85455],[5.75734,50.85529],[5.74933,50.85705],[5.75294,50.85852],[5.75288,50.85945],[5.76292,50.86414],[5.76266,50.86651],[5.76463,50.86684],[5.76506,50.86867],[5.76427,50.86977],[5.767,50.8732],[5.77081,50.87239],[5.77301,50.87228],[5.77333,50.8726],[5.77422,50.87346],[5.77259,50.87374],[5.774,50.87445],[5.77281,50.87487],[5.7727,50.87683],[5.77385,50.879],[5.77766,50.88373],[5.7804,50.88275],[5.78158,50.88363],[5.78419,50.8824],[5.78544,50.88244],[5.78676,50.88356],[5.7891,50.88389],[5.78951,50.88257],[5.79837,50.88285],[5.79984,50.88567],[5.80237,50.88708],[5.80986,50.88785],[5.81408,50.88607],[5.81499,50.88624],[5.81727,50.88478],[5.81914,50.88387],[5.82023,50.88544],[5.82423,50.887],[5.82776,50.88954],[5.83323,50.89219],[5.83665,50.8916],[5.83272,50.88577]]]]}},{"type":"Feature","properties":{"code":"GM0995","name":"Lelystad"},"geometry":{"type":"MultiPolygon","coordinates":[[[[5.35366,52.67774],[5.36121,52.67442],[5.39955,52.64938],[5.41322,52.63601],[5.41582,52.63709],[5.4161,52.6363],[5.41424,52.63563],[5.41575,52.63423],[5.41706,52.63457],[5.41583,52.63366],[5.45644,52.59364],[5.46791,52.57137],[5.46856,52.56964],[5.467,52.56721],[5.46438,52.56572],[5.45324,52.56331],[5.44843,52.5616],[5.44357,52.55885],[5.43984,52.55551],[5.42805,52.53809],[5.42689,52.53503],[5.42626,52.52803],[5.42716,52.52798],[5.42708,52.52749],[5.42907,52.52742],[5.42911,52.52787],[5.42974,52.52793],[5.43032,52.52941],[5.4324,52.52935],[5.43268,52.53229],[5.43309,52.53243],[5.43279,52.5306],[5.43359,52.53053],[5.43461,52.52978],[5.43489,52.52762],[5.4352,52.52968],[5.43627,52.53105],[5.43942,52.53288],[5.43977,52.53267],[5.4368,52.531],[5.43857,52.52988],[5.44157,52.53162],[5.44043,52.53232],[5.44181,52.53314],[5.44298,52.53241],[5.44556,52.53388],[5.44519,52.53419],[5.44632,52.5348],[5.44552,52.53532],[5.44444,52.53473],[5.4439,52.53518],[5.4449,52.53573],[5.44412,52.53624],[5.44292,52.53554],[5.4432,52.53527],[5.44244,52.53483],[5.44204,52.53533],[5.44215,52.53598],[5.44371,52.53692],[5.44443,52.53685],[5.44758,52.53522],[5.45451,52.54601],[5.45462,52.54663],[5.45381,52.54679],[5.45594,52.55033],[5.4543,52.55119],[5.45448,52.55141],[5.45779,52.5501],[5.45897,52.55138],[5.46016,52.55186],[5.4621,52.55215],[5.49332,52.55327],[5.49745,52.55437],[5.50071,52.5561],[5.51899,52.5674],[5.5177,52.56826],[5.5219,52.57084],[5.52332,52.57007],[5.54118,52.5811],[5.55871,52.59226],[5.56512,52.59464],[5.57289,52.59616],[5.58741,52.56346],[5.58831,52.54919],[5.59128,52.51412],[5.58806,52.51377],[5.58806,52.51377],[5.58815,52.51339],[5.59136,52.49996],[5.60587,52.48452],[5.56542,52.47028],[5.57278,52.46245],[5.58639,52.44771],[5.58197,52.44559],[5.5738,52.43879],[5.56664,52.43586],[5.588,52.41477],[5.58907,52.41119],[5.58322,52.41136],[5.57802,52.40997],[5.55464,52.39639],[5.54523,52.39016],[5.5373,52.385],[5.5327,52.38455],[5.50899,52.39766],[5.47498,52.42003],[5.44889,52.4353],[5.43861,52.44263],[5.42689,52.43551],[5.42718,52.43455],[5.42377,52.43256],[5.42101,52.43208],[5.39753,52.41984],[5.37899,52.41149],[5.35077,52.40021],[5.34951,52.40147],[5.34371,52.40124],[5.33484,52.40573],[5.31886,52.41071],[5.27581,52.42332],[5.26798,52.42737],[5.25842,52.43543],[5.37791,52.4869],[5.38647,52.49027],[5.3948,52.49077],[5.40024,52.49363],[5.41675,52.50305],[5.41716,52.50346],[5.41859,52.50306],[5.4191,52.50338],[5.41852,52.50402],[5.4197,52.50335],[5.42018,52.50354],[5.41964,52.50463],[5.42426,52.50702],[5.42435,52.50693],[5.43457,52.51119],[5.44058,52.51781],[5.43942,52.51882],[5.4366,52.51828],[5.43695,52.51721],[5.43672,52.51711],[5.43604,52.51826],[5.43611,52.5187],[5.43669,52.51858],[5.43728,52.51901],[5.43604,52.52075],[5.43574,52.52205],[5.43548,52.52447],[5.43406,52.52635],[5.43298,52.52472],[5.43194,52.52473],[5.42978,52.5249],[5.42952,52.52664],[5.42901,52.52677],[5.42906,52.52735],[5.42707,52.52743],[5.427,52.52673],[5.42627,52.52683],[5.42552,52.52083],[5.42499,52.52083],[5.42519,52.52696],[5.42271,52.52728],[5.4231,52.52901],[5.42476,52.52961],[5.42554,52.52967],[5.42628,52.53552],[5.42718,52.53795],[5.43107,52.54354],[5.43849,52.55492],[5.44057,52.55721],[5.44353,52.5595],[5.44615,52.56108],[5.44889,52.56224],[5.45164,52.5633],[5.46419,52.56618],[5.46624,52.56747],[5.46735,52.56925],[5.4668,52.57177],[5.45738,52.58998],[5.45546,52.59356],[5.40721,52.64084],[5.40628,52.64062],[5.39898,52.64883],[5.36034,52.67418],[5.35263,52.67743],[5.30549,52.68989],[5.29921,52.68322],[5.29324,52.68131],[5.28713,52.68158],[5.28143,52.68439],[5.2883,52.6842],[5.29241,52.68507],[5.29512,52.68678],[5.29655,52.68983],[5.28688,52.6899],[5.28743,52.69116],[5.29717,52.69219],[5.30214,52.69159],[5.35366,52.67774]]],[[[5.52943,52.5751],[5.5256,52.57732],[5.5296,52.57984],[5.53345,52.57772],[5.52943,52.5751]]]]}},{"type":"Feature","properties":{"code":"GM1507","name":"Horst aan de Maas"},"geometry":{"type":"MultiPolygon","coordinates":[[[[6.07676,51.52478],[6.07993,51.52295],[6.08717,51.52357],[6.09377,51.52272],[6.09563,51.5216],[6.101,51.52271],[6.10712,51.52179],[6.10661,51.5183],[6.11465,51.51454],[6.12199,51.51018],[6.12687,51.51438],[6.132,51.51147],[6.14109,51.51952],[6.1463,51.51688],[6.15778,51.51362],[6.16167,51.51188],[6.16664,51.50786],[6.16919,51.50308],[6.16922,51.49923],[6.1666,51.48979],[6.16656,51.48801],[6.16711,51.48579],[6.1705,51.48125],[6.17464,51.47728],[6.17761,51.47383],[6.17871,51.47029],[6.17813,51.46445],[6.1734,51.45888],[6.16484,51.45257],[6.15729,51.44539],[6.15524,51.44267],[6.15392,51.43809],[6.15461,51.4347],[6.15783,51.42667],[6.15838,51.42273],[6.15682,51.41912],[6.15137,51.41461],[6.14899,51.40777],[6.15304,51.39592],[6.14089,51.39487],[6.13527,51.41611],[6.13409,51.41614],[6.1326,51.41378],[6.13117,51.4147],[6.1282,51.41389],[6.12773,51.41479],[6.12455,51.4148],[6.1245,51.41544],[6.12241,51.41586],[6.12084,51.41711],[6.11647,51.42099],[6.11675,51.42102],[6.11668,51.42132],[6.10948,51.42046],[6.10896,51.41943],[6.10764,51.42025],[6.10205,51.41958],[6.08182,51.42058],[6.07769,51.42017],[6.07761,51.41961],[6.07687,51.40958],[6.07336,51.40611],[6.07401,51.40546],[6.0719,51.40163],[6.07208,51.3983],[6.07312,51.39573],[6.0701,51.39515],[6.03582,51.38652],[6.01876,51.38226],[6.00685,51.37997],[5.98983,51.37822],[5.98211,51.37815],[5.95789,51.37805],[5.94733,51.38313],[5.93129,51.38475],[5.92,51.39789],[5.90291,51.41661],[5.87992,51.44125],[5.87874,51.44251],[5.87659,51.44482],[5.87496,51.44656],[5.91638,51.45563],[5.94144,51.46105],[5.95294,51.46353],[5.98203,51.4714],[5.99187,51.47451],[5.99188,51.47451],[5.99435,51.47525],[6.01327,51.47699],[6.02474,51.4797],[6.03021,51.47985],[6.03521,51.48235],[6.03619,51.48472],[6.03979,51.48639],[6.03994,51.48792],[6.04947,51.4904],[6.05919,51.48843],[6.06166,51.48727],[6.06389,51.48805],[6.06839,51.4879],[6.06808,51.48837],[6.07375,51.49517],[6.0727,51.49726],[6.06626,51.50795],[6.0646,51.51607],[6.06677,51.52369],[6.07676,51.52478]]]]}},{"type":"Feature","properties":{"code":"GM1509","name":"Oude IJsselstreek"},"geometry":{"type":"MultiPolygon","coordinates":[[[[6.48147,51.97389],[6.48296,51.97369],[6.48357,51.97428],[6.4948,51.97059],[6.50597,51.96914],[6.52464,51.9678],[6.52727,51.96602],[6.53283,51.96235],[6.51983,51.95556],[6.51861,51.95347],[6.51864,51.95117],[6.51719,51.94801],[6.50478,51.94598],[6.50345,51.94402],[6.50297,51.94128],[6.50098,51.9395],[6.50313,51.93931],[6.49558,51.93029],[6.49709,51.9296],[6.49452,51.92712],[6.49236,51.92593],[6.49323,51.92022],[6.49258,51.91741],[6.49066,51.91717],[6.49118,51.91564],[6.48711,51.91409],[6.48867,51.91273],[6.48271,51.91026],[6.47235,51.90735],[6.47606,51.90197],[6.47999,51.89434],[6.47917,51.88924],[6.48061,51.88426],[6.4819,51.88342],[6.48421,51.87897],[6.4835,51.87742],[6.48097,51.87407],[6.47847,51.87231],[6.47798,51.87185],[6.47787,51.87176],[6.47531,51.87066],[6.47433,51.86946],[6.47183,51.86896],[6.47187,51.86608],[6.47129,51.86453],[6.4684,51.86418],[6.46813,51.86035],[6.46438,51.85529],[6.45831,51.85868],[6.45109,51.86525],[6.44847,51.86551],[6.44667,51.86501],[6.44367,51.86267],[6.44138,51.86186],[6.43873,51.8621],[6.43236,51.85938],[6.42944,51.86071],[6.42861,51.86508],[6.42736,51.86586],[6.42613,51.86625],[6.42433,51.86597],[6.42179,51.86699],[6.42022,51.86678],[6.41857,51.86725],[6.41518,51.86873],[6.41225,51.8711],[6.41017,51.86955],[6.40875,51.86946],[6.40675,51.87077],[6.40431,51.87024],[6.40248,51.86914],[6.40131,51.86945],[6.4006,51.87044],[6.39913,51.8703],[6.39837,51.87098],[6.39675,51.87033],[6.39228,51.87403],[6.39057,51.87397],[6.39115,51.87295],[6.38839,51.8672],[6.38697,51.86496],[6.38803,51.8619],[6.39139,51.8614],[6.392,51.86034],[6.3955,51.85906],[6.40043,51.85583],[6.40771,51.85436],[6.40895,51.85335],[6.40906,51.85249],[6.40503,51.84891],[6.40519,51.84739],[6.40238,51.84454],[6.40244,51.84322],[6.40667,51.83855],[6.40809,51.83588],[6.40295,51.83654],[6.40749,51.82809],[6.40182,51.82726],[6.40021,51.82853],[6.39268,51.83113],[6.39228,51.83195],[6.38954,51.8333],[6.38222,51.83478],[6.3737,51.83476],[6.36872,51.83326],[6.36333,51.83516],[6.36285,51.83582],[6.36406,51.83844],[6.36252,51.84277],[6.36026,51.8458],[6.35775,51.84748],[6.34871,51.85009],[6.34518,51.85096],[6.33942,51.85074],[6.33314,51.85159],[6.3205,51.85168],[6.31776,51.85122],[6.31251,51.85028],[6.30828,51.84981],[6.3062,51.84908],[6.30376,51.85357],[6.30068,51.86204],[6.3005,51.86451],[6.29822,51.86594],[6.29901,51.86783],[6.29916,51.86839],[6.30175,51.86874],[6.30958,51.86917],[6.31195,51.8692],[6.31221,51.86849],[6.32249,51.86867],[6.32458,51.86903],[6.32925,51.87123],[6.32723,51.87246],[6.3272,51.87362],[6.33163,51.87482],[6.32654,51.87903],[6.32944,51.88034],[6.3269,51.88478],[6.32516,51.88778],[6.32432,51.88896],[6.33107,51.89208],[6.33228,51.89327],[6.32959,51.89478],[6.32261,51.89599],[6.31855,51.89774],[6.31579,51.89784],[6.31087,51.90004],[6.30683,51.90454],[6.30595,51.90688],[6.30628,51.90821],[6.30729,51.91026],[6.30874,51.91072],[6.30796,51.91139],[6.30902,51.91178],[6.311,51.91059],[6.31614,51.91274],[6.31688,51.9162],[6.31577,51.91828],[6.3113,51.92064],[6.30177,51.91989],[6.29498,51.92089],[6.29115,51.92242],[6.28965,51.92549],[6.29103,51.92899],[6.29289,51.93131],[6.29601,51.93286],[6.29567,51.93534],[6.29649,51.93642],[6.29983,51.93847],[6.30398,51.93806],[6.30595,51.93705],[6.30681,51.93794],[6.30576,51.93882],[6.3086,51.93976],[6.31461,51.9365],[6.31998,51.93597],[6.32174,51.93519],[6.32675,51.92944],[6.33116,51.92616],[6.33342,51.92547],[6.33379,51.92572],[6.33545,51.92585],[6.33576,51.92606],[6.33684,51.92611],[6.33804,51.92489],[6.33894,51.92483],[6.34005,51.92569],[6.34236,51.92512],[6.3446,51.92525],[6.34859,51.92456],[6.34917,51.92371],[6.35233,51.92381],[6.35558,51.92364],[6.3584,51.92287],[6.35933,51.92278],[6.36085,51.92297],[6.36255,51.92377],[6.36255,51.92377],[6.37161,51.92761],[6.37685,51.93005],[6.38131,51.93332],[6.38177,51.93457],[6.37996,51.93628],[6.3844,51.94113],[6.38823,51.94498],[6.39629,51.95253],[6.40155,51.95678],[6.40359,51.95732],[6.40729,51.96315],[6.40997,51.96589],[6.41608,51.97262],[6.42559,51.97259],[6.42692,51.972],[6.43012,51.97183],[6.4348,51.97208],[6.43489,51.97097],[6.43704,51.97072],[6.43751,51.97157],[6.43906,51.97156],[6.43935,51.9721],[6.44129,51.97173],[6.44134,51.97086],[6.4475,51.96971],[6.45179,51.9718],[6.4531,51.97167],[6.46019,51.97356],[6.46152,51.97515],[6.46313,51.97531],[6.4626,51.97622],[6.46671,51.97706],[6.46785,51.97822],[6.4732,51.97604],[6.48147,51.97389]]]]}},{"type":"Feature","properties":{"code":"GM1525","name":"Teylingen"},"geometry":{"type":"MultiPolygon","coordinates":[[[[4.53048,52.2327],[4.53142,52.23237],[4.53143,52.23238],[4.53357,52.23172],[4.53467,52.23138],[4.53507,52.23125],[4.53936,52.2298],[4.54357,52.2268],[4.55323,52.22233],[4.55393,52.22221],[4.55661,52.21927],[4.55843,52.2188],[4.55691,52.21642],[4.55783,52.21507],[4.55537,52.21402],[4.55428,52.21231],[4.55895,52.21024],[4.55809,52.20852],[4.55827,52.20576],[4.56069,52.20478],[4.56052,52.20366],[4.56166,52.20364],[4.55955,52.20196],[4.55965,52.2005],[4.55814,52.20037],[4.55558,52.20015],[4.55557,52.19971],[4.55527,52.1997],[4.5552,52.19961],[4.55536,52.19944],[4.55557,52.19941],[4.55556,52.1992],[4.55666,52.19882],[4.55681,52.1985],[4.55687,52.19801],[4.55715,52.19774],[4.55405,52.19758],[4.55413,52.19834],[4.5493,52.19836],[4.54937,52.19894],[4.54677,52.19898],[4.54525,52.19409],[4.54448,52.19222],[4.54452,52.19152],[4.543,52.18812],[4.54366,52.18739],[4.53815,52.18009],[4.52818,52.17985],[4.51837,52.18212],[4.51721,52.18272],[4.50852,52.18397],[4.50355,52.18462],[4.50163,52.18426],[4.49834,52.18399],[4.49756,52.18398],[4.49526,52.18394],[4.4949,52.18255],[4.49413,52.18205],[4.49433,52.18167],[4.49289,52.18154],[4.49277,52.18128],[4.49143,52.18095],[4.48952,52.1817],[4.49121,52.18475],[4.49097,52.18657],[4.4909,52.18667],[4.48809,52.18949],[4.48801,52.19097],[4.48996,52.19267],[4.49334,52.19486],[4.49311,52.19575],[4.49224,52.2013],[4.49145,52.20369],[4.49061,52.20343],[4.48985,52.20398],[4.48803,52.20292],[4.48672,52.20418],[4.48435,52.20301],[4.48013,52.20198],[4.47866,52.20467],[4.47625,52.20323],[4.47283,52.20266],[4.47138,52.20157],[4.47024,52.20227],[4.46766,52.20193],[4.46631,52.20055],[4.46347,52.2002],[4.46042,52.2022],[4.46267,52.20341],[4.46064,52.2048],[4.45565,52.20703],[4.45862,52.20824],[4.45959,52.20924],[4.46233,52.21055],[4.46251,52.21176],[4.46575,52.21314],[4.46618,52.21419],[4.46408,52.21596],[4.47036,52.21981],[4.4707,52.22176],[4.46698,52.22379],[4.46607,52.225],[4.46849,52.22662],[4.47749,52.23245],[4.47997,52.23412],[4.49492,52.24418],[4.49593,52.24486],[4.49766,52.24603],[4.50142,52.24856],[4.51349,52.25499],[4.51788,52.25273],[4.52148,52.24954],[4.52659,52.24725],[4.52518,52.24624],[4.52589,52.24578],[4.52409,52.24438],[4.52774,52.24241],[4.52783,52.24206],[4.53005,52.24116],[4.52863,52.24028],[4.52892,52.24007],[4.52742,52.23916],[4.52909,52.23833],[4.52947,52.23814],[4.52506,52.23592],[4.52491,52.23557],[4.52778,52.23389],[4.52993,52.23295],[4.53047,52.2327],[4.53048,52.2327]]]]}},{"type":"Feature","properties":{"code":"GM1581","name":"Utrechtse Heuvelrug"},"geometry":{"type":"MultiPolygon","coordinates":[[[[5.29115,52.08635],[5.32042,52.07033],[5.33261,52.07881],[5.33225,52.08416],[5.38453,52.07827],[5.38834,52.07493],[5.38982,52.07567],[5.39106,52.07507],[5.39451,52.07496],[5.4035,52.07568],[5.40589,52.07522],[5.40706,52.07258],[5.4048,52.07205],[5.40537,52.071],[5.39954,52.06921],[5.40082,52.06783],[5.39896,52.06694],[5.40053,52.06475],[5.4019,52.0643],[5.40908,52.06854],[5.40935,52.06898],[5.41005,52.06941],[5.41039,52.06918],[5.42236,52.07302],[5.42407,52.0725],[5.43338,52.07229],[5.43547,52.07285],[5.43747,52.07202],[5.43831,52.07027],[5.43645,52.06161],[5.43527,52.0596],[5.43062,52.05905],[5.42871,52.05734],[5.42833,52.05631],[5.42987,52.05287],[5.43515,52.04789],[5.4416,52.04569],[5.4457,52.04526],[5.44861,52.04324],[5.45349,52.04995],[5.46114,52.04726],[5.4621,52.04899],[5.4669,52.05116],[5.47719,52.05285],[5.48538,52.05623],[5.49143,52.05732],[5.49788,52.05702],[5.513,52.05511],[5.51568,52.05419],[5.51499,52.05263],[5.51591,52.05261],[5.51643,52.04776],[5.526,52.04137],[5.52935,52.0402],[5.52527,52.03499],[5.52232,52.03105],[5.51834,52.02588],[5.51259,52.01852],[5.51102,52.01642],[5.50789,52.01231],[5.4942,51.9949],[5.49287,51.99609],[5.4909,51.99656],[5.48529,51.99096],[5.48608,51.99085],[5.48459,51.98776],[5.4803,51.99109],[5.47926,51.9902],[5.48055,51.98875],[5.47785,51.98769],[5.47766,51.98347],[5.47269,51.98298],[5.45701,51.98368],[5.44241,51.98595],[5.43624,51.98535],[5.4304,51.98327],[5.42336,51.97876],[5.41816,51.97661],[5.39934,51.9731],[5.39098,51.97073],[5.39052,51.97125],[5.39201,51.9734],[5.39495,51.97444],[5.39416,51.97593],[5.38759,51.97631],[5.37843,51.98608],[5.39942,51.98795],[5.41528,51.9967],[5.39891,52.00292],[5.38165,52.00214],[5.36366,52.01002],[5.35026,52.01604],[5.34429,52.02019],[5.32399,52.02283],[5.31465,52.027],[5.29122,52.00835],[5.288,52.00992],[5.27991,52.01072],[5.27169,52.01461],[5.26988,52.01833],[5.26324,52.02438],[5.27087,52.0274],[5.2693,52.02917],[5.26445,52.03113],[5.2575,52.03268],[5.25747,52.03611],[5.25858,52.03726],[5.25754,52.03832],[5.25589,52.03813],[5.25108,52.03923],[5.24949,52.04099],[5.24895,52.04211],[5.24989,52.04638],[5.24801,52.04741],[5.25151,52.05332],[5.25074,52.05565],[5.24742,52.05865],[5.25212,52.06203],[5.256,52.06289],[5.25752,52.06549],[5.25935,52.06677],[5.26536,52.07021],[5.26616,52.07071],[5.29115,52.08635]]]]}},{"type":"Feature","properties":{"code":"GM1586","name":"Oost Gelre"},"geometry":{"type":"MultiPolygon","coordinates":[[[[6.62137,52.06557],[6.62374,52.06362],[6.6289,52.06424],[6.63694,52.06433],[6.63535,52.06081],[6.63218,52.06106],[6.63175,52.06083],[6.63145,52.06052],[6.63414,52.05755],[6.63647,52.05665],[6.63859,52.0605],[6.64321,52.0602],[6.64684,52.06541],[6.65114,52.0636],[6.65897,52.06304],[6.66381,52.05771],[6.66393,52.05445],[6.6618,52.0516],[6.66562,52.05011],[6.66676,52.05031],[6.6747,52.04856],[6.68404,52.04483],[6.68798,52.04437],[6.68785,52.03986],[6.68357,52.0282],[6.68067,52.028],[6.67961,52.02869],[6.67773,52.02838],[6.67206,52.0229],[6.66238,52.01741],[6.66175,52.01555],[6.65853,52.01423],[6.65665,52.01481],[6.65581,52.01356],[6.65817,52.01118],[6.65524,52.00464],[6.65446,52.00291],[6.65336,51.99993],[6.65271,51.99753],[6.65516,51.97933],[6.65706,51.97755],[6.65462,51.97632],[6.6556,51.97554],[6.6456,51.96886],[6.64253,51.96582],[6.63788,51.96499],[6.63892,51.96255],[6.63393,51.96567],[6.62872,51.96728],[6.60428,51.97028],[6.59843,51.97114],[6.59254,51.97084],[6.59174,51.97213],[6.58944,51.97171],[6.5751,51.97322],[6.56968,51.97216],[6.55935,51.97436],[6.55453,51.97376],[6.54739,51.97277],[6.52727,51.96602],[6.52464,51.9678],[6.50597,51.96914],[6.4948,51.97059],[6.48357,51.97428],[6.48296,51.97369],[6.48147,51.97389],[6.4732,51.97604],[6.46785,51.97822],[6.46693,51.97862],[6.46873,51.9811],[6.47577,51.98814],[6.46006,51.99515],[6.45921,51.99775],[6.46749,52.00076],[6.46027,52.00617],[6.46563,52.0077],[6.46187,52.01203],[6.46183,52.01376],[6.46033,52.01458],[6.46206,52.01691],[6.4592,52.01872],[6.46219,52.0217],[6.46495,52.0206],[6.48007,52.03295],[6.48339,52.03135],[6.48597,52.03339],[6.48667,52.03393],[6.48791,52.03231],[6.49017,52.03396],[6.49064,52.03561],[6.49162,52.03636],[6.49281,52.03589],[6.4943,52.03785],[6.4996,52.03582],[6.50871,52.04427],[6.51483,52.04049],[6.51729,52.04241],[6.52263,52.03816],[6.53912,52.02522],[6.57152,52.03099],[6.58689,52.03799],[6.5899,52.03924],[6.59043,52.04069],[6.5908,52.04147],[6.59423,52.04227],[6.59624,52.04282],[6.59596,52.04631],[6.59659,52.04725],[6.59878,52.04917],[6.60145,52.05028],[6.60262,52.05012],[6.60548,52.05186],[6.60439,52.05556],[6.60644,52.06022],[6.60629,52.06518],[6.60745,52.06567],[6.61309,52.06804],[6.62137,52.06557]]]]}},{"type":"Feature","properties":{"code":"GM1598","name":"Koggenland"},"geometry":{"type":"MultiPolygon","coordinates":[[[[4.95078,52.67287],[4.95274,52.67177],[4.95289,52.67213],[4.96056,52.67374],[4.96079,52.67352],[4.96176,52.67371],[4.96167,52.67461],[4.96213,52.67603],[4.96341,52.6756],[4.96474,52.67628],[4.96474,52.67705],[4.96632,52.6772],[4.96642,52.67855],[4.96957,52.67892],[4.97062,52.67963],[4.97158,52.67916],[4.97676,52.67742],[4.9792,52.67968],[4.98301,52.6751],[5.00235,52.67493],[5.00149,52.67372],[5.00354,52.67336],[5.00341,52.67049],[5.0061,52.67027],[5.01265,52.66828],[5.02131,52.66441],[5.03476,52.66656],[5.03658,52.66206],[5.03893,52.65614],[5.03768,52.65023],[5.03814,52.64896],[5.03714,52.64766],[5.03407,52.64575],[5.02992,52.64351],[5.02703,52.64199],[5.02639,52.64174],[5.01829,52.63826],[5.01487,52.635],[5.01354,52.63043],[5.01649,52.63085],[5.01686,52.63028],[5.0189,52.62992],[5.01692,52.62453],[5.01719,52.61869],[5.01966,52.61245],[5.01885,52.61244],[5.01865,52.61206],[5.00669,52.61052],[5.00795,52.6078],[5.00488,52.59757],[4.94985,52.59529],[4.94926,52.59953],[4.95252,52.60117],[4.95694,52.60222],[4.95867,52.60326],[4.95931,52.60468],[4.95663,52.61067],[4.95385,52.61314],[4.95333,52.61339],[4.95093,52.61411],[4.9485,52.61355],[4.93769,52.60738],[4.92895,52.60517],[4.92692,52.6067],[4.92579,52.60948],[4.92204,52.61148],[4.89693,52.61335],[4.88399,52.61314],[4.88725,52.62259],[4.8894,52.62392],[4.88805,52.62738],[4.88535,52.63014],[4.88137,52.63344],[4.87553,52.63411],[4.8734,52.63444],[4.8734,52.63445],[4.87328,52.63473],[4.87583,52.63521],[4.87653,52.63631],[4.87672,52.64053],[4.87523,52.64243],[4.86507,52.64944],[4.8627,52.653],[4.86318,52.65647],[4.8662,52.65976],[4.8682,52.66416],[4.87078,52.66784],[4.87409,52.67546],[4.87571,52.67773],[4.87939,52.68008],[4.87629,52.68634],[4.87938,52.68802],[4.88198,52.6881],[4.8887,52.69046],[4.89142,52.69518],[4.89986,52.69759],[4.91085,52.69991],[4.91586,52.69934],[4.91811,52.69692],[4.91752,52.69396],[4.91732,52.69296],[4.9171,52.69287],[4.91413,52.6915],[4.90498,52.68727],[4.90562,52.68642],[4.9181,52.6828],[4.91877,52.68257],[4.92272,52.68184],[4.92395,52.68158],[4.92518,52.68119],[4.92814,52.68027],[4.93385,52.67865],[4.94941,52.67448],[4.95078,52.67287]]]]}},{"type":"Feature","properties":{"code":"GM1621","name":"Lansingerland"},"geometry":{"type":"MultiPolygon","coordinates":[[[[4.56504,52.05857],[4.56106,52.04206],[4.5633,52.03828],[4.56346,52.03578],[4.56014,52.03319],[4.55935,52.03141],[4.55822,52.02891],[4.55678,52.0184],[4.55712,52.01394],[4.55487,52.00595],[4.55344,52.00392],[4.54989,51.99575],[4.547,51.99394],[4.54839,51.99256],[4.54634,51.99151],[4.54691,51.99023],[4.54739,51.98875],[4.54842,51.98496],[4.54816,51.98329],[4.55089,51.98187],[4.55199,51.97887],[4.55376,51.97704],[4.55193,51.97474],[4.54769,51.97281],[4.54565,51.97232],[4.53995,51.96989],[4.53578,51.97045],[4.53498,51.96827],[4.52876,51.96702],[4.52782,51.96566],[4.52365,51.96393],[4.52095,51.96341],[4.51859,51.96029],[4.5139,51.96265],[4.5131,51.96292],[4.51225,51.96242],[4.50584,51.96565],[4.50658,51.96638],[4.49686,51.97131],[4.4958,51.97184],[4.49523,51.96742],[4.49101,51.96955],[4.48325,51.97336],[4.47056,51.97978],[4.46952,51.9803],[4.46901,51.98055],[4.46897,51.98053],[4.46887,51.98048],[4.46945,51.98019],[4.46819,51.97927],[4.46668,51.9785],[4.4658,51.97893],[4.46412,51.97831],[4.46324,51.97753],[4.46402,51.97715],[4.46168,51.97512],[4.46135,51.97484],[4.46222,51.97268],[4.46016,51.97161],[4.46037,51.9691],[4.45682,51.96731],[4.45088,51.96589],[4.44668,51.96279],[4.42897,51.97588],[4.4279,51.97647],[4.42445,51.97961],[4.44725,51.99241],[4.45057,51.9957],[4.4508,51.99588],[4.45281,51.99723],[4.45139,51.99814],[4.44978,52.0005],[4.45193,52.00084],[4.45873,52.00221],[4.45887,52.00467],[4.45704,52.00494],[4.45535,52.00642],[4.45639,52.00851],[4.46156,52.01265],[4.45839,52.01602],[4.45944,52.01705],[4.45811,52.01853],[4.4572,52.02217],[4.45735,52.02226],[4.45796,52.02235],[4.46057,52.02321],[4.4613,52.02389],[4.46304,52.02421],[4.46347,52.02422],[4.46449,52.02463],[4.46717,52.02535],[4.46799,52.02579],[4.46811,52.02649],[4.47671,52.03164],[4.47703,52.03128],[4.47768,52.03139],[4.47738,52.03179],[4.48801,52.03186],[4.50471,52.03193],[4.50706,52.03283],[4.51207,52.03683],[4.51828,52.04099],[4.519,52.04138],[4.51925,52.04153],[4.52258,52.04339],[4.53511,52.04961],[4.54508,52.04886],[4.54755,52.05037],[4.54934,52.05474],[4.55053,52.0563],[4.55718,52.06124],[4.55781,52.06174],[4.56504,52.05857]]]]}},{"type":"Feature","properties":{"code":"GM1640","name":"Leudal"},"geometry":{"type":"MultiPolygon","coordinates":[[[[5.88674,51.31475],[5.90995,51.30792],[5.90757,51.31324],[5.91533,51.31109],[5.91933,51.30999],[5.9336,51.30605],[5.9547,51.30028],[5.97117,51.29316],[5.98668,51.2866],[6.00827,51.27753],[6.01101,51.27155],[6.00961,51.26576],[6.00735,51.26436],[6.00576,51.26229],[6.00588,51.25868],[6.0091,51.25079],[6.00634,51.24014],[6.00533,51.23779],[6.00199,51.23395],[5.99483,51.2296],[5.98602,51.22716],[5.98,51.22333],[5.9712,51.21316],[5.96515,51.20877],[5.95132,51.20116],[5.94992,51.20204],[5.94701,51.20241],[5.94672,51.2034],[5.94566,51.20356],[5.9256,51.20372],[5.91957,51.20565],[5.91413,51.20891],[5.90701,51.20555],[5.90599,51.20641],[5.90818,51.2075],[5.90921,51.20944],[5.90788,51.21143],[5.89417,51.21602],[5.89165,51.21421],[5.88948,51.21538],[5.88364,51.21336],[5.87826,51.20961],[5.87283,51.2034],[5.87325,51.20194],[5.87209,51.19951],[5.86855,51.19682],[5.86824,51.19508],[5.87373,51.19094],[5.84872,51.17943],[5.84804,51.17913],[5.84856,51.17828],[5.85247,51.17458],[5.84609,51.17859],[5.82696,51.17058],[5.82765,51.16904],[5.82617,51.16781],[5.82701,51.16733],[5.82642,51.16683],[5.82431,51.16784],[5.82229,51.16622],[5.81608,51.16326],[5.81571,51.1616],[5.81469,51.16107],[5.81503,51.15885],[5.81386,51.15875],[5.80897,51.16134],[5.80632,51.16281],[5.80579,51.16238],[5.80494,51.16287],[5.80273,51.16121],[5.80199,51.16004],[5.80258,51.15948],[5.7987,51.15765],[5.79181,51.15699],[5.78651,51.15474],[5.78508,51.15311],[5.77764,51.1513],[5.77667,51.1544],[5.77476,51.15468],[5.77716,51.15741],[5.77645,51.15771],[5.77948,51.15938],[5.7794,51.16332],[5.77844,51.1633],[5.77782,51.16254],[5.77596,51.16305],[5.77678,51.16324],[5.77636,51.16533],[5.77404,51.16529],[5.77446,51.16394],[5.77302,51.1645],[5.77019,51.16422],[5.76956,51.16908],[5.77045,51.17002],[5.77261,51.1695],[5.77738,51.17072],[5.77973,51.1718],[5.77937,51.17216],[5.77386,51.17269],[5.77295,51.17337],[5.77673,51.17848],[5.76716,51.18369],[5.75596,51.18446],[5.75687,51.1854],[5.75314,51.1861],[5.74909,51.18868],[5.74564,51.1895],[5.7457,51.19057],[5.74655,51.19056],[5.74684,51.19244],[5.74737,51.19242],[5.74582,51.19384],[5.75183,51.20009],[5.75364,51.20318],[5.75291,51.20518],[5.75586,51.20683],[5.75334,51.20794],[5.75154,51.2075],[5.74921,51.20848],[5.75084,51.20968],[5.75177,51.21361],[5.75526,51.21544],[5.75687,51.21614],[5.76065,51.21647],[5.76439,51.21588],[5.76851,51.21485],[5.77319,51.21513],[5.77458,51.21593],[5.77478,51.218],[5.77584,51.21901],[5.78177,51.22014],[5.78974,51.23388],[5.79005,51.2365],[5.79177,51.23754],[5.79487,51.23707],[5.80296,51.23787],[5.80826,51.24044],[5.8117,51.24093],[5.81803,51.242],[5.8283,51.24103],[5.83266,51.24114],[5.83557,51.24139],[5.84048,51.24477],[5.84577,51.24556],[5.84931,51.2454],[5.85221,51.24363],[5.85344,51.24449],[5.85562,51.24925],[5.85499,51.25366],[5.84993,51.2566],[5.84674,51.25553],[5.84225,51.26245],[5.83474,51.27343],[5.83383,51.27494],[5.83942,51.27772],[5.83792,51.27972],[5.85066,51.29154],[5.86072,51.3108],[5.87782,51.31658],[5.88674,51.31475]]]]}},{"type":"Feature","properties":{"code":"GM1641","name":"Maasgouw"},"geometry":{"type":"MultiPolygon","coordinates":[[[[5.89417,51.21602],[5.90788,51.21143],[5.90921,51.20944],[5.90818,51.2075],[5.90599,51.20641],[5.90701,51.20555],[5.91413,51.20891],[5.91957,51.20565],[5.9256,51.20372],[5.94566,51.20356],[5.94672,51.2034],[5.94701,51.20241],[5.94992,51.20204],[5.95132,51.20116],[5.93166,51.18997],[5.9255,51.18451],[5.9213,51.17898],[5.92556,51.17715],[5.92224,51.17218],[5.91724,51.1687],[5.92281,51.16966],[5.92811,51.16865],[5.93501,51.16476],[5.93874,51.1618],[5.94251,51.16042],[5.94698,51.16072],[5.94716,51.16018],[5.95251,51.15882],[5.95548,51.15904],[5.94344,51.1515],[5.93026,51.14343],[5.91389,51.1332],[5.91156,51.13179],[5.90798,51.13479],[5.90338,51.13302],[5.90146,51.13421],[5.89827,51.13483],[5.89777,51.13595],[5.89658,51.13596],[5.89525,51.13525],[5.89355,51.13516],[5.89063,51.1344],[5.88661,51.13501],[5.88284,51.1334],[5.88157,51.13483],[5.8743,51.13425],[5.87283,51.13488],[5.87228,51.13511],[5.86616,51.12725],[5.85795,51.11678],[5.85109,51.10918],[5.85083,51.10927],[5.84925,51.10987],[5.84468,51.10526],[5.83766,51.10324],[5.8335,51.09955],[5.8334,51.10375],[5.82888,51.10704],[5.82359,51.10835],[5.81376,51.10768],[5.81086,51.10887],[5.80836,51.1112],[5.80783,51.11403],[5.80985,51.11842],[5.81596,51.12217],[5.81899,51.12527],[5.82375,51.12876],[5.82752,51.1301],[5.84011,51.13084],[5.84233,51.13221],[5.84367,51.13459],[5.8435,51.13733],[5.84584,51.14076],[5.85562,51.1447],[5.84654,51.14893],[5.846,51.14872],[5.84029,51.15233],[5.83635,51.15368],[5.83695,51.15511],[5.83861,51.15709],[5.83582,51.15761],[5.83515,51.15839],[5.83288,51.15904],[5.83339,51.16123],[5.83141,51.16316],[5.83007,51.16406],[5.82818,51.16428],[5.82754,51.16617],[5.82642,51.16683],[5.82701,51.16733],[5.82617,51.16781],[5.82765,51.16904],[5.82696,51.17058],[5.84609,51.17859],[5.85247,51.17458],[5.84856,51.17828],[5.84804,51.17913],[5.84872,51.17943],[5.87373,51.19094],[5.86824,51.19508],[5.86855,51.19682],[5.87209,51.19951],[5.87325,51.20194],[5.87283,51.2034],[5.87826,51.20961],[5.88364,51.21336],[5.88948,51.21538],[5.89165,51.21421],[5.89417,51.21602]]]]}},{"type":"Feature","properties":{"code":"GM1652","name":"Gemert-Bakel"},"geometry":{"type":"MultiPolygon","coordinates":[[[[5.78834,51.59419],[5.80058,51.57862],[5.80958,51.57408],[5.82022,51.56867],[5.82278,51.56829],[5.83824,51.56641],[5.84768,51.52529],[5.85102,51.51084],[5.85257,51.50414],[5.80134,51.49389],[5.79903,51.4941],[5.79164,51.49148],[5.77383,51.48865],[5.76826,51.48897],[5.7559,51.48783],[5.74261,51.48556],[5.73815,51.48524],[5.73533,51.48431],[5.73179,51.48603],[5.73043,51.48622],[5.72862,51.48609],[5.72564,51.48436],[5.72347,51.48421],[5.72172,51.48513],[5.72068,51.48716],[5.71874,51.48858],[5.71298,51.49053],[5.71207,51.4915],[5.71267,51.49414],[5.71211,51.49493],[5.70732,51.49722],[5.70505,51.49753],[5.70599,51.4994],[5.70769,51.49922],[5.70784,51.49999],[5.70818,51.50183],[5.69739,51.50413],[5.68414,51.5077],[5.686,51.51274],[5.68407,51.51323],[5.68529,51.51517],[5.68452,51.51778],[5.68157,51.51839],[5.67674,51.52435],[5.67454,51.52578],[5.68065,51.5259],[5.6813,51.52636],[5.6777,51.52726],[5.67837,51.52836],[5.68217,51.52764],[5.67745,51.53086],[5.67453,51.53326],[5.66685,51.54067],[5.66048,51.55133],[5.65945,51.55376],[5.65248,51.56968],[5.65438,51.57125],[5.65609,51.57368],[5.65649,51.57427],[5.65652,51.57479],[5.65424,51.5764],[5.65267,51.57832],[5.65136,51.58236],[5.65805,51.58315],[5.6602,51.58298],[5.68553,51.58374],[5.6871,51.58381],[5.69938,51.58412],[5.70614,51.58709],[5.70905,51.58555],[5.70979,51.58584],[5.70939,51.58626],[5.70997,51.58635],[5.72948,51.58981],[5.73262,51.59037],[5.75861,51.59395],[5.78668,51.59821],[5.78834,51.59419]]]]}},{"type":"Feature","properties":{"code":"GM1655","name":"Halderberge"},"geometry":{"type":"MultiPolygon","coordinates":[[[[4.59291,51.62444],[4.59613,51.62411],[4.60123,51.62524],[4.60435,51.62086],[4.60357,51.6172],[4.60671,51.61662],[4.60891,51.61495],[4.60929,51.61316],[4.61093,51.6122],[4.61073,51.60954],[4.61389,51.60804],[4.61061,51.60314],[4.60867,51.60217],[4.5968,51.59035],[4.59825,51.58562],[4.59856,51.58438],[4.59598,51.57568],[4.59596,51.57336],[4.59467,51.56674],[4.59065,51.56598],[4.59042,51.56494],[4.59222,51.56129],[4.59176,51.56103],[4.5849,51.55963],[4.58288,51.56042],[4.58175,51.56027],[4.58201,51.55905],[4.56802,51.5562],[4.56684,51.55596],[4.55049,51.55271],[4.54731,51.55236],[4.54644,51.55365],[4.54537,51.55391],[4.54464,51.55295],[4.54508,51.55165],[4.54242,51.55109],[4.53348,51.54927],[4.53036,51.54926],[4.52807,51.552],[4.52869,51.55549],[4.5309,51.55989],[4.53662,51.56578],[4.50945,51.56856],[4.50871,51.56555],[4.50496,51.56603],[4.50415,51.56299],[4.50163,51.56327],[4.5002,51.55854],[4.48685,51.56044],[4.48099,51.56097],[4.47401,51.56075],[4.47301,51.56221],[4.46991,51.56304],[4.46639,51.56204],[4.4658,51.56104],[4.45754,51.56146],[4.45695,51.56261],[4.45325,51.56354],[4.45301,51.56668],[4.44858,51.56573],[4.44467,51.56923],[4.444,51.5691],[4.43293,51.5828],[4.42992,51.59025],[4.42934,51.59388],[4.42802,51.60541],[4.42667,51.61174],[4.43155,51.61085],[4.43246,51.61289],[4.43193,51.61391],[4.43377,51.61594],[4.4357,51.61517],[4.43783,51.61712],[4.44354,51.61509],[4.45484,51.61421],[4.46137,51.61438],[4.47144,51.61597],[4.47603,51.61836],[4.48044,51.61972],[4.48428,51.62008],[4.48774,51.61964],[4.49244,51.61753],[4.49616,51.61317],[4.50217,51.60875],[4.50799,51.6071],[4.51376,51.60675],[4.51655,51.60713],[4.51913,51.60783],[4.52549,51.6127],[4.53087,51.61595],[4.53689,51.61715],[4.5432,51.61767],[4.54913,51.61989],[4.55325,51.62247],[4.55457,51.62488],[4.5567,51.62689],[4.56044,51.62882],[4.57108,51.6304],[4.57768,51.62963],[4.58919,51.6252],[4.59291,51.62444]]]]}},{"type":"Feature","properties":{"code":"GM1658","name":"Heeze-Leende"},"geometry":{"type":"MultiPolygon","coordinates":[[[[5.63787,51.40671],[5.639,51.39797],[5.63892,51.38917],[5.63894,51.38912],[5.65365,51.35625],[5.65471,51.35388],[5.64753,51.35208],[5.64877,51.35017],[5.6426,51.3484],[5.63992,51.34674],[5.63954,51.3431],[5.64064,51.34186],[5.64019,51.33957],[5.63672,51.34084],[5.63664,51.33783],[5.64097,51.33746],[5.64412,51.33639],[5.6433,51.33371],[5.64128,51.33408],[5.63859,51.33186],[5.63446,51.3334],[5.63313,51.33131],[5.63493,51.33022],[5.63129,51.32754],[5.62115,51.33119],[5.61897,51.32895],[5.61005,51.33082],[5.60532,51.3318],[5.60243,51.33099],[5.58546,51.32621],[5.56793,51.32109],[5.53759,51.30756],[5.52849,51.30275],[5.51577,51.2952],[5.48486,51.3],[5.48573,51.30243],[5.48919,51.30647],[5.49068,51.3103],[5.49137,51.31422],[5.49009,51.31668],[5.48905,51.31837],[5.48293,51.32134],[5.47717,51.32752],[5.47602,51.33122],[5.4736,51.33398],[5.47813,51.33838],[5.48165,51.34071],[5.49603,51.34651],[5.49667,51.35265],[5.49429,51.35329],[5.49383,51.35404],[5.49414,51.35549],[5.52718,51.36694],[5.51642,51.37834],[5.512,51.38381],[5.50487,51.40015],[5.50518,51.40342],[5.50761,51.40453],[5.52581,51.4047],[5.53558,51.40461],[5.53638,51.40319],[5.5577,51.40546],[5.55786,51.40551],[5.56078,51.40616],[5.56137,51.4049],[5.56425,51.40488],[5.56642,51.40554],[5.56597,51.40735],[5.56919,51.40878],[5.58536,51.41429],[5.59868,51.41833],[5.63901,51.42246],[5.63787,51.40671]]]]}},{"type":"Feature","properties":{"code":"GM1659","name":"Laarbeek"},"geometry":{"type":"MultiPolygon","coordinates":[[[[5.65945,51.55376],[5.66048,51.55133],[5.66685,51.54067],[5.67453,51.53326],[5.67745,51.53086],[5.68217,51.52764],[5.67837,51.52836],[5.6777,51.52726],[5.6813,51.52636],[5.68065,51.5259],[5.67454,51.52578],[5.67674,51.52435],[5.68157,51.51839],[5.68452,51.51778],[5.68529,51.51517],[5.68407,51.51323],[5.686,51.51274],[5.68414,51.5077],[5.68296,51.50448],[5.67267,51.50544],[5.66995,51.50414],[5.6751,51.49895],[5.66358,51.50226],[5.6564,51.50731],[5.65252,51.50401],[5.65025,51.50375],[5.64638,51.5021],[5.64416,51.50124],[5.64114,51.4983],[5.63482,51.49488],[5.63094,51.49511],[5.62693,51.49627],[5.62607,51.49829],[5.62204,51.49809],[5.61873,51.49864],[5.61483,51.50045],[5.61056,51.50473],[5.61124,51.50797],[5.60965,51.50922],[5.57993,51.49876],[5.57673,51.49945],[5.56655,51.50167],[5.55765,51.50937],[5.55438,51.51899],[5.54791,51.53808],[5.54744,51.53773],[5.54304,51.54],[5.54521,51.54169],[5.53795,51.55132],[5.53308,51.5578],[5.54524,51.5581],[5.55534,51.55852],[5.58434,51.56273],[5.60741,51.55969],[5.61422,51.5546],[5.61819,51.55584],[5.61923,51.554],[5.62179,51.55327],[5.62567,51.5551],[5.64033,51.56442],[5.65248,51.56968],[5.65945,51.55376]]]]}},{"type":"Feature","properties":{"code":"GM1667","name":"Reusel-De Mierden"},"geometry":{"type":"MultiPolygon","coordinates":[[[[5.17077,51.42973],[5.17346,51.42824],[5.17815,51.43026],[5.18498,51.42876],[5.19018,51.43011],[5.19102,51.43022],[5.19085,51.41821],[5.19475,51.39996],[5.19992,51.39171],[5.20096,51.39007],[5.1974,51.38402],[5.19927,51.38231],[5.19301,51.37826],[5.18851,51.37762],[5.18799,51.37451],[5.18541,51.37584],[5.18322,51.37579],[5.18435,51.37476],[5.19066,51.3719],[5.1921,51.36677],[5.1906,51.36623],[5.19214,51.3648],[5.19742,51.36272],[5.19539,51.36229],[5.19642,51.36159],[5.19194,51.36147],[5.19191,51.35627],[5.19234,51.35074],[5.19449,51.35108],[5.19629,51.34984],[5.19607,51.348],[5.19387,51.34523],[5.2047,51.32544],[5.20025,51.32266],[5.19656,51.32036],[5.19056,51.32007],[5.17306,51.31577],[5.16264,51.31032],[5.13435,51.3155],[5.13171,51.34677],[5.12628,51.35023],[5.1194,51.35564],[5.11657,51.36112],[5.07118,51.39349],[5.09546,51.4225],[5.10202,51.42892],[5.11946,51.42827],[5.1525,51.42897],[5.15321,51.42835],[5.15795,51.42883],[5.15855,51.43217],[5.17077,51.42973]]]]}},{"type":"Feature","properties":{"code":"GM1669","name":"Roerdalen"},"geometry":{"type":"MultiPolygon","coordinates":[[[[6.14589,51.17049],[6.17542,51.15846],[6.17011,51.15524],[6.16285,51.15267],[6.16334,51.1487],[6.15737,51.14888],[6.15535,51.14819],[6.15254,51.14803],[6.14768,51.14861],[6.14477,51.14703],[6.14179,51.14649],[6.13348,51.14517],[6.12597,51.14491],[6.12162,51.14273],[6.12147,51.14109],[6.11985,51.14058],[6.1197,51.14045],[6.11921,51.1403],[6.1097,51.13767],[6.10343,51.13641],[6.10045,51.13642],[6.0963,51.13476],[6.09175,51.13491],[6.08919,51.13016],[6.08727,51.12935],[6.08884,51.12802],[6.08685,51.12758],[6.08442,51.12602],[6.08644,51.12565],[6.08699,51.12459],[6.08364,51.12392],[6.08108,51.12587],[6.08001,51.12425],[6.08055,51.12214],[6.07561,51.12084],[6.0762,51.11951],[6.07571,51.11912],[6.07127,51.11797],[6.06889,51.11809],[6.0624,51.11685],[6.06029,51.11593],[6.05757,51.11356],[6.05737,51.11331],[6.05664,51.11244],[6.05524,51.11074],[6.05683,51.10955],[6.04468,51.1013],[6.0444,51.10112],[6.04294,51.1012],[6.03646,51.09653],[6.03047,51.10174],[6.02918,51.10489],[6.02844,51.10634],[6.02821,51.10716],[6.02397,51.10664],[6.02264,51.10906],[6.02421,51.10987],[6.02198,51.11337],[6.01335,51.11671],[6.01395,51.11792],[6.00076,51.11414],[5.9977,51.11884],[5.9909,51.12041],[5.9848,51.12065],[5.98299,51.11809],[5.98206,51.11861],[5.97849,51.11584],[5.97608,51.11709],[5.97212,51.11469],[5.96533,51.11844],[5.96177,51.11704],[5.9626,51.11649],[5.95605,51.11478],[5.95657,51.11382],[5.95423,51.1132],[5.95335,51.11452],[5.95156,51.11293],[5.94809,51.11258],[5.94752,51.11334],[5.94348,51.11289],[5.94042,51.11269],[5.94134,51.11383],[5.9405,51.11433],[5.92675,51.11377],[5.92582,51.1143],[5.91923,51.12071],[5.91437,51.1283],[5.91638,51.13045],[5.91389,51.1332],[5.93026,51.14343],[5.94344,51.1515],[5.95548,51.15904],[5.97474,51.1709],[5.98356,51.17623],[5.98466,51.1747],[5.98769,51.17519],[5.98902,51.17345],[5.98618,51.1704],[5.98682,51.16939],[5.98989,51.17066],[5.99255,51.17023],[5.99129,51.16852],[5.99156,51.16756],[5.99455,51.16615],[5.99505,51.1685],[5.99792,51.16817],[5.99755,51.16592],[5.99933,51.1642],[5.99919,51.16217],[6.00198,51.16252],[6.00597,51.16316],[6.00611,51.16371],[6.00768,51.16393],[6.01346,51.16651],[6.01479,51.16591],[6.01907,51.16434],[6.02607,51.16402],[6.02762,51.16208],[6.02946,51.16113],[6.03248,51.16087],[6.03564,51.16141],[6.03611,51.1609],[6.03738,51.16099],[6.03753,51.16139],[6.03987,51.1616],[6.04011,51.16054],[6.04785,51.16127],[6.05562,51.16211],[6.05486,51.16244],[6.05657,51.16355],[6.06356,51.16552],[6.06007,51.17091],[6.05,51.17215],[6.04814,51.17484],[6.05707,51.1757],[6.0546,51.1797],[6.05528,51.18436],[6.06103,51.18356],[6.06659,51.18405],[6.07314,51.18282],[6.07851,51.17719],[6.08219,51.17163],[6.09,51.17035],[6.0937,51.1704],[6.09584,51.17112],[6.09968,51.16983],[6.1021,51.1718],[6.10749,51.1727],[6.1127,51.17486],[6.11555,51.17788],[6.1224,51.1813],[6.16517,51.19441],[6.18072,51.18636],[6.1388,51.17334],[6.14589,51.17049]]]]}},{"type":"Feature","properties":{"code":"GM1674","name":"Roosendaal"},"geometry":{"type":"MultiPolygon","coordinates":[[[[4.44467,51.56923],[4.44858,51.56573],[4.45301,51.56668],[4.45325,51.56354],[4.45695,51.56261],[4.45754,51.56146],[4.4658,51.56104],[4.46639,51.56204],[4.46991,51.56304],[4.47301,51.56221],[4.47401,51.56075],[4.48099,51.56097],[4.48685,51.56044],[4.5002,51.55854],[4.49808,51.54994],[4.49747,51.54627],[4.49879,51.5457],[4.49883,51.54479],[4.50679,51.54363],[4.51131,51.54398],[4.51444,51.5419],[4.51583,51.54209],[4.51579,51.543],[4.52319,51.54256],[4.52141,51.53309],[4.52197,51.53178],[4.52042,51.52899],[4.52119,51.52895],[4.51958,51.52708],[4.52014,51.52656],[4.51966,51.5254],[4.51765,51.52539],[4.51595,51.52152],[4.51356,51.5216],[4.51433,51.5179],[4.50269,51.51675],[4.50218,51.51672],[4.49852,51.50986],[4.49665,51.5083],[4.4981,51.50181],[4.49789,51.50143],[4.49031,51.48699],[4.49286,51.48329],[4.48541,51.48162],[4.48668,51.47735],[4.48024,51.47828],[4.47649,51.47827],[4.47165,51.47625],[4.46734,51.47298],[4.46671,51.47199],[4.4649,51.47113],[4.46472,51.47101],[4.46456,51.47115],[4.45705,51.46982],[4.44701,51.46897],[4.44256,51.46869],[4.44245,51.46864],[4.39108,51.45149],[4.38341,51.45511],[4.36697,51.45672],[4.3614,51.47122],[4.36267,51.47169],[4.36163,51.47637],[4.37165,51.47909],[4.37182,51.48391],[4.37264,51.48777],[4.36388,51.49119],[4.35817,51.4926],[4.35159,51.49993],[4.34954,51.50348],[4.35118,51.50385],[4.3544,51.50578],[4.35396,51.50645],[4.35055,51.5057],[4.35246,51.5143],[4.3516,51.5177],[4.35014,51.51837],[4.34219,51.51805],[4.34081,51.52179],[4.34046,51.52267],[4.34278,51.52639],[4.33764,51.52756],[4.32989,51.52824],[4.32953,51.52932],[4.32565,51.52961],[4.32841,51.53073],[4.32872,51.53175],[4.32757,51.53519],[4.31462,51.54108],[4.30691,51.5435],[4.30828,51.54672],[4.31631,51.5455],[4.31798,51.55122],[4.36158,51.54591],[4.3736,51.544],[4.37809,51.54431],[4.41147,51.5516],[4.42688,51.55238],[4.4282,51.5536],[4.42903,51.5557],[4.43838,51.55639],[4.44108,51.55849],[4.44195,51.56739],[4.444,51.5691],[4.44467,51.56923]]]]}},{"type":"Feature","properties":{"code":"GM1676","name":"Schouwen-Duiveland"},"geometry":{"type":"MultiPolygon","coordinates":[[[[3.84198,51.75336],[3.84158,51.75225],[3.83767,51.75014],[3.83731,51.74933],[3.8354,51.74988],[3.8404,51.7525],[3.84056,51.75333],[3.83746,51.75528],[3.83108,51.75242],[3.82992,51.7513],[3.83192,51.75042],[3.83079,51.74928],[3.82749,51.74894],[3.8271,51.74767],[3.82773,51.74737],[3.82602,51.74038],[3.82674,51.73958],[3.82589,51.73949],[3.8258,51.73885],[3.83011,51.73947],[3.83078,51.74005],[3.83593,51.73885],[3.83881,51.73926],[3.84207,51.73876],[3.84629,51.74047],[3.84705,51.74014],[3.84485,51.73966],[3.84477,51.73916],[3.84632,51.73883],[3.84724,51.73916],[3.84692,51.73864],[3.85,51.73751],[3.85144,51.7386],[3.84721,51.73974],[3.8477,51.74013],[3.85472,51.73848],[3.87327,51.74153],[3.88752,51.74423],[3.88973,51.7435],[3.89155,51.74381],[3.88947,51.74296],[3.8911,51.74012],[3.89388,51.74036],[3.89453,51.74106],[3.89883,51.74004],[3.9037,51.73767],[3.90337,51.7369],[3.90684,51.73313],[3.90889,51.73288],[3.91114,51.73188],[3.91297,51.72972],[3.91283,51.72925],[3.91225,51.72963],[3.91175,51.72936],[3.91374,51.72751],[3.91534,51.72834],[3.91495,51.72859],[3.9134,51.72974],[3.91389,51.73135],[3.91891,51.732],[3.9207,51.73146],[3.92179,51.73182],[3.92686,51.73162],[3.94323,51.73431],[3.94419,51.73335],[3.96091,51.73344],[3.96468,51.73407],[3.9713,51.73362],[3.97333,51.73287],[3.9702,51.7267],[3.9718,51.72651],[3.97471,51.73184],[3.97874,51.73029],[3.97917,51.72954],[3.97724,51.72936],[3.9795,51.72724],[3.98273,51.72567],[3.98296,51.72317],[3.98477,51.71997],[3.98246,51.71774],[3.99148,51.71391],[4.00707,51.70312],[4.01128,51.69753],[4.01488,51.68669],[4.02094,51.68474],[4.02228,51.68504],[4.02707,51.68439],[4.02813,51.68288],[4.02993,51.68255],[4.04044,51.68462],[4.04424,51.68464],[4.05334,51.68113],[4.05548,51.67931],[4.06444,51.67758],[4.06856,51.6752],[4.07133,51.67497],[4.07624,51.67592],[4.07795,51.67518],[4.07436,51.67413],[4.07433,51.6736],[4.08078,51.67095],[4.08305,51.67187],[4.08402,51.67157],[4.08317,51.67051],[4.08663,51.66917],[4.08831,51.67079],[4.0888,51.67066],[4.08737,51.66888],[4.09171,51.66708],[4.10908,51.67762],[4.11418,51.67929],[4.11482,51.67873],[4.12057,51.67961],[4.12177,51.67936],[4.12119,51.67812],[4.12255,51.6775],[4.12495,51.67768],[4.12563,51.67866],[4.129,51.67961],[4.12826,51.67854],[4.1303,51.67797],[4.13162,51.67887],[4.13647,51.67861],[4.13705,51.67957],[4.1445,51.67916],[4.14873,51.67974],[4.15548,51.68342],[4.15735,51.68249],[4.15631,51.68117],[4.15586,51.67556],[4.16328,51.66771],[4.17163,51.66826],[4.17376,51.6672],[4.16623,51.66725],[4.16585,51.66575],[4.16181,51.6653],[4.16191,51.66466],[4.17481,51.66547],[4.18015,51.66427],[4.18307,51.66298],[4.17736,51.66456],[4.16421,51.66423],[4.16366,51.66292],[4.16202,51.66274],[4.1622,51.66037],[4.18039,51.6605],[4.18274,51.6609],[4.18345,51.65953],[4.18275,51.65941],[4.18112,51.65998],[4.17807,51.6593],[4.17456,51.65932],[4.17069,51.66003],[4.16689,51.65922],[4.16607,51.65843],[4.16647,51.65645],[4.16921,51.65442],[4.17531,51.65366],[4.18043,51.65414],[4.18242,51.65358],[4.18101,51.64936],[4.18728,51.64705],[4.1914,51.6445],[4.19345,51.64216],[4.19414,51.63903],[4.19318,51.63876],[4.19061,51.64352],[4.18486,51.64717],[4.17721,51.64963],[4.17484,51.64738],[4.17265,51.64715],[4.15648,51.65382],[4.15593,51.65443],[4.15942,51.6579],[4.15772,51.6591],[4.15677,51.65906],[4.15213,51.65519],[4.13779,51.6574],[4.13859,51.65917],[4.14669,51.65943],[4.15726,51.66056],[4.15711,51.66226],[4.15596,51.6623],[4.15502,51.66373],[4.15237,51.66394],[4.14305,51.66365],[4.13773,51.66179],[4.13757,51.66198],[4.14306,51.66387],[4.16006,51.66463],[4.16002,51.66516],[4.15927,51.66517],[4.15918,51.66555],[4.15573,51.66554],[4.16026,51.66725],[4.15958,51.66951],[4.15602,51.67374],[4.1538,51.67575],[4.15195,51.67619],[4.14994,51.67837],[4.14302,51.67525],[4.13886,51.67676],[4.10888,51.67377],[4.10506,51.67284],[4.1047,51.672],[4.10223,51.67097],[4.10063,51.67116],[4.09534,51.66747],[4.09667,51.66659],[4.09549,51.66581],[4.0947,51.6662],[4.09418,51.66582],[4.09825,51.66415],[4.10041,51.66314],[4.10023,51.66297],[4.09851,51.66371],[4.09816,51.66338],[4.10021,51.66251],[4.10172,51.66078],[4.1053,51.65811],[4.10189,51.65398],[4.10263,51.65555],[4.10054,51.65615],[4.09764,51.65286],[4.09698,51.65192],[4.0989,51.65099],[4.10109,51.65308],[4.09657,51.64754],[4.09056,51.64397],[4.08386,51.64255],[4.07103,51.63249],[4.06282,51.62923],[4.05717,51.62805],[4.04983,51.63123],[4.03879,51.62733],[4.03467,51.62495],[4.02924,51.6246],[4.01609,51.62061],[4.01029,51.61793],[4.0069,51.6175],[3.99172,51.61817],[3.98592,51.61486],[3.96806,51.61435],[3.96215,51.61651],[3.96167,51.61746],[3.94858,51.62527],[3.94663,51.62494],[3.94006,51.63439],[3.93742,51.63465],[3.93818,51.63583],[3.93543,51.63604],[3.92987,51.62964],[3.92828,51.62872],[3.92553,51.62828],[3.92637,51.63056],[3.91936,51.63069],[3.91784,51.62862],[3.91438,51.62921],[3.87073,51.59704],[3.87055,51.59708],[3.9142,51.62924],[3.89699,51.63225],[3.89548,51.63332],[3.90746,51.64],[3.91948,51.64652],[3.92482,51.64665],[3.92639,51.64723],[3.92887,51.64761],[3.93058,51.64763],[3.93359,51.6484],[3.93329,51.64854],[3.93281,51.64875],[3.93215,51.64835],[3.92728,51.64756],[3.92632,51.64771],[3.92611,51.64749],[3.92495,51.64712],[3.91881,51.64694],[3.91707,51.6461],[3.91111,51.64286],[3.91114,51.64235],[3.91086,51.64219],[3.91009,51.6423],[3.90701,51.64063],[3.89894,51.63636],[3.89794,51.63672],[3.89359,51.63352],[3.89036,51.6328],[3.89012,51.63144],[3.88965,51.6316],[3.89069,51.6432],[3.88559,51.64856],[3.88725,51.64988],[3.88495,51.6564],[3.88083,51.65744],[3.87567,51.66316],[3.87684,51.66707],[3.86758,51.67328],[3.85744,51.67824],[3.84893,51.67622],[3.84668,51.67665],[3.84254,51.67853],[3.82451,51.68352],[3.8204,51.68444],[3.81802,51.68433],[3.81184,51.68717],[3.81212,51.68736],[3.81815,51.6847],[3.82056,51.68476],[3.82347,51.6842],[3.82556,51.68765],[3.82464,51.69093],[3.81755,51.69596],[3.81321,51.69726],[3.80744,51.6973],[3.8002,51.69629],[3.79839,51.69679],[3.79335,51.69566],[3.78951,51.69343],[3.78629,51.68895],[3.78764,51.68801],[3.79304,51.68969],[3.80422,51.69106],[3.80601,51.69018],[3.80569,51.68994],[3.80395,51.6907],[3.79309,51.68933],[3.78196,51.68593],[3.77037,51.68075],[3.75431,51.67537],[3.75514,51.67423],[3.75836,51.6753],[3.75725,51.67369],[3.74969,51.67241],[3.74609,51.67349],[3.73559,51.67154],[3.7246,51.66853],[3.72514,51.66615],[3.72358,51.66583],[3.7236,51.6635],[3.72272,51.66333],[3.72317,51.65597],[3.72444,51.65542],[3.72941,51.65512],[3.72921,51.65452],[3.7283,51.65441],[3.72744,51.65033],[3.72224,51.65034],[3.72223,51.65034],[3.71896,51.65033],[3.71911,51.65094],[3.71614,51.65254],[3.71506,51.65383],[3.71684,51.6552],[3.72112,51.65533],[3.72258,51.65598],[3.72239,51.66322],[3.71948,51.66497],[3.71379,51.66595],[3.71021,51.66648],[3.69933,51.67154],[3.68949,51.67811],[3.68192,51.68771],[3.67896,51.69843],[3.67927,51.70712],[3.68167,51.71228],[3.68876,51.71986],[3.71629,51.73605],[3.7243,51.73935],[3.72581,51.73795],[3.71004,51.73061],[3.72028,51.73225],[3.73701,51.73608],[3.72895,51.73602],[3.72689,51.73732],[3.74217,51.73726],[3.76022,51.7415],[3.76375,51.74256],[3.77126,51.74338],[3.78942,51.74411],[3.79872,51.74375],[3.81337,51.74054],[3.81984,51.74132],[3.82337,51.74427],[3.82384,51.74654],[3.82213,51.74752],[3.82288,51.75008],[3.82541,51.75106],[3.82711,51.75294],[3.83124,51.75562],[3.8392,51.75823],[3.84248,51.7563],[3.83998,51.75515],[3.84198,51.75336]]],[[[3.91406,51.73468],[3.9127,51.73405],[3.91126,51.7353],[3.91119,51.73713],[3.91449,51.73934],[3.91907,51.73942],[3.92642,51.73839],[3.93374,51.73629],[3.93403,51.73575],[3.93119,51.73487],[3.91406,51.73468]]],[[[4.00648,51.72533],[4.00302,51.72657],[3.99758,51.73217],[3.99478,51.73902],[3.99079,51.74491],[3.98191,51.75151],[3.978,51.75258],[3.97987,51.75473],[3.98239,51.75635],[3.99222,51.75831],[3.99543,51.7584],[3.99734,51.75786],[3.99598,51.75494],[3.99616,51.75077],[4.0028,51.73942],[4.00806,51.73383],[4.01639,51.72912],[4.01573,51.72628],[4.01303,51.72523],[4.00648,51.72533]]],[[[3.95985,51.74659],[3.96222,51.74606],[3.95988,51.74428],[3.95055,51.74129],[3.95022,51.74062],[3.94917,51.74133],[3.94925,51.74024],[3.9486,51.74005],[3.94788,51.74052],[3.9419,51.73968],[3.93821,51.73996],[3.9369,51.74336],[3.93703,51.7458],[3.94272,51.7469],[3.95255,51.74675],[3.95515,51.74599],[3.95985,51.74659]]]]}},{"type":"Feature","properties":{"code":"GM1680","name":"Aa en Hunze"},"geometry":{"type":"MultiPolygon","coordinates":[[[[6.78983,53.08631],[6.81394,53.07097],[6.81454,53.0706],[6.83717,53.05623],[6.84327,53.05235],[6.86129,53.04088],[6.89709,53.01805],[6.90462,53.01324],[6.90713,53.01163],[6.90718,53.0116],[6.92217,53.00201],[6.93468,52.994],[6.93568,52.99335],[6.92795,52.99214],[6.87232,52.98342],[6.85792,52.98116],[6.85464,52.98064],[6.84588,52.97927],[6.83903,52.97796],[6.83896,52.97806],[6.81437,52.97049],[6.81276,52.96999],[6.78876,52.96278],[6.78006,52.96164],[6.7293,52.95493],[6.72771,52.95472],[6.73115,52.93883],[6.73142,52.93756],[6.72465,52.93731],[6.72729,52.91381],[6.72831,52.90668],[6.7347,52.8841],[6.73634,52.87869],[6.71456,52.86816],[6.6865,52.8753],[6.67499,52.90502],[6.66673,52.90945],[6.64171,52.912],[6.62557,52.91281],[6.61488,52.91831],[6.58581,52.91947],[6.56507,52.94498],[6.5615,52.94665],[6.56723,52.95246],[6.57,52.95768],[6.58127,52.96745],[6.58285,52.96801],[6.59604,52.97266],[6.59538,52.97627],[6.59649,52.9793],[6.59938,52.98152],[6.60413,52.9829],[6.6057,52.9845],[6.60793,52.98941],[6.60794,52.98944],[6.60786,52.99535],[6.61157,52.99958],[6.61172,53.00161],[6.61598,53.00814],[6.62073,53.00927],[6.62185,53.01006],[6.62174,53.01217],[6.62976,53.01563],[6.63265,53.02204],[6.62976,53.02372],[6.63122,53.02611],[6.64859,53.02633],[6.64801,53.02827],[6.64477,53.03915],[6.64056,53.04163],[6.64153,53.04319],[6.64338,53.047],[6.64648,53.04913],[6.64683,53.05045],[6.6479,53.05097],[6.65379,53.05553],[6.66214,53.05618],[6.66694,53.05824],[6.6642,53.05993],[6.66453,53.06159],[6.66929,53.06322],[6.6716,53.06502],[6.66938,53.0656],[6.67021,53.06712],[6.66436,53.06915],[6.66641,53.07201],[6.66601,53.07216],[6.66358,53.07134],[6.66122,53.07319],[6.66216,53.07503],[6.65998,53.07442],[6.65469,53.07825],[6.65399,53.0801],[6.64977,53.07957],[6.64886,53.08219],[6.65777,53.08403],[6.66184,53.08199],[6.66919,53.08035],[6.67043,53.08011],[6.67852,53.07683],[6.68749,53.07223],[6.69264,53.07018],[6.69901,53.06517],[6.70525,53.06766],[6.7063,53.06808],[6.71143,53.07011],[6.71369,53.0687],[6.71549,53.06943],[6.72614,53.07367],[6.72717,53.07322],[6.74821,53.08123],[6.7502,53.08179],[6.74937,53.08364],[6.74788,53.08353],[6.74511,53.08469],[6.746,53.08583],[6.75786,53.0894],[6.76195,53.09055],[6.76328,53.09092],[6.76529,53.0915],[6.77651,53.09476],[6.78983,53.08631]]]]}},{"type":"Feature","properties":{"code":"GM1681","name":"Borger-Odoorn"},"geometry":{"type":"MultiPolygon","coordinates":[[[[6.94841,52.98262],[6.95665,52.97553],[6.95672,52.97547],[6.96329,52.96982],[6.96959,52.96443],[6.97035,52.96377],[6.97036,52.96376],[6.97856,52.95672],[6.97986,52.95561],[6.98602,52.95032],[6.98788,52.94872],[6.99502,52.94259],[7.0029,52.93582],[7.00956,52.93009],[7.0157,52.92482],[7.02467,52.91987],[7.02685,52.91904],[7.04553,52.91592],[7.03958,52.90756],[7.03954,52.9075],[7.03954,52.9075],[7.01656,52.87545],[7.0148,52.87299],[7.01315,52.87299],[7.00759,52.87301],[6.96664,52.86387],[6.96449,52.86495],[6.96145,52.86428],[6.95762,52.86191],[6.95208,52.85532],[6.95189,52.85219],[6.94991,52.8488],[6.91925,52.83835],[6.91093,52.8354],[6.88494,52.8245],[6.87142,52.82005],[6.869,52.81929],[6.86506,52.81582],[6.85881,52.81379],[6.85562,52.81158],[6.84981,52.80463],[6.84071,52.81018],[6.83912,52.8122],[6.83588,52.81421],[6.83345,52.81571],[6.82694,52.81975],[6.80987,52.82882],[6.76742,52.84906],[6.76668,52.84942],[6.7656,52.84993],[6.76914,52.85147],[6.75409,52.85853],[6.75301,52.85904],[6.7534,52.86158],[6.75248,52.86296],[6.75232,52.86319],[6.751,52.86513],[6.74729,52.87031],[6.74511,52.87185],[6.74045,52.87098],[6.73749,52.87491],[6.73634,52.87869],[6.7347,52.8841],[6.72831,52.90668],[6.72729,52.91381],[6.72465,52.93731],[6.73142,52.93756],[6.73115,52.93883],[6.72771,52.95472],[6.7293,52.95493],[6.78006,52.96164],[6.78876,52.96278],[6.81276,52.96999],[6.81437,52.97049],[6.83896,52.97806],[6.83903,52.97796],[6.84588,52.97927],[6.85464,52.98064],[6.85792,52.98116],[6.87232,52.98342],[6.92795,52.99214],[6.93568,52.99335],[6.93661,52.99276],[6.93841,52.99121],[6.94293,52.98733],[6.94841,52.98262]]]]}},{"type":"Feature","properties":{"code":"GM1690","name":"De Wolden"},"geometry":{"type":"MultiPolygon","coordinates":[[[[6.3458,52.78842],[6.34822,52.78811],[6.35046,52.78859],[6.35103,52.78765],[6.35208,52.78784],[6.35335,52.78541],[6.34948,52.78341],[6.35008,52.78283],[6.35125,52.78327],[6.35228,52.78239],[6.35373,52.78249],[6.35376,52.78205],[6.3555,52.77952],[6.35599,52.78034],[6.35887,52.78177],[6.35917,52.78281],[6.3609,52.78323],[6.36333,52.78197],[6.36703,52.78108],[6.36805,52.78135],[6.36986,52.78027],[6.37068,52.78077],[6.37207,52.78],[6.37456,52.78153],[6.37321,52.78232],[6.37792,52.7852],[6.38682,52.77996],[6.38737,52.77903],[6.388,52.77935],[6.38982,52.77896],[6.39153,52.77957],[6.39404,52.77745],[6.40058,52.78087],[6.40731,52.78553],[6.41024,52.78635],[6.41029,52.78711],[6.41295,52.78832],[6.41638,52.78639],[6.41665,52.78173],[6.41892,52.78166],[6.42044,52.78091],[6.4216,52.78108],[6.4226,52.78249],[6.42376,52.78285],[6.42753,52.7825],[6.42805,52.78371],[6.432,52.78456],[6.43257,52.78647],[6.43001,52.78717],[6.42957,52.78871],[6.43314,52.79077],[6.43666,52.79146],[6.43698,52.792],[6.44692,52.78589],[6.44649,52.78154],[6.44621,52.77773],[6.44615,52.7761],[6.44298,52.77449],[6.4406,52.77291],[6.43646,52.7704],[6.43152,52.76862],[6.41389,52.76606],[6.41014,52.76489],[6.41614,52.75532],[6.4194,52.75599],[6.42629,52.75142],[6.42052,52.74823],[6.42246,52.74514],[6.42319,52.743],[6.41541,52.74083],[6.42133,52.73142],[6.4068,52.72841],[6.41325,52.72056],[6.41464,52.72022],[6.4142,52.7194],[6.41437,52.71726],[6.4132,52.71621],[6.40993,52.7143],[6.40718,52.71382],[6.40559,52.71258],[6.40473,52.70912],[6.4036,52.706],[6.40475,52.70468],[6.40717,52.7068],[6.41622,52.70346],[6.41967,52.70166],[6.42652,52.70478],[6.43565,52.7061],[6.45114,52.70698],[6.44988,52.70528],[6.45131,52.69941],[6.44868,52.69379],[6.46281,52.6952],[6.46332,52.69331],[6.4747,52.69421],[6.48598,52.69363],[6.48485,52.68425],[6.49293,52.68359],[6.49257,52.67597],[6.49977,52.67564],[6.49955,52.67355],[6.50242,52.67346],[6.53056,52.67247],[6.53007,52.66462],[6.52938,52.65451],[6.52929,52.65446],[6.52928,52.65445],[6.51386,52.64629],[6.51401,52.64527],[6.51787,52.61892],[6.51825,52.61647],[6.51853,52.61408],[6.51203,52.61365],[6.51168,52.61404],[6.50931,52.6148],[6.50503,52.61686],[6.4909,52.61916],[6.4839,52.61908],[6.48009,52.61835],[6.47802,52.61863],[6.47299,52.62227],[6.47237,52.62458],[6.46997,52.62499],[6.46722,52.62428],[6.46409,52.62384],[6.46071,52.61699],[6.45348,52.61396],[6.44307,52.61619],[6.44222,52.61572],[6.43825,52.61715],[6.43493,52.61929],[6.4338,52.62641],[6.43299,52.62777],[6.43133,52.62837],[6.42818,52.62819],[6.42604,52.62651],[6.42689,52.62464],[6.4204,52.62239],[6.41823,52.61905],[6.41615,52.61867],[6.41205,52.61987],[6.41116,52.62082],[6.40998,52.6216],[6.40622,52.62042],[6.40589,52.61871],[6.40676,52.61794],[6.40372,52.61625],[6.40125,52.61627],[6.39632,52.61778],[6.39385,52.61723],[6.39152,52.61452],[6.38678,52.61362],[6.38408,52.61225],[6.38205,52.61565],[6.38025,52.61502],[6.37651,52.61692],[6.37724,52.62001],[6.37362,52.62333],[6.37518,52.62603],[6.37459,52.62849],[6.36952,52.6319],[6.36862,52.63354],[6.36905,52.63564],[6.36641,52.63745],[6.36391,52.63838],[6.3641,52.64314],[6.35944,52.64552],[6.35599,52.64589],[6.3436,52.65116],[6.34172,52.65369],[6.334,52.6547],[6.3312,52.65716],[6.3278,52.65869],[6.32634,52.65896],[6.32588,52.65971],[6.32722,52.66045],[6.32587,52.66116],[6.32591,52.66292],[6.32762,52.66372],[6.32842,52.66463],[6.32852,52.66538],[6.32929,52.6654],[6.328,52.66613],[6.32871,52.66674],[6.32694,52.66921],[6.32253,52.67044],[6.31959,52.6704],[6.31896,52.66972],[6.31674,52.6699],[6.31682,52.66949],[6.31496,52.66943],[6.31482,52.66875],[6.31387,52.66867],[6.3141,52.66806],[6.31208,52.66806],[6.31166,52.66734],[6.30967,52.66675],[6.30583,52.66624],[6.30262,52.66735],[6.30189,52.667],[6.30229,52.66643],[6.29968,52.6665],[6.29969,52.66583],[6.29756,52.66637],[6.2952,52.66358],[6.29555,52.66232],[6.29195,52.66244],[6.28864,52.66343],[6.28827,52.66389],[6.28749,52.66345],[6.28723,52.66418],[6.28505,52.66539],[6.28549,52.66699],[6.28451,52.66716],[6.28271,52.66822],[6.27906,52.66905],[6.27791,52.66854],[6.27735,52.66893],[6.27625,52.66731],[6.27451,52.6669],[6.27334,52.66491],[6.27007,52.66479],[6.26557,52.66726],[6.2655,52.66799],[6.26633,52.66826],[6.26646,52.671],[6.26858,52.67172],[6.26905,52.67358],[6.27249,52.6732],[6.27267,52.67374],[6.26982,52.68223],[6.27516,52.68345],[6.28352,52.68249],[6.28384,52.6842],[6.28174,52.68447],[6.27542,52.68774],[6.27589,52.69031],[6.28501,52.68971],[6.2867,52.69907],[6.27581,52.69546],[6.27633,52.698],[6.27964,52.69961],[6.27795,52.70105],[6.2767,52.70059],[6.27721,52.70336],[6.2738,52.70328],[6.27426,52.70618],[6.26863,52.70554],[6.25312,52.70528],[6.24898,52.70822],[6.24256,52.70681],[6.23793,52.70577],[6.23333,52.70666],[6.22496,52.70323],[6.2169,52.70316],[6.21663,52.7096],[6.21652,52.71271],[6.21632,52.7186],[6.21762,52.7213],[6.23458,52.7406],[6.23144,52.74171],[6.23664,52.7439],[6.24156,52.75065],[6.24741,52.75414],[6.25203,52.75831],[6.25467,52.7576],[6.25961,52.75796],[6.26175,52.7576],[6.26856,52.75841],[6.28148,52.76292],[6.29749,52.76609],[6.29905,52.76684],[6.29851,52.76794],[6.29918,52.76859],[6.29304,52.77847],[6.29562,52.78079],[6.29705,52.78093],[6.29838,52.78202],[6.29749,52.78256],[6.30057,52.78586],[6.29953,52.78707],[6.30078,52.7873],[6.30054,52.78773],[6.30218,52.7885],[6.30261,52.78952],[6.30121,52.79097],[6.3053,52.79155],[6.30692,52.79387],[6.3094,52.79532],[6.32085,52.79539],[6.34068,52.79898],[6.34592,52.79895],[6.34624,52.79895],[6.35366,52.79891],[6.3546,52.7952],[6.35248,52.79454],[6.35044,52.79184],[6.34296,52.78969],[6.3458,52.78842]]]]}},{"type":"Feature","properties":{"code":"GM1695","name":"Noord-Beveland"},"geometry":{"type":"MultiPolygon","coordinates":[[[[3.7784,51.54863],[3.77174,51.55135],[3.77265,51.552],[3.77952,51.54967],[3.7784,51.54863]]],[[[3.80977,51.60502],[3.81266,51.60547],[3.8202,51.60248],[3.83483,51.60571],[3.83515,51.60507],[3.83893,51.60506],[3.83893,51.60586],[3.84011,51.60442],[3.84114,51.60359],[3.84671,51.60355],[3.84883,51.6043],[3.8503,51.60409],[3.8503,51.60378],[3.84883,51.60389],[3.84691,51.60315],[3.8428,51.60316],[3.84154,51.60275],[3.84226,51.60197],[3.84297,51.60217],[3.84535,51.60215],[3.84634,51.60255],[3.85055,51.60243],[3.85099,51.60373],[3.85151,51.60351],[3.85143,51.60211],[3.85591,51.60102],[3.86194,51.60019],[3.86872,51.59573],[3.87055,51.59708],[3.87073,51.59704],[3.8689,51.5956],[3.87325,51.59233],[3.87588,51.58924],[3.88104,51.58095],[3.88815,51.57503],[3.889,51.57441],[3.89046,51.57467],[3.89135,51.57627],[3.89168,51.57627],[3.89251,51.57459],[3.89429,51.57458],[3.8942,51.57434],[3.89214,51.57426],[3.88877,51.57359],[3.88933,51.57221],[3.89284,51.57266],[3.8937,51.57322],[3.89398,51.57173],[3.89353,51.57163],[3.89308,51.57242],[3.89239,51.57221],[3.8933,51.56836],[3.89659,51.56427],[3.89765,51.56357],[3.89884,51.56426],[3.89963,51.56323],[3.89694,51.56265],[3.8969,51.55997],[3.89199,51.55799],[3.87266,51.55525],[3.87152,51.55348],[3.87145,51.55207],[3.86464,51.5468],[3.8655,51.54484],[3.868,51.54494],[3.87103,51.54465],[3.87102,51.54444],[3.86799,51.54472],[3.86605,51.54454],[3.86521,51.54415],[3.86593,51.54385],[3.86849,51.54387],[3.86848,51.54375],[3.86623,51.54335],[3.86686,51.54171],[3.86628,51.54163],[3.86512,51.54148],[3.86457,51.543],[3.86168,51.54305],[3.86161,51.54332],[3.8622,51.54345],[3.86204,51.54412],[3.85909,51.54385],[3.85886,51.54439],[3.85374,51.54442],[3.84679,51.54918],[3.84457,51.54974],[3.84452,51.55151],[3.8368,51.55592],[3.83288,51.5563],[3.82557,51.55554],[3.82531,51.55571],[3.82518,51.55571],[3.8248,51.55508],[3.81758,51.55393],[3.81713,51.55408],[3.8158,51.5537],[3.8152,51.5536],[3.81499,51.55351],[3.81511,51.55336],[3.81433,51.55314],[3.81337,51.55261],[3.81354,51.55186],[3.81309,51.55145],[3.81077,51.55445],[3.80918,51.55405],[3.81153,51.55077],[3.81015,51.55061],[3.80753,51.55291],[3.80745,51.55334],[3.8072,51.55345],[3.80703,51.55418],[3.80733,51.55443],[3.80724,51.55457],[3.8057,51.55459],[3.80553,51.55467],[3.80536,51.55495],[3.80511,51.55495],[3.80508,51.55482],[3.80498,51.55482],[3.80498,51.55466],[3.80516,51.55464],[3.80522,51.5545],[3.80509,51.55444],[3.81012,51.54981],[3.80887,51.54985],[3.80783,51.54927],[3.80593,51.54803],[3.80355,51.54777],[3.79668,51.54928],[3.7874,51.55054],[3.78704,51.55003],[3.77509,51.55441],[3.76186,51.55502],[3.76187,51.55448],[3.76037,51.55508],[3.73643,51.54681],[3.72998,51.54215],[3.71478,51.53549],[3.71191,51.53343],[3.70586,51.52668],[3.7045,51.52603],[3.70298,51.52613],[3.70041,51.52774],[3.69838,51.5345],[3.7017,51.54178],[3.69892,51.54731],[3.68846,51.55609],[3.6918,51.55773],[3.696,51.5621],[3.70066,51.56636],[3.7002,51.56659],[3.69792,51.5652],[3.69533,51.56214],[3.692,51.55861],[3.69124,51.55888],[3.68883,51.55782],[3.68942,51.5571],[3.68636,51.55691],[3.67784,51.5606],[3.67188,51.56466],[3.66377,51.5672],[3.65504,51.56931],[3.65329,51.57002],[3.65131,51.57193],[3.64998,51.57476],[3.65007,51.57637],[3.64576,51.58144],[3.64396,51.58497],[3.64434,51.58658],[3.64647,51.58728],[3.64574,51.58901],[3.64088,51.58844],[3.63492,51.58689],[3.63363,51.5894],[3.66678,51.59523],[3.68076,51.6001],[3.68313,51.60076],[3.68464,51.59778],[3.68803,51.5985],[3.68837,51.60017],[3.68982,51.60002],[3.6896,51.59797],[3.69293,51.59776],[3.69929,51.59942],[3.70024,51.59815],[3.70844,51.59493],[3.71072,51.59476],[3.71931,51.59566],[3.71965,51.59537],[3.71328,51.59434],[3.71475,51.5919],[3.71675,51.59141],[3.72057,51.59177],[3.72045,51.59298],[3.72635,51.59232],[3.73005,51.59268],[3.73683,51.59499],[3.74172,51.59441],[3.74486,51.59693],[3.74859,51.59743],[3.75927,51.59709],[3.76154,51.59898],[3.7612,51.59961],[3.77446,51.59719],[3.77645,51.59814],[3.77889,51.60119],[3.78057,51.60194],[3.788,51.60195],[3.79479,51.60274],[3.79655,51.60424],[3.79806,51.60427],[3.79944,51.60492],[3.79926,51.60536],[3.80049,51.60541],[3.80779,51.60552],[3.80977,51.60502]]]]}},{"type":"Feature","properties":{"code":"GM1696","name":"Wijdemeren"},"geometry":{"type":"MultiPolygon","coordinates":[[[[5.06488,52.27827],[5.07708,52.27798],[5.08461,52.27941],[5.0877,52.28169],[5.10207,52.27989],[5.10293,52.27765],[5.10844,52.27564],[5.11915,52.27354],[5.12053,52.27136],[5.12557,52.26022],[5.12733,52.25958],[5.13274,52.25974],[5.1365,52.25958],[5.13692,52.25395],[5.1396,52.25402],[5.14005,52.24577],[5.14228,52.24332],[5.14202,52.23931],[5.14133,52.23827],[5.14136,52.23685],[5.14179,52.22549],[5.14025,52.22464],[5.14023,52.22454],[5.13852,52.22467],[5.13852,52.22459],[5.12794,52.2244],[5.12806,52.22238],[5.12995,52.22239],[5.13001,52.22149],[5.12331,52.22139],[5.12234,52.22082],[5.12252,52.21993],[5.12266,52.21965],[5.12253,52.21883],[5.12696,52.21741],[5.12842,52.21684],[5.1284,52.21673],[5.13315,52.21446],[5.13394,52.2143],[5.13758,52.21098],[5.13951,52.20838],[5.13974,52.2081],[5.13983,52.20798],[5.13995,52.20802],[5.13998,52.20829],[5.14111,52.20848],[5.14144,52.20805],[5.14202,52.20817],[5.14179,52.2086],[5.14244,52.20871],[5.14251,52.2078],[5.14058,52.20729],[5.14244,52.20497],[5.14561,52.20051],[5.1457,52.19789],[5.14512,52.19662],[5.14155,52.19365],[5.14108,52.19316],[5.13589,52.19031],[5.1292,52.18738],[5.12194,52.18558],[5.12411,52.18083],[5.12141,52.18095],[5.11531,52.17982],[5.07866,52.17299],[5.04646,52.16593],[5.04159,52.18375],[5.0325,52.18411],[5.03376,52.18616],[5.03498,52.1868],[5.03558,52.19098],[5.03665,52.19373],[5.03813,52.19516],[5.0372,52.19685],[5.03712,52.19805],[5.03097,52.19876],[5.02794,52.19996],[5.02606,52.20137],[5.02277,52.20153],[5.02129,52.20189],[5.02138,52.20204],[5.02294,52.20171],[5.02245,52.20223],[5.02203,52.20238],[5.02159,52.20248],[5.0216,52.20254],[5.02269,52.20224],[5.02303,52.20204],[5.0231,52.20275],[5.02247,52.20267],[5.02262,52.20394],[5.02343,52.20383],[5.02331,52.20305],[5.025,52.20284],[5.02503,52.20328],[5.02545,52.20328],[5.0256,52.20398],[5.03665,52.20214],[5.03742,52.20497],[5.03532,52.20523],[5.03644,52.20956],[5.03644,52.20956],[5.0334,52.20984],[5.03435,52.21312],[5.03373,52.21312],[5.03379,52.21371],[5.03674,52.21366],[5.03724,52.21419],[5.03533,52.21446],[5.03568,52.21513],[5.03691,52.21516],[5.03712,52.2166],[5.03585,52.21753],[5.03666,52.22436],[5.03921,52.22395],[5.03936,52.22441],[5.04191,52.22399],[5.04192,52.22406],[5.04263,52.22387],[5.04279,52.22404],[5.04198,52.22433],[5.04193,52.22409],[5.03987,52.22439],[5.03696,52.22479],[5.0371,52.22534],[5.03873,52.22518],[5.04169,52.22824],[5.04248,52.22878],[5.04114,52.22932],[5.04126,52.22951],[5.0407,52.22957],[5.04054,52.22984],[5.04143,52.23008],[5.04158,52.23089],[5.04231,52.23053],[5.05622,52.23498],[5.05579,52.23521],[5.05676,52.23559],[5.05741,52.23525],[5.05771,52.23534],[5.0569,52.23652],[5.046,52.24322],[5.04644,52.24873],[5.04526,52.24987],[5.04419,52.2516],[5.04343,52.25545],[5.04188,52.25656],[5.04025,52.25658],[5.0372,52.25344],[5.03525,52.25265],[5.03212,52.25462],[5.03071,52.25689],[5.0325,52.25874],[5.03257,52.25998],[5.03145,52.26131],[5.02655,52.2642],[5.02785,52.26625],[5.02763,52.26778],[5.02634,52.26866],[5.02331,52.27147],[5.02289,52.27248],[5.02371,52.27321],[5.02829,52.27203],[5.02981,52.27204],[5.03093,52.2725],[5.03307,52.27529],[5.04252,52.27793],[5.04824,52.27696],[5.04968,52.27799],[5.04967,52.28021],[5.05075,52.28182],[5.0604,52.28514],[5.06286,52.28478],[5.06287,52.2822],[5.06441,52.28074],[5.06388,52.27998],[5.06532,52.27966],[5.06381,52.27858],[5.06488,52.27827]]]]}},{"type":"Feature","properties":{"code":"GM1699","name":"Noordenveld"},"geometry":{"type":"MultiPolygon","coordinates":[[[[6.49351,53.1985],[6.49643,53.19814],[6.50685,53.20015],[6.51334,53.19697],[6.51339,53.19694],[6.51201,53.19622],[6.51398,53.19403],[6.51711,53.18885],[6.51839,53.18735],[6.52138,53.18576],[6.52374,53.18272],[6.5266,53.17744],[6.53408,53.17047],[6.53672,53.16443],[6.53646,53.16273],[6.53413,53.16093],[6.53779,53.15831],[6.53417,53.15144],[6.53719,53.14866],[6.53832,53.14552],[6.53682,53.14221],[6.54008,53.13877],[6.53912,53.13256],[6.53377,53.1327],[6.51775,53.13143],[6.51508,53.13119],[6.51093,53.13069],[6.5125,53.12561],[6.50498,53.12234],[6.50089,53.12058],[6.49843,53.12336],[6.4803,53.12079],[6.48133,53.11846],[6.4843,53.11165],[6.48487,53.1061],[6.49083,53.0968],[6.50255,53.08487],[6.50335,53.08342],[6.50401,53.08338],[6.51209,53.07384],[6.51336,53.07228],[6.51447,53.06507],[6.51165,53.05625],[6.50513,53.04636],[6.50038,53.03907],[6.49995,53.03843],[6.50289,53.03221],[6.49553,53.0309],[6.50387,53.01604],[6.50998,53.01704],[6.51304,53.01056],[6.50512,53.00992],[6.48821,53.00541],[6.46606,52.99952],[6.41366,52.98563],[6.41328,52.98552],[6.40269,52.99565],[6.37407,53.02296],[6.36252,53.03397],[6.36322,53.03926],[6.36492,53.05198],[6.36781,53.06736],[6.35173,53.07093],[6.33238,53.07521],[6.33206,53.07528],[6.30527,53.08119],[6.31516,53.09405],[6.3378,53.08869],[6.341,53.08795],[6.34444,53.08715],[6.35662,53.10709],[6.36356,53.10756],[6.36536,53.11953],[6.36563,53.12129],[6.36605,53.12256],[6.38147,53.14774],[6.38261,53.14957],[6.38155,53.14959],[6.38156,53.15319],[6.38147,53.15344],[6.38873,53.15802],[6.39113,53.15942],[6.39509,53.16353],[6.39762,53.16451],[6.3986,53.16486],[6.40269,53.16701],[6.40414,53.16857],[6.40412,53.17296],[6.40547,53.17628],[6.40559,53.17648],[6.40797,53.17815],[6.42449,53.18168],[6.43802,53.18565],[6.44287,53.18774],[6.44566,53.19102],[6.44771,53.19644],[6.44995,53.1967],[6.46346,53.20006],[6.48151,53.20355],[6.48572,53.20382],[6.49273,53.20074],[6.49351,53.1985]]]]}},{"type":"Feature","properties":{"code":"GM1700","name":"Twenterand"},"geometry":{"type":"MultiPolygon","coordinates":[[[[6.67341,52.49351],[6.69349,52.48633],[6.69759,52.4863],[6.71771,52.47813],[6.70974,52.47021],[6.70904,52.46941],[6.70227,52.46167],[6.7016,52.46116],[6.69892,52.4567],[6.69942,52.45381],[6.69758,52.45165],[6.69658,52.45173],[6.6958,52.45113],[6.69225,52.44743],[6.68932,52.44705],[6.68448,52.44621],[6.68296,52.44627],[6.68131,52.44569],[6.68038,52.44499],[6.67943,52.44482],[6.67778,52.44415],[6.67699,52.44415],[6.67332,52.4414],[6.67252,52.43816],[6.67447,52.43581],[6.67351,52.4348],[6.67789,52.42799],[6.6751,52.42681],[6.67421,52.4249],[6.67626,52.42374],[6.67508,52.42285],[6.67201,52.42137],[6.66991,52.41723],[6.6754,52.41369],[6.69864,52.39374],[6.69111,52.3928],[6.68525,52.39311],[6.68442,52.39093],[6.676,52.39575],[6.6719,52.38885],[6.66716,52.38993],[6.66417,52.38951],[6.65176,52.39872],[6.64763,52.39545],[6.64543,52.39647],[6.64018,52.39908],[6.63586,52.39528],[6.61835,52.38843],[6.6148,52.38645],[6.60946,52.38955],[6.59885,52.38366],[6.59686,52.38664],[6.58131,52.40968],[6.57595,52.41751],[6.57247,52.42332],[6.57335,52.42332],[6.58494,52.43177],[6.58819,52.43415],[6.59815,52.43903],[6.597,52.4494],[6.59639,52.45481],[6.58359,52.45052],[6.57485,52.44758],[6.57279,52.44689],[6.57163,52.4465],[6.57105,52.4484],[6.57005,52.44807],[6.57052,52.44752],[6.56684,52.44628],[6.56633,52.44682],[6.56336,52.44583],[6.55864,52.44887],[6.55535,52.44885],[6.54652,52.45058],[6.543,52.45123],[6.53791,52.44975],[6.53104,52.44622],[6.53017,52.44497],[6.53053,52.4433],[6.5284,52.44067],[6.5245,52.43976],[6.52116,52.44027],[6.51851,52.4394],[6.51776,52.43779],[6.5109,52.43717],[6.50023,52.4383],[6.48034,52.44033],[6.47973,52.44116],[6.47531,52.441],[6.47505,52.44108],[6.47369,52.4429],[6.46923,52.445],[6.45736,52.45499],[6.45349,52.46002],[6.44855,52.46031],[6.44876,52.46113],[6.4501,52.46126],[6.45124,52.46158],[6.44747,52.46533],[6.44838,52.46647],[6.45049,52.4669],[6.45155,52.46474],[6.45236,52.46452],[6.45327,52.46649],[6.4511,52.46883],[6.45301,52.47121],[6.45291,52.47005],[6.45422,52.46933],[6.45847,52.46994],[6.46137,52.47129],[6.4617,52.47341],[6.46431,52.47466],[6.47244,52.47569],[6.47841,52.47761],[6.48872,52.4769],[6.49603,52.4812],[6.50377,52.48172],[6.50547,52.49096],[6.51002,52.49065],[6.51002,52.49065],[6.5344,52.48898],[6.55446,52.48759],[6.56529,52.48566],[6.57299,52.48427],[6.59519,52.4803],[6.60104,52.47947],[6.61142,52.46687],[6.613,52.4656],[6.61657,52.46937],[6.62261,52.47148],[6.62682,52.47383],[6.63122,52.47197],[6.63562,52.47165],[6.64059,52.47311],[6.64154,52.47124],[6.64956,52.47309],[6.6511,52.47516],[6.64746,52.47861],[6.65458,52.48272],[6.65366,52.48783],[6.66297,52.49234],[6.6693,52.49498],[6.67341,52.49351]]]]}},{"type":"Feature","properties":{"code":"GM1701","name":"Westerveld"},"geometry":{"type":"MultiPolygon","coordinates":[[[[6.30299,52.92497],[6.33328,52.90636],[6.36903,52.92198],[6.38555,52.91555],[6.38417,52.91425],[6.38559,52.91368],[6.38344,52.91165],[6.38129,52.91241],[6.37792,52.90866],[6.3794,52.90822],[6.37772,52.9068],[6.37657,52.90716],[6.3705,52.90323],[6.36902,52.90368],[6.36851,52.90318],[6.36722,52.9034],[6.35956,52.89453],[6.37327,52.89027],[6.36655,52.88166],[6.36868,52.87705],[6.37264,52.87591],[6.37205,52.88126],[6.37688,52.88621],[6.37863,52.88698],[6.38144,52.88956],[6.38388,52.88912],[6.41999,52.88232],[6.4201,52.88202],[6.41964,52.88148],[6.42226,52.88031],[6.42021,52.87792],[6.4277,52.87253],[6.4293,52.87312],[6.42972,52.87181],[6.43078,52.87186],[6.43145,52.86995],[6.43214,52.86777],[6.43102,52.86766],[6.43434,52.85699],[6.42924,52.85647],[6.43086,52.85044],[6.43552,52.85115],[6.4412,52.84992],[6.45127,52.85002],[6.46072,52.85307],[6.46315,52.84889],[6.46189,52.84848],[6.46209,52.84656],[6.46115,52.84511],[6.46267,52.83868],[6.47612,52.83816],[6.48003,52.83695],[6.47631,52.83281],[6.46766,52.82182],[6.46402,52.81814],[6.46227,52.81649],[6.46134,52.81535],[6.46045,52.81616],[6.45928,52.8152],[6.45991,52.81386],[6.45871,52.80875],[6.45545,52.80056],[6.44973,52.79276],[6.44692,52.78589],[6.43698,52.792],[6.43666,52.79146],[6.43314,52.79077],[6.42957,52.78871],[6.43001,52.78717],[6.43257,52.78647],[6.432,52.78456],[6.42805,52.78371],[6.42753,52.7825],[6.42376,52.78285],[6.4226,52.78249],[6.4216,52.78108],[6.42044,52.78091],[6.41892,52.78166],[6.41665,52.78173],[6.41638,52.78639],[6.41295,52.78832],[6.41029,52.78711],[6.41024,52.78635],[6.40731,52.78553],[6.40058,52.78087],[6.39404,52.77745],[6.39153,52.77957],[6.38982,52.77896],[6.388,52.77935],[6.38737,52.77903],[6.38682,52.77996],[6.37792,52.7852],[6.37321,52.78232],[6.37456,52.78153],[6.37207,52.78],[6.37068,52.78077],[6.36986,52.78027],[6.36805,52.78135],[6.36703,52.78108],[6.36333,52.78197],[6.3609,52.78323],[6.35917,52.78281],[6.35887,52.78177],[6.35599,52.78034],[6.3555,52.77952],[6.35376,52.78205],[6.35373,52.78249],[6.35228,52.78239],[6.35125,52.78327],[6.35008,52.78283],[6.34948,52.78341],[6.35335,52.78541],[6.35208,52.78784],[6.35103,52.78765],[6.35046,52.78859],[6.34822,52.78811],[6.3458,52.78842],[6.34296,52.78969],[6.35044,52.79184],[6.35248,52.79454],[6.3546,52.7952],[6.35366,52.79891],[6.34624,52.79895],[6.34592,52.79895],[6.34068,52.79898],[6.32085,52.79539],[6.3094,52.79532],[6.30692,52.79387],[6.3053,52.79155],[6.30121,52.79097],[6.30261,52.78952],[6.30218,52.7885],[6.30054,52.78773],[6.30078,52.7873],[6.29953,52.78707],[6.30057,52.78586],[6.29749,52.78256],[6.29838,52.78202],[6.29705,52.78093],[6.29562,52.78079],[6.29304,52.77847],[6.29918,52.76859],[6.29851,52.76794],[6.29905,52.76684],[6.29749,52.76609],[6.28148,52.76292],[6.26856,52.75841],[6.26175,52.7576],[6.25961,52.75796],[6.25467,52.7576],[6.25203,52.75831],[6.24741,52.75414],[6.24156,52.75065],[6.23664,52.7439],[6.23144,52.74171],[6.22066,52.74791],[6.21856,52.7483],[6.20184,52.72931],[6.19534,52.73956],[6.19407,52.74159],[6.18726,52.75275],[6.18596,52.75486],[6.17759,52.7683],[6.17693,52.76821],[6.17567,52.76989],[6.17445,52.77206],[6.17291,52.77305],[6.17658,52.7752],[6.18481,52.7803],[6.19381,52.7864],[6.20173,52.7937],[6.1991,52.79583],[6.18512,52.80722],[6.18046,52.81103],[6.17723,52.81385],[6.17242,52.81564],[6.17141,52.81526],[6.15764,52.82504],[6.15172,52.8274],[6.1499,52.82812],[6.1492,52.8284],[6.14956,52.82846],[6.15196,52.82883],[6.15029,52.82994],[6.13679,52.83892],[6.13045,52.84387],[6.12869,52.84781],[6.11982,52.85422],[6.12099,52.85465],[6.14051,52.86348],[6.14122,52.8638],[6.16046,52.87252],[6.19068,52.88448],[6.20081,52.88838],[6.2069,52.89074],[6.22879,52.9103],[6.23229,52.91344],[6.24234,52.91835],[6.24483,52.91959],[6.24726,52.92335],[6.24755,52.92369],[6.25659,52.92764],[6.28316,52.92615],[6.30299,52.92497]]]]}},{"type":"Feature","properties":{"code":"GM1705","name":"Lingewaard"},"geometry":{"type":"MultiPolygon","coordinates":[[[[5.94033,51.95604],[5.95523,51.94875],[5.96029,51.94378],[5.96179,51.93879],[5.96578,51.93877],[5.96673,51.93591],[5.97233,51.93074],[5.97289,51.92919],[5.96861,51.92821],[5.9771,51.92286],[5.98706,51.91331],[5.99845,51.90664],[6.01453,51.90126],[6.0218,51.89632],[6.03058,51.88024],[6.03715,51.87542],[6.04628,51.87091],[6.04409,51.87121],[6.03546,51.87305],[6.02193,51.87929],[6.01692,51.88099],[6.00929,51.8816],[6.00205,51.88028],[5.99261,51.87493],[5.98575,51.86776],[5.98118,51.85995],[5.97775,51.85723],[5.97435,51.85586],[5.97033,51.85475],[5.96625,51.85445],[5.95917,51.85537],[5.95529,51.85693],[5.93732,51.87141],[5.93333,51.87318],[5.92363,51.87462],[5.914,51.87418],[5.90361,51.87254],[5.89597,51.87053],[5.88677,51.8652],[5.88435,51.86702],[5.88274,51.86614],[5.88253,51.86629],[5.88299,51.86667],[5.88195,51.8671],[5.88027,51.86921],[5.87695,51.8765],[5.87614,51.8766],[5.87584,51.88086],[5.8742,51.88458],[5.87148,51.88865],[5.8687,51.8882],[5.86542,51.88854],[5.86549,51.88898],[5.8641,51.88872],[5.86131,51.88877],[5.85949,51.88867],[5.85763,51.88839],[5.85712,51.89462],[5.85695,51.89695],[5.87474,51.89757],[5.87468,51.89921],[5.87587,51.89999],[5.87542,51.90208],[5.87215,51.90201],[5.87298,51.90523],[5.87366,51.90845],[5.88264,51.90821],[5.8912,51.90726],[5.89203,51.91059],[5.89438,51.91473],[5.89306,51.91619],[5.897,51.92081],[5.88952,51.92526],[5.89792,51.93436],[5.90186,51.93346],[5.91242,51.94491],[5.91096,51.94591],[5.91172,51.94702],[5.91133,51.94734],[5.91219,51.94791],[5.91417,51.94861],[5.91517,51.94997],[5.92201,51.95084],[5.9283,51.95082],[5.92838,51.9508],[5.92952,51.95075],[5.93072,51.95287],[5.93162,51.95673],[5.93183,51.95948],[5.9356,51.96042],[5.94033,51.95604]]]]}},{"type":"Feature","properties":{"code":"GM1706","name":"Cranendonck"},"geometry":{"type":"MultiPolygon","coordinates":[[[[5.65951,51.34313],[5.66612,51.32827],[5.66677,51.32672],[5.67012,51.32562],[5.67197,51.32368],[5.67079,51.31623],[5.67211,51.31509],[5.65187,51.29774],[5.644,51.29057],[5.62597,51.2736],[5.62348,51.24911],[5.62347,51.249],[5.61878,51.22942],[5.60219,51.22586],[5.59441,51.22418],[5.59432,51.22607],[5.56604,51.22091],[5.56045,51.22233],[5.55617,51.24034],[5.55486,51.2445],[5.5566,51.25085],[5.55598,51.25439],[5.55737,51.25718],[5.55664,51.25747],[5.55677,51.26006],[5.5573,51.26005],[5.55793,51.26246],[5.55669,51.26313],[5.55718,51.2643],[5.55621,51.26664],[5.54459,51.27119],[5.52868,51.28176],[5.519,51.28947],[5.51578,51.2952],[5.51577,51.2952],[5.52849,51.30275],[5.53759,51.30756],[5.56793,51.32109],[5.58546,51.32621],[5.60243,51.33099],[5.60532,51.3318],[5.61005,51.33082],[5.61897,51.32895],[5.62115,51.33119],[5.63129,51.32754],[5.63493,51.33022],[5.63313,51.33131],[5.63446,51.3334],[5.63859,51.33186],[5.64128,51.33408],[5.6433,51.33371],[5.64412,51.33639],[5.64097,51.33746],[5.63664,51.33783],[5.63672,51.34084],[5.64019,51.33957],[5.64064,51.34186],[5.63954,51.3431],[5.63992,51.34674],[5.6426,51.3484],[5.64877,51.35017],[5.64753,51.35208],[5.65471,51.35388],[5.65951,51.34313]]]]}},{"type":"Feature","properties":{"code":"GM1708","name":"Steenwijkerland"},"geometry":{"type":"MultiPolygon","coordinates":[[[[6.13679,52.83892],[6.15029,52.82994],[6.15196,52.82883],[6.14956,52.82846],[6.1492,52.8284],[6.1499,52.82812],[6.15172,52.8274],[6.15764,52.82504],[6.17141,52.81526],[6.17242,52.81564],[6.17723,52.81385],[6.18046,52.81103],[6.18512,52.80722],[6.1991,52.79583],[6.20173,52.7937],[6.19381,52.7864],[6.18481,52.7803],[6.17658,52.7752],[6.17291,52.77305],[6.16853,52.76709],[6.16394,52.76645],[6.16015,52.76466],[6.1565,52.76265],[6.13771,52.759],[6.13247,52.75867],[6.12633,52.75684],[6.1216,52.75421],[6.12038,52.75024],[6.12709,52.74026],[6.12915,52.73803],[6.13298,52.7314],[6.13994,52.72036],[6.14265,52.71633],[6.14392,52.71427],[6.15142,52.70288],[6.15199,52.7016],[6.15144,52.70138],[6.15382,52.69734],[6.15661,52.69196],[6.1588,52.69248],[6.15898,52.69215],[6.15578,52.69106],[6.1545,52.69041],[6.15479,52.68821],[6.15369,52.68625],[6.15016,52.68303],[6.14484,52.68007],[6.14128,52.67864],[6.13613,52.67726],[6.13543,52.67684],[6.13599,52.67463],[6.13284,52.67342],[6.13108,52.6718],[6.12757,52.67194],[6.1254,52.67027],[6.12301,52.66952],[6.12227,52.66843],[6.11957,52.66794],[6.10749,52.66564],[6.10247,52.66343],[6.09992,52.66082],[6.09736,52.66463],[6.08647,52.66338],[6.07291,52.65814],[6.06141,52.65286],[6.05892,52.65233],[6.05487,52.65022],[6.03821,52.6495],[6.02622,52.64292],[6.02458,52.64206],[6.02173,52.6415],[6.0211,52.64137],[6.01886,52.64351],[6.01807,52.64386],[6.01751,52.6434],[6.01707,52.64336],[6.01574,52.64412],[6.01433,52.646],[6.01424,52.64605],[6.0125,52.64719],[6.0123,52.64732],[6.01132,52.64798],[6.01086,52.64833],[6.01057,52.64855],[6.01012,52.64889],[6.00792,52.65054],[6.00768,52.65072],[6.00741,52.65092],[6.00732,52.65098],[6.00644,52.6515],[6.00626,52.65159],[6.00613,52.65165],[6.00556,52.6519],[6.00494,52.65218],[6.00285,52.65313],[6.00264,52.65322],[6.00259,52.65325],[5.99953,52.65464],[5.99692,52.65505],[5.99642,52.65513],[5.99505,52.65535],[5.99178,52.65586],[5.99084,52.65601],[5.99036,52.65609],[5.98751,52.65654],[5.98627,52.65674],[5.98522,52.65691],[5.9842,52.65715],[5.98411,52.65718],[5.98405,52.65719],[5.98331,52.65759],[5.98325,52.65762],[5.98292,52.65779],[5.98265,52.65794],[5.97955,52.6605],[5.97467,52.66271],[5.97082,52.66519],[5.96685,52.66658],[5.96497,52.66615],[5.96306,52.6664],[5.9618,52.6673],[5.95817,52.66781],[5.95402,52.66767],[5.94159,52.67052],[5.9401,52.67043],[5.93973,52.66884],[5.93515,52.66923],[5.93459,52.66978],[5.93309,52.67126],[5.93275,52.67319],[5.93387,52.67551],[5.94016,52.67922],[5.94538,52.6823],[5.94471,52.68271],[5.94685,52.684],[5.94952,52.68571],[5.95151,52.68495],[5.95274,52.68524],[5.9594,52.68995],[5.96211,52.69035],[5.96516,52.69357],[5.96483,52.6981],[5.95901,52.70386],[5.95484,52.70377],[5.95532,52.70726],[5.95209,52.71088],[5.95116,52.71192],[5.94256,52.715],[5.94189,52.71595],[5.94117,52.71755],[5.93556,52.73025],[5.93015,52.73959],[5.92183,52.75117],[5.90601,52.76133],[5.90005,52.7612],[5.89776,52.76214],[5.89609,52.76282],[5.89438,52.76513],[5.89255,52.76596],[5.88514,52.7693],[5.87994,52.77309],[5.86208,52.78102],[5.8503,52.78453],[5.84339,52.78446],[5.84162,52.78514],[5.83731,52.78502],[5.83606,52.78564],[5.82815,52.78555],[5.81879,52.7847],[5.81866,52.78764],[5.81273,52.79119],[5.80348,52.79686],[5.79518,52.80652],[5.81002,52.81388],[5.81707,52.81669],[5.81975,52.81728],[5.8199,52.8169],[5.82031,52.81595],[5.82236,52.81511],[5.82416,52.8133],[5.82872,52.81343],[5.83341,52.81176],[5.83737,52.80826],[5.8361,52.80595],[5.83845,52.80595],[5.8422,52.80758],[5.84359,52.80503],[5.84995,52.80616],[5.8548,52.80552],[5.85703,52.80723],[5.85964,52.80454],[5.86564,52.80465],[5.86868,52.80273],[5.87629,52.80086],[5.87958,52.8012],[5.88258,52.80392],[5.89343,52.80628],[5.89788,52.8078],[5.90066,52.81183],[5.90858,52.81371],[5.91197,52.81612],[5.91386,52.81862],[5.91632,52.82028],[5.9242,52.82359],[5.92295,52.82753],[5.92641,52.82818],[5.92275,52.82987],[5.9231,52.83103],[5.92698,52.83158],[5.93012,52.83136],[5.93065,52.83225],[5.92673,52.83329],[5.93016,52.83501],[5.93802,52.83538],[5.9418,52.83597],[5.94437,52.83707],[5.94625,52.83743],[5.95578,52.83324],[5.95685,52.83444],[5.95579,52.83744],[5.95873,52.83977],[5.96998,52.84238],[5.97313,52.84247],[5.97244,52.84192],[5.97287,52.84071],[5.97618,52.83475],[5.98156,52.82947],[5.9864,52.82185],[5.98647,52.8217],[5.9889,52.82206],[5.99058,52.8216],[5.99421,52.81912],[5.99651,52.81656],[5.99908,52.81691],[6.00748,52.82005],[6.0179,52.8219],[6.02456,52.82255],[6.02662,52.82108],[6.03117,52.81499],[6.03821,52.81771],[6.04351,52.81961],[6.04452,52.81975],[6.04696,52.82053],[6.04854,52.82154],[6.05294,52.82412],[6.05782,52.82545],[6.05995,52.82612],[6.0593,52.82681],[6.05498,52.83135],[6.05261,52.83734],[6.05455,52.83763],[6.05649,52.83797],[6.06151,52.8393],[6.081,52.83873],[6.0833,52.83949],[6.08748,52.84311],[6.09319,52.84458],[6.11982,52.85422],[6.12869,52.84781],[6.13045,52.84387],[6.13679,52.83892]]]]}},{"type":"Feature","properties":{"code":"GM1709","name":"Moerdijk"},"geometry":{"type":"MultiPolygon","coordinates":[[[[4.65087,51.71011],[4.65463,51.70899],[4.65651,51.7073],[4.6574,51.7022],[4.65969,51.69685],[4.66694,51.68649],[4.67323,51.68899],[4.67919,51.68644],[4.68112,51.68785],[4.69282,51.68168],[4.69504,51.68336],[4.69731,51.68772],[4.70453,51.68051],[4.70203,51.67989],[4.70461,51.67632],[4.70662,51.67675],[4.70988,51.67327],[4.68499,51.66629],[4.69423,51.65831],[4.69678,51.65459],[4.68917,51.65242],[4.69256,51.64755],[4.69545,51.64711],[4.69906,51.63807],[4.69874,51.63797],[4.69096,51.63736],[4.68275,51.63364],[4.67851,51.63259],[4.67226,51.63262],[4.66507,51.63432],[4.65818,51.63459],[4.64392,51.63238],[4.63802,51.62971],[4.63665,51.62864],[4.6357,51.62629],[4.63434,51.62544],[4.62921,51.62405],[4.62444,51.62427],[4.62275,51.62469],[4.61682,51.62762],[4.61132,51.6285],[4.60629,51.62772],[4.60123,51.62524],[4.59613,51.62411],[4.59291,51.62444],[4.58919,51.6252],[4.57768,51.62963],[4.57108,51.6304],[4.56044,51.62882],[4.5567,51.62689],[4.55457,51.62488],[4.55325,51.62247],[4.54913,51.61989],[4.5432,51.61767],[4.53689,51.61715],[4.53087,51.61595],[4.52549,51.6127],[4.51913,51.60783],[4.51655,51.60713],[4.51376,51.60675],[4.50799,51.6071],[4.50217,51.60875],[4.49616,51.61317],[4.49244,51.61753],[4.48774,51.61964],[4.48428,51.62008],[4.48044,51.61972],[4.47603,51.61836],[4.47144,51.61597],[4.46137,51.61438],[4.45484,51.61421],[4.44354,51.61509],[4.43783,51.61712],[4.42882,51.62327],[4.425,51.62947],[4.42386,51.63027],[4.42121,51.63082],[4.41349,51.63116],[4.40911,51.63272],[4.3999,51.63881],[4.39717,51.64305],[4.39244,51.64481],[4.38667,51.64618],[4.38077,51.65058],[4.3764,51.65193],[4.37667,51.6521],[4.37488,51.65368],[4.37523,51.65375],[4.37753,51.65272],[4.37801,51.65305],[4.37288,51.65695],[4.37714,51.6593],[4.37571,51.66053],[4.37819,51.66133],[4.38347,51.66541],[4.38561,51.66832],[4.38779,51.66883],[4.39354,51.67782],[4.39225,51.67879],[4.39218,51.68008],[4.39399,51.6805],[4.39973,51.6836],[4.40721,51.6879],[4.40493,51.68957],[4.39803,51.68603],[4.39675,51.68594],[4.38965,51.68165],[4.39154,51.68424],[4.4016,51.68891],[4.40144,51.69008],[4.40304,51.69175],[4.40166,51.69274],[4.39502,51.69048],[4.39197,51.69054],[4.39199,51.69093],[4.39552,51.6909],[4.40058,51.69366],[4.39878,51.69339],[4.3972,51.6943],[4.39418,51.69278],[4.39368,51.69199],[4.39318,51.69222],[4.39449,51.69376],[4.40364,51.69871],[4.4054,51.69864],[4.40097,51.69631],[4.40288,51.6946],[4.40665,51.69695],[4.40722,51.69863],[4.40776,51.69867],[4.40703,51.69695],[4.40236,51.6931],[4.40374,51.69211],[4.41316,51.6951],[4.42284,51.70021],[4.42631,51.70078],[4.42954,51.70077],[4.42353,51.69979],[4.41142,51.69327],[4.4104,51.69248],[4.41233,51.69107],[4.41261,51.6909],[4.41969,51.6945],[4.42644,51.69722],[4.43135,51.69663],[4.43666,51.69764],[4.43736,51.6974],[4.43501,51.69705],[4.43613,51.69627],[4.43678,51.69609],[4.43969,51.69681],[4.44358,51.69618],[4.44371,51.69606],[4.44119,51.69543],[4.44285,51.69456],[4.4425,51.6941],[4.44208,51.69408],[4.44212,51.69311],[4.44361,51.69324],[4.44394,51.69477],[4.44225,51.69539],[4.44329,51.69567],[4.44545,51.69475],[4.45137,51.69179],[4.46291,51.68894],[4.49022,51.68298],[4.49305,51.68334],[4.49342,51.68414],[4.50771,51.68313],[4.51958,51.68371],[4.52462,51.68451],[4.52621,51.68581],[4.52706,51.68284],[4.52598,51.6803],[4.5264,51.68033],[4.52636,51.68099],[4.52659,51.68101],[4.52672,51.68085],[4.52716,51.68094],[4.52701,51.68113],[4.52707,51.68162],[4.52766,51.68283],[4.52714,51.68506],[4.52788,51.68485],[4.5279,51.68453],[4.52843,51.68446],[4.52851,51.6848],[4.52991,51.68468],[4.53017,51.68607],[4.52717,51.68634],[4.52688,51.68537],[4.52654,51.68653],[4.53217,51.68612],[4.53268,51.68528],[4.53543,51.68505],[4.53762,51.68525],[4.53756,51.68712],[4.54937,51.68848],[4.56875,51.69223],[4.5741,51.69234],[4.60165,51.69695],[4.61937,51.70558],[4.62125,51.70483],[4.62291,51.7039],[4.62327,51.70426],[4.62066,51.70593],[4.61924,51.70623],[4.62657,51.70909],[4.63865,51.7124],[4.63891,51.71324],[4.63643,51.71735],[4.63685,51.71744],[4.63935,51.71336],[4.64039,51.71282],[4.643,51.71334],[4.64733,51.71288],[4.64385,51.71883],[4.64403,51.71886],[4.6445,51.71896],[4.64514,51.71907],[4.65087,51.71011]]],[[[4.56952,51.6964],[4.56723,51.69533],[4.5549,51.69322],[4.54535,51.69332],[4.54514,51.692],[4.54393,51.69181],[4.54307,51.69381],[4.54433,51.69513],[4.54438,51.69513],[4.55493,51.69685],[4.57231,51.70007],[4.57964,51.70004],[4.5898,51.70235],[4.59947,51.70305],[4.60047,51.7027],[4.59597,51.70108],[4.56952,51.6964]]]]}},{"type":"Feature","properties":{"code":"GM1711","name":"Echt-Susteren"},"geometry":{"type":"MultiPolygon","coordinates":[[[[5.89827,51.13483],[5.90146,51.13421],[5.90338,51.13302],[5.90798,51.13479],[5.91156,51.13179],[5.91389,51.1332],[5.91638,51.13045],[5.91437,51.1283],[5.91923,51.12071],[5.92582,51.1143],[5.92675,51.11377],[5.9405,51.11433],[5.94134,51.11383],[5.94042,51.11269],[5.94348,51.11289],[5.94752,51.11334],[5.94809,51.11258],[5.95156,51.11293],[5.95335,51.11452],[5.95423,51.1132],[5.95657,51.11382],[5.95605,51.11478],[5.9626,51.11649],[5.96177,51.11704],[5.96533,51.11844],[5.97212,51.11469],[5.97608,51.11709],[5.97849,51.11584],[5.98206,51.11861],[5.98299,51.11809],[5.9848,51.12065],[5.9909,51.12041],[5.9977,51.11884],[6.00076,51.11414],[6.01395,51.11792],[6.01335,51.11671],[6.02198,51.11337],[6.02421,51.10987],[6.02264,51.10906],[6.02397,51.10664],[6.02821,51.10716],[6.02844,51.10634],[6.02918,51.10489],[6.03047,51.10174],[6.03646,51.09653],[6.03508,51.0959],[6.0299,51.09463],[6.02448,51.09368],[6.02067,51.09284],[6.01887,51.09378],[6.01757,51.09457],[6.01571,51.09236],[6.01267,51.09095],[6.01088,51.09119],[6.00952,51.09084],[6.00782,51.08928],[6.00382,51.08679],[5.99779,51.08425],[5.99219,51.07985],[5.9884,51.07461],[5.98498,51.07359],[5.98464,51.07357],[5.98176,51.07318],[5.98019,51.07219],[5.98005,51.07175],[5.97958,51.07134],[5.98173,51.06948],[5.97866,51.0677],[5.97763,51.06562],[5.97478,51.06316],[5.97316,51.06291],[5.97165,51.06189],[5.96999,51.06052],[5.97078,51.05802],[5.96811,51.05556],[5.97031,51.05418],[5.96823,51.05107],[5.96924,51.04902],[5.96845,51.048],[5.96847,51.04785],[5.96784,51.04476],[5.9669,51.04414],[5.95817,51.04113],[5.95947,51.03824],[5.95818,51.03624],[5.95762,51.03471],[5.95633,51.03508],[5.95621,51.03492],[5.9557,51.03503],[5.95506,51.0359],[5.954,51.03653],[5.94548,51.03684],[5.93813,51.03512],[5.9346,51.04123],[5.9263,51.04825],[5.92626,51.04835],[5.91873,51.06395],[5.9132,51.06688],[5.90564,51.06185],[5.89637,51.05714],[5.892,51.05313],[5.8872,51.05218],[5.86869,51.05169],[5.86639,51.05112],[5.86728,51.04628],[5.87418,51.03957],[5.87803,51.03758],[5.877,51.03204],[5.86531,51.02917],[5.85673,51.02854],[5.85261,51.02932],[5.85108,51.0324],[5.84911,51.03654],[5.85274,51.03812],[5.84858,51.04628],[5.84423,51.04572],[5.84239,51.04646],[5.84128,51.04572],[5.83815,51.04661],[5.83527,51.04893],[5.82725,51.04756],[5.82677,51.05587],[5.82368,51.06673],[5.82396,51.07251],[5.82054,51.07259],[5.81962,51.07261],[5.81352,51.06554],[5.80934,51.05914],[5.80785,51.05921],[5.80693,51.05757],[5.80626,51.0581],[5.80323,51.05759],[5.80294,51.05856],[5.80053,51.0593],[5.79934,51.06007],[5.80088,51.06211],[5.80106,51.06402],[5.79662,51.07182],[5.79925,51.07501],[5.80419,51.07693],[5.80488,51.07793],[5.8045,51.08053],[5.80282,51.08276],[5.79885,51.08578],[5.79713,51.08618],[5.7951,51.08962],[5.79602,51.09148],[5.80006,51.0942],[5.80533,51.09592],[5.80974,51.09631],[5.81398,51.09558],[5.82133,51.09267],[5.82414,51.09235],[5.82898,51.09442],[5.83239,51.09732],[5.8335,51.09955],[5.83766,51.10324],[5.84468,51.10526],[5.84925,51.10987],[5.85083,51.10927],[5.85109,51.10918],[5.85795,51.11678],[5.86616,51.12725],[5.87228,51.13511],[5.87283,51.13488],[5.8743,51.13425],[5.88157,51.13483],[5.88284,51.1334],[5.88661,51.13501],[5.89063,51.1344],[5.89355,51.13516],[5.89525,51.13525],[5.89658,51.13596],[5.89777,51.13595],[5.89827,51.13483]]]]}},{"type":"Feature","properties":{"code":"GM1714","name":"Sluis"},"geometry":{"type":"MultiPolygon","coordinates":[[[[3.51944,51.40749],[3.54567,51.40531],[3.54768,51.40517],[3.54984,51.40615],[3.551,51.40595],[3.54827,51.40345],[3.54652,51.40352],[3.54737,51.40187],[3.54713,51.40164],[3.54776,51.40132],[3.54809,51.40152],[3.55091,51.40074],[3.55363,51.40368],[3.55306,51.40458],[3.55329,51.4047],[3.55402,51.40378],[3.55261,51.40139],[3.55858,51.40019],[3.56786,51.40062],[3.56269,51.39669],[3.56277,51.39606],[3.5663,51.39846],[3.56701,51.39776],[3.5645,51.39572],[3.56468,51.39532],[3.56623,51.39533],[3.5677,51.39648],[3.56844,51.39654],[3.56859,51.39519],[3.57009,51.39511],[3.57034,51.39575],[3.57073,51.39575],[3.57208,51.39491],[3.57349,51.39491],[3.57439,51.39566],[3.56831,51.39864],[3.56825,51.39925],[3.57832,51.39386],[3.57815,51.39259],[3.58482,51.3879],[3.58917,51.38672],[3.60694,51.38518],[3.60775,51.38376],[3.61418,51.38248],[3.61577,51.38053],[3.62338,51.37902],[3.64076,51.3759],[3.65219,51.37471],[3.66243,51.37371],[3.66587,51.37465],[3.66849,51.37426],[3.67217,51.37276],[3.6874,51.37126],[3.69098,51.36757],[3.69097,51.36589],[3.69305,51.36529],[3.69382,51.35247],[3.68982,51.35335],[3.68785,51.35558],[3.68239,51.35527],[3.68231,51.35343],[3.6594,51.35114],[3.65904,51.34994],[3.6542,51.34839],[3.64955,51.349],[3.64724,51.35005],[3.6496,51.34274],[3.64423,51.34174],[3.65331,51.33175],[3.65797,51.33335],[3.65999,51.32489],[3.66383,51.32524],[3.66621,51.31981],[3.68628,51.3216],[3.68941,51.3203],[3.70385,51.31837],[3.71241,51.31579],[3.70358,51.30994],[3.70714,51.30664],[3.70403,51.30248],[3.70661,51.28883],[3.70356,51.28699],[3.70143,51.28675],[3.69888,51.28445],[3.69393,51.27604],[3.68993,51.28061],[3.68257,51.28109],[3.67791,51.28053],[3.67676,51.28307],[3.6581,51.29019],[3.64441,51.29011],[3.64326,51.28869],[3.64082,51.28809],[3.62571,51.29334],[3.62123,51.29277],[3.61921,51.29425],[3.61857,51.29591],[3.61472,51.29772],[3.61269,51.29794],[3.59083,51.30442],[3.59178,51.30534],[3.58989,51.30582],[3.58583,51.30168],[3.58111,51.29832],[3.58793,51.29296],[3.58339,51.29225],[3.5826,51.29076],[3.58388,51.28889],[3.58181,51.28691],[3.57983,51.28877],[3.57777,51.28882],[3.57616,51.28801],[3.57153,51.29103],[3.57194,51.29196],[3.56648,51.29379],[3.5662,51.29463],[3.56271,51.29586],[3.55976,51.29546],[3.55808,51.29122],[3.55625,51.29036],[3.55569,51.2898],[3.55359,51.28958],[3.54982,51.2911],[3.54343,51.2912],[3.54231,51.28801],[3.53801,51.28366],[3.53367,51.28349],[3.52913,51.28874],[3.51542,51.28715],[3.51762,51.28058],[3.52801,51.24644],[3.5276,51.24604],[3.48467,51.24327],[3.45039,51.24162],[3.44696,51.24161],[3.44442,51.2421],[3.4445,51.24269],[3.44054,51.24347],[3.43232,51.24561],[3.42748,51.24466],[3.42537,51.25087],[3.42441,51.25448],[3.42123,51.25662],[3.41834,51.25749],[3.41714,51.25978],[3.41599,51.25995],[3.41157,51.25693],[3.40741,51.25696],[3.40317,51.26246],[3.39681,51.2641],[3.39454,51.26542],[3.38892,51.27125],[3.38787,51.27325],[3.38647,51.27389],[3.38233,51.27408],[3.3784,51.27503],[3.3758,51.27708],[3.37534,51.27851],[3.37593,51.27948],[3.3797,51.28031],[3.38168,51.28162],[3.38042,51.28431],[3.3808,51.28696],[3.37894,51.28852],[3.37029,51.29194],[3.36681,51.29564],[3.36608,51.29827],[3.36739,51.29962],[3.37176,51.30009],[3.37808,51.30265],[3.37684,51.30245],[3.36291,51.3119],[3.35838,51.31498],[3.36285,51.31814],[3.38531,51.33426],[3.38352,51.34121],[3.37407,51.34851],[3.37371,51.35423],[3.37499,51.35889],[3.37235,51.36199],[3.37307,51.36469],[3.3697,51.36691],[3.37049,51.37101],[3.3701,51.37246],[3.37185,51.3736],[3.37852,51.37742],[3.38043,51.37829],[3.38023,51.37994],[3.38066,51.3801],[3.38087,51.37808],[3.38264,51.37782],[3.38266,51.38005],[3.38192,51.38028],[3.38193,51.38049],[3.3832,51.38014],[3.38324,51.3793],[3.38524,51.37937],[3.40228,51.38332],[3.41182,51.38647],[3.42129,51.38964],[3.43074,51.39152],[3.43283,51.39048],[3.43662,51.38846],[3.44006,51.38849],[3.44835,51.39119],[3.45575,51.39363],[3.45774,51.39399],[3.47299,51.39633],[3.48782,51.39951],[3.49451,51.40197],[3.5002,51.40418],[3.50146,51.40563],[3.50412,51.40664],[3.50535,51.40662],[3.51944,51.40749]]]]}},{"type":"Feature","properties":{"code":"GM1719","name":"Drimmelen"},"geometry":{"type":"MultiPolygon","coordinates":[[[[4.78245,51.76657],[4.7854,51.75593],[4.8025,51.75759],[4.81286,51.75663],[4.82228,51.75386],[4.82809,51.75378],[4.83365,51.75401],[4.84188,51.75669],[4.84675,51.75706],[4.85133,51.75618],[4.85313,51.75075],[4.85248,51.74868],[4.84941,51.74483],[4.84983,51.74035],[4.84693,51.73355],[4.84694,51.72552],[4.84066,51.71632],[4.8369,51.71261],[4.82977,51.71159],[4.82361,51.71129],[4.82413,51.70954],[4.82667,51.70436],[4.82966,51.69564],[4.83194,51.69179],[4.83962,51.68402],[4.84237,51.67965],[4.82856,51.67644],[4.82735,51.67696],[4.82179,51.67474],[4.81695,51.67365],[4.80683,51.67127],[4.8012,51.67021],[4.79679,51.66952],[4.78108,51.66389],[4.7943,51.64174],[4.79649,51.64119],[4.78751,51.63705],[4.76958,51.62951],[4.76569,51.62914],[4.76502,51.63191],[4.76265,51.63503],[4.75737,51.63758],[4.74903,51.63898],[4.745,51.64044],[4.73854,51.64281],[4.73184,51.64306],[4.70433,51.63825],[4.69906,51.63807],[4.69545,51.64711],[4.69256,51.64755],[4.68917,51.65242],[4.69678,51.65459],[4.69423,51.65831],[4.68499,51.66629],[4.70988,51.67327],[4.70662,51.67675],[4.70461,51.67632],[4.70203,51.67989],[4.70453,51.68051],[4.69731,51.68772],[4.69504,51.68336],[4.69282,51.68168],[4.68112,51.68785],[4.67919,51.68644],[4.67323,51.68899],[4.66694,51.68649],[4.65969,51.69685],[4.6574,51.7022],[4.65651,51.7073],[4.65463,51.70899],[4.65087,51.71011],[4.64514,51.71907],[4.67522,51.72421],[4.6763,51.72492],[4.67729,51.72011],[4.69855,51.72199],[4.72184,51.73427],[4.73365,51.73651],[4.73745,51.7413],[4.74736,51.74662],[4.7479,51.74877],[4.75073,51.75229],[4.76394,51.75907],[4.77211,51.75933],[4.7788,51.76417],[4.78065,51.76642],[4.78245,51.76657]]]]}},{"type":"Feature","properties":{"code":"GM1721","name":"Bernheze"},"geometry":{"type":"MultiPolygon","coordinates":[[[[5.54329,51.73846],[5.55392,51.7348],[5.56017,51.73256],[5.57013,51.73103],[5.57376,51.73106],[5.57601,51.73153],[5.58088,51.73145],[5.58776,51.72595],[5.60006,51.70849],[5.59909,51.70716],[5.59544,51.70753],[5.59704,51.70199],[5.60023,51.69829],[5.60059,51.69657],[5.59886,51.69587],[5.59684,51.69092],[5.58895,51.68482],[5.58686,51.68305],[5.57878,51.68055],[5.57641,51.67997],[5.57696,51.67877],[5.57449,51.67838],[5.57302,51.67809],[5.57352,51.67709],[5.56591,51.66737],[5.56224,51.66315],[5.56197,51.66078],[5.56405,51.66147],[5.56639,51.66134],[5.56774,51.65933],[5.56891,51.65956],[5.57104,51.6552],[5.56741,51.65351],[5.5703,51.65143],[5.56782,51.65035],[5.56536,51.64837],[5.54201,51.64031],[5.54172,51.63921],[5.54314,51.6391],[5.54224,51.63454],[5.53366,51.63551],[5.53247,51.63447],[5.53109,51.63295],[5.52621,51.63226],[5.5244,51.63044],[5.51688,51.63182],[5.50486,51.63608],[5.50462,51.63301],[5.4972,51.62669],[5.46891,51.6417],[5.46593,51.6429],[5.4385,51.64992],[5.42339,51.65378],[5.42353,51.65385],[5.42842,51.65647],[5.43166,51.66089],[5.43159,51.66319],[5.43261,51.66418],[5.43941,51.66487],[5.44504,51.66428],[5.44563,51.66642],[5.4486,51.66946],[5.45687,51.68759],[5.45877,51.69203],[5.46033,51.68965],[5.46985,51.68914],[5.4694,51.69127],[5.47105,51.69115],[5.47829,51.70143],[5.48307,51.70146],[5.49239,51.7061],[5.49907,51.70708],[5.49966,51.70901],[5.49823,51.70918],[5.49892,51.71057],[5.49732,51.71077],[5.49771,51.71171],[5.48782,51.71207],[5.48777,51.7129],[5.48478,51.71331],[5.47883,51.72416],[5.48014,51.72446],[5.47424,51.72896],[5.47872,51.73022],[5.49531,51.73468],[5.499,51.73548],[5.50461,51.73668],[5.50771,51.73782],[5.50873,51.73793],[5.50899,51.73718],[5.50947,51.73726],[5.50955,51.73728],[5.50994,51.73734],[5.51028,51.73808],[5.52914,51.74044],[5.53392,51.7406],[5.54329,51.73846]]]]}},{"type":"Feature","properties":{"code":"GM1723","name":"Alphen-Chaam"},"geometry":{"type":"MultiPolygon","coordinates":[[[[4.86426,51.55202],[4.85271,51.54521],[4.85182,51.54468],[4.84836,51.54298],[4.83486,51.53862],[4.83462,51.53515],[4.83611,51.53447],[4.83679,51.53277],[4.8357,51.53153],[4.83132,51.52947],[4.82926,51.52969],[4.82977,51.52786],[4.84235,51.52685],[4.84506,51.52848],[4.84474,51.53333],[4.85105,51.5341],[4.85456,51.53393],[4.86623,51.53807],[4.91106,51.51008],[4.95664,51.51868],[4.96257,51.52586],[4.96875,51.52118],[4.9776,51.52165],[4.98087,51.51863],[4.98455,51.51788],[4.9825,51.51409],[4.98992,51.51315],[4.9923,51.51225],[4.98965,51.50575],[4.98578,51.49975],[4.98674,51.49533],[4.99464,51.49765],[4.99676,51.49677],[4.99247,51.49395],[4.99716,51.49205],[4.9978,51.49284],[5.00036,51.49186],[4.99723,51.48854],[4.99262,51.48745],[4.99164,51.48618],[4.99339,51.48548],[4.99134,51.48442],[4.9901,51.48508],[4.98842,51.48398],[4.98799,51.48304],[4.99918,51.48202],[4.99979,51.4805],[4.9993,51.47931],[5.00641,51.47511],[5.00834,51.4733],[5.01527,51.47633],[5.01652,51.47544],[5.01084,51.47231],[5.00795,51.46673],[5.00768,51.46278],[5.01056,51.45943],[5.01046,51.45824],[4.97713,51.46068],[4.97671,51.46126],[4.97477,51.46062],[4.97365,51.45974],[4.97008,51.45874],[4.95672,51.45974],[4.94716,51.45857],[4.94466,51.45679],[4.94163,51.45714],[4.93212,51.45921],[4.91797,51.46674],[4.91705,51.46804],[4.89256,51.47778],[4.89129,51.47822],[4.88308,51.47731],[4.8717,51.47981],[4.86195,51.47761],[4.85393,51.47844],[4.85288,51.4794],[4.84802,51.4803],[4.84188,51.48074],[4.83765,51.48196],[4.82928,51.48179],[4.82536,51.48213],[4.82114,51.48307],[4.82017,51.48603],[4.81742,51.48899],[4.81822,51.49105],[4.81757,51.49293],[4.8152,51.49482],[4.80555,51.49741],[4.80225,51.4976],[4.8019,51.49838],[4.79726,51.49963],[4.79591,51.49944],[4.79495,51.49988],[4.79395,51.49979],[4.79346,51.49943],[4.79249,51.49836],[4.79218,51.49863],[4.79129,51.49845],[4.79087,51.49816],[4.78776,51.49904],[4.78616,51.49884],[4.78507,51.49975],[4.78306,51.49956],[4.78073,51.50408],[4.77484,51.50494],[4.77475,51.50485],[4.77389,51.50496],[4.77392,51.50509],[4.77376,51.50511],[4.76002,51.50237],[4.75347,51.5058],[4.75095,51.50911],[4.74699,51.51548],[4.74893,51.51896],[4.76018,51.51931],[4.76447,51.52405],[4.76755,51.52511],[4.76863,51.52513],[4.77002,51.52364],[4.77029,51.5244],[4.76931,51.52538],[4.77006,51.52736],[4.77785,51.52939],[4.7781,51.52945],[4.79425,51.5349],[4.79804,51.53514],[4.80133,51.53608],[4.79935,51.53706],[4.82452,51.54784],[4.83077,51.55035],[4.8329,51.54958],[4.8374,51.54951],[4.83978,51.55319],[4.8437,51.55424],[4.86298,51.55727],[4.86454,51.5535],[4.86426,51.55202]]]]}},{"type":"Feature","properties":{"code":"GM1724","name":"Bergeijk"},"geometry":{"type":"MultiPolygon","coordinates":[[[[5.41348,51.3839],[5.41784,51.38209],[5.4218,51.38341],[5.42408,51.38029],[5.42555,51.37924],[5.42485,51.37919],[5.42383,51.3776],[5.42424,51.37655],[5.42321,51.37487],[5.42153,51.37439],[5.41887,51.37181],[5.42098,51.3693],[5.41988,51.3651],[5.42015,51.36361],[5.4197,51.35925],[5.42086,51.35693],[5.42155,51.35419],[5.42353,51.35224],[5.42282,51.34822],[5.42518,51.34537],[5.42498,51.34437],[5.42249,51.34232],[5.4214,51.34069],[5.42282,51.33627],[5.42303,51.33258],[5.42429,51.33076],[5.43392,51.32432],[5.4258,51.31199],[5.42393,51.31251],[5.41985,51.31802],[5.41649,51.31939],[5.41365,51.31865],[5.41286,51.32052],[5.41078,51.31998],[5.40072,51.3135],[5.39767,51.31432],[5.39446,51.30899],[5.39476,51.30635],[5.39546,51.30601],[5.39399,51.30151],[5.39403,51.29321],[5.3972,51.29062],[5.3878,51.28524],[5.39801,51.27767],[5.4009,51.27446],[5.4038,51.27347],[5.41741,51.26229],[5.39594,51.26697],[5.34614,51.27576],[5.34575,51.2722],[5.34416,51.2702],[5.34261,51.26575],[5.33939,51.26406],[5.33647,51.26307],[5.31514,51.26345],[5.29615,51.26148],[5.26312,51.2668],[5.23791,51.26135],[5.22597,51.26826],[5.24219,51.30522],[5.24112,51.30566],[5.24253,51.306],[5.24397,51.30939],[5.25945,51.31148],[5.26025,51.31549],[5.26341,51.31928],[5.29217,51.31824],[5.30806,51.32183],[5.30955,51.32105],[5.31499,51.32289],[5.31888,51.32485],[5.32295,51.32869],[5.32116,51.32957],[5.32401,51.3329],[5.3322,51.33317],[5.33784,51.3348],[5.34174,51.33583],[5.34712,51.33745],[5.34199,51.34422],[5.34678,51.34752],[5.34259,51.35267],[5.34474,51.35491],[5.34615,51.35795],[5.35245,51.36182],[5.35575,51.36253],[5.36432,51.36698],[5.3705,51.36931],[5.37407,51.36953],[5.37564,51.36876],[5.37821,51.36939],[5.38113,51.37113],[5.3826,51.37283],[5.38803,51.37527],[5.38891,51.37646],[5.39086,51.37759],[5.39315,51.37748],[5.39589,51.37933],[5.39651,51.38082],[5.40841,51.37982],[5.40981,51.3801],[5.41027,51.38125],[5.41348,51.3839]]]]}},{"type":"Feature","properties":{"code":"GM1728","name":"Bladel"},"geometry":{"type":"MultiPolygon","coordinates":[[[[5.20922,51.4365],[5.20994,51.43417],[5.21577,51.43418],[5.21748,51.4305],[5.21954,51.42892],[5.22314,51.42792],[5.22374,51.4251],[5.22928,51.42545],[5.2327,51.42686],[5.2377,51.42856],[5.24338,51.42548],[5.24478,51.42625],[5.24945,51.42295],[5.24878,51.42256],[5.2729,51.40947],[5.27639,51.40935],[5.27839,51.40865],[5.28143,51.40499],[5.29015,51.40408],[5.29625,51.40775],[5.30285,51.40753],[5.30516,51.40693],[5.30729,51.40611],[5.31365,51.39944],[5.31044,51.39605],[5.31086,51.39071],[5.3071,51.39062],[5.30628,51.39096],[5.30271,51.39071],[5.29881,51.38968],[5.28941,51.38892],[5.29032,51.38613],[5.28591,51.38447],[5.27976,51.37533],[5.27927,51.37386],[5.27744,51.36878],[5.27744,51.36878],[5.27589,51.3644],[5.2753,51.36272],[5.27892,51.35377],[5.2791,51.35334],[5.28597,51.33634],[5.26341,51.31928],[5.26025,51.31549],[5.25945,51.31148],[5.24397,51.30939],[5.24253,51.306],[5.24112,51.30566],[5.20025,51.32266],[5.2047,51.32544],[5.19387,51.34523],[5.19607,51.348],[5.19629,51.34984],[5.19449,51.35108],[5.19234,51.35074],[5.19191,51.35627],[5.19194,51.36147],[5.19642,51.36159],[5.19539,51.36229],[5.19742,51.36272],[5.19214,51.3648],[5.1906,51.36623],[5.1921,51.36677],[5.19066,51.3719],[5.18435,51.37476],[5.18322,51.37579],[5.18541,51.37584],[5.18799,51.37451],[5.18851,51.37762],[5.19301,51.37826],[5.19927,51.38231],[5.1974,51.38402],[5.20096,51.39007],[5.19992,51.39171],[5.19475,51.39996],[5.19085,51.41821],[5.19102,51.43022],[5.19102,51.43022],[5.19542,51.43078],[5.20668,51.4347],[5.20922,51.4365]]]]}},{"type":"Feature","properties":{"code":"GM1729","name":"Gulpen-Wittem"},"geometry":{"type":"MultiPolygon","coordinates":[[[[5.92911,50.84304],[5.92961,50.84025],[5.93319,50.83966],[5.93581,50.84014],[5.94041,50.84151],[5.94535,50.84389],[5.94611,50.84429],[5.94637,50.84443],[5.9468,50.84469],[5.95089,50.84457],[5.95481,50.84592],[5.95618,50.84201],[5.95577,50.83927],[5.95695,50.83584],[5.95554,50.83539],[5.95949,50.82823],[5.9679,50.82235],[5.97183,50.82118],[5.96942,50.81686],[5.97796,50.81491],[5.97952,50.81458],[5.98055,50.81298],[5.98292,50.81144],[5.98192,50.81086],[5.98352,50.80973],[5.98137,50.80859],[5.98017,50.80712],[5.9802,50.80579],[5.9787,50.80467],[5.9779,50.80506],[5.97668,50.80337],[5.9691,50.80127],[5.96481,50.80242],[5.96106,50.8004],[5.95785,50.79812],[5.9517,50.79385],[5.9455,50.7956],[5.94339,50.79383],[5.94201,50.79048],[5.94491,50.78161],[5.94408,50.77574],[5.94331,50.77305],[5.94114,50.77199],[5.93774,50.77137],[5.93593,50.77146],[5.93403,50.77359],[5.9309,50.77512],[5.92387,50.77524],[5.9219,50.77335],[5.92054,50.76933],[5.92452,50.76689],[5.9256,50.76389],[5.92505,50.76368],[5.92678,50.76311],[5.92717,50.76381],[5.92795,50.76248],[5.93008,50.76265],[5.92988,50.76211],[5.92998,50.76195],[5.93052,50.76203],[5.93134,50.76149],[5.93104,50.76093],[5.93214,50.76089],[5.93105,50.75994],[5.92991,50.75979],[5.93019,50.759],[5.93205,50.75812],[5.93305,50.75878],[5.93455,50.75849],[5.93576,50.75698],[5.93318,50.75655],[5.9311,50.75694],[5.92145,50.75136],[5.91622,50.75045],[5.91508,50.75037],[5.91538,50.75472],[5.91398,50.75432],[5.9137,50.75575],[5.91075,50.75524],[5.90901,50.75422],[5.90821,50.75569],[5.90707,50.75511],[5.90584,50.7555],[5.90485,50.75522],[5.903,50.75371],[5.90353,50.75345],[5.90163,50.7514],[5.90102,50.75149],[5.88974,50.75633],[5.88919,50.75755],[5.89021,50.76013],[5.88967,50.76422],[5.88666,50.76982],[5.88623,50.77005],[5.87623,50.76562],[5.87062,50.76491],[5.86345,50.76351],[5.85995,50.76183],[5.8523,50.75722],[5.84892,50.75341],[5.84617,50.76167],[5.84504,50.76537],[5.84491,50.77076],[5.84255,50.77408],[5.84424,50.77455],[5.84162,50.77745],[5.83954,50.78058],[5.83845,50.78165],[5.83719,50.78102],[5.83525,50.78174],[5.83485,50.78255],[5.83397,50.78437],[5.83558,50.78481],[5.83589,50.78668],[5.8329,50.78662],[5.83246,50.78869],[5.82813,50.7905],[5.82764,50.79018],[5.82242,50.79544],[5.82082,50.79807],[5.82138,50.80215],[5.81974,50.80477],[5.81952,50.80526],[5.83066,50.80787],[5.83172,50.80877],[5.83617,50.80767],[5.83753,50.80821],[5.83924,50.80759],[5.84225,50.81007],[5.84478,50.81449],[5.84548,50.81535],[5.84881,50.81499],[5.85282,50.81783],[5.85118,50.81917],[5.85318,50.82075],[5.85853,50.82086],[5.86413,50.82334],[5.86314,50.8268],[5.86232,50.82923],[5.85971,50.83208],[5.85946,50.83368],[5.86593,50.83757],[5.86621,50.83871],[5.86712,50.83866],[5.871,50.83829],[5.87026,50.83653],[5.87109,50.83652],[5.87395,50.83792],[5.87655,50.84024],[5.87758,50.84132],[5.87484,50.84538],[5.87476,50.84668],[5.87564,50.84711],[5.87615,50.8463],[5.88139,50.84669],[5.88512,50.84748],[5.88799,50.84703],[5.88946,50.84521],[5.89124,50.84275],[5.89159,50.84285],[5.89877,50.84335],[5.90326,50.84571],[5.91617,50.84882],[5.925,50.84884],[5.92911,50.84304]]]]}},{"type":"Feature","properties":{"code":"GM1730","name":"Tynaarlo"},"geometry":{"type":"MultiPolygon","coordinates":[[[[6.5409,53.17988],[6.54174,53.17861],[6.54271,53.17867],[6.54625,53.18028],[6.54819,53.1811],[6.54838,53.18089],[6.54857,53.18067],[6.55581,53.1733],[6.55614,53.17285],[6.55932,53.16934],[6.56059,53.16613],[6.56275,53.16042],[6.56318,53.15869],[6.56369,53.15764],[6.56474,53.15799],[6.5815,53.16353],[6.5811,53.16261],[6.58346,53.15853],[6.58709,53.15623],[6.58464,53.15431],[6.58739,53.14868],[6.58779,53.14589],[6.60046,53.14431],[6.60652,53.13932],[6.60818,53.1389],[6.60918,53.1384],[6.61062,53.13794],[6.6144,53.13556],[6.61364,53.1327],[6.61657,53.13297],[6.61898,53.13158],[6.61898,53.12988],[6.62132,53.12831],[6.62176,53.12635],[6.62283,53.12537],[6.62734,53.12283],[6.62865,53.11949],[6.63058,53.11939],[6.62794,53.11718],[6.62807,53.11588],[6.62983,53.11468],[6.63386,53.1142],[6.63578,53.1134],[6.6371,53.10865],[6.63484,53.1062],[6.6435,53.10866],[6.65191,53.11116],[6.65365,53.11163],[6.67493,53.11753],[6.67877,53.11811],[6.69462,53.12106],[6.69537,53.12118],[6.71872,53.12025],[6.71983,53.12022],[6.72138,53.12013],[6.72326,53.12005],[6.73745,53.11946],[6.7424,53.11637],[6.74325,53.11657],[6.74353,53.11594],[6.74473,53.11525],[6.77651,53.09476],[6.76529,53.0915],[6.76328,53.09092],[6.76195,53.09055],[6.75786,53.0894],[6.746,53.08583],[6.74511,53.08469],[6.74788,53.08353],[6.74937,53.08364],[6.7502,53.08179],[6.74821,53.08123],[6.72717,53.07322],[6.72614,53.07367],[6.71549,53.06943],[6.71369,53.0687],[6.71143,53.07011],[6.7063,53.06808],[6.70525,53.06766],[6.69901,53.06517],[6.69264,53.07018],[6.68749,53.07223],[6.67852,53.07683],[6.67043,53.08011],[6.66919,53.08035],[6.66184,53.08199],[6.65777,53.08403],[6.64886,53.08219],[6.64977,53.07957],[6.65399,53.0801],[6.65469,53.07825],[6.65998,53.07442],[6.66216,53.07503],[6.66122,53.07319],[6.66358,53.07134],[6.66601,53.07216],[6.66641,53.07201],[6.66436,53.06915],[6.67021,53.06712],[6.66938,53.0656],[6.6716,53.06502],[6.66929,53.06322],[6.66453,53.06159],[6.6642,53.05993],[6.66694,53.05824],[6.66214,53.05618],[6.65379,53.05553],[6.6479,53.05097],[6.64683,53.05045],[6.64648,53.04913],[6.64338,53.047],[6.64153,53.04319],[6.64056,53.04163],[6.64477,53.03915],[6.64801,53.02827],[6.64859,53.02633],[6.63122,53.02611],[6.60355,53.03296],[6.60649,53.0382],[6.60809,53.04842],[6.60517,53.05645],[6.60372,53.05888],[6.60124,53.06176],[6.60046,53.06102],[6.58808,53.058],[6.58681,53.05954],[6.5758,53.05919],[6.5752,53.05507],[6.57506,53.05464],[6.5704,53.05489],[6.56994,53.05712],[6.56972,53.05986],[6.55521,53.05861],[6.55608,53.05573],[6.55273,53.05515],[6.55396,53.05273],[6.55149,53.05037],[6.55002,53.04647],[6.55252,53.0435],[6.55232,53.04258],[6.55149,53.04025],[6.55077,53.03816],[6.54928,53.03835],[6.54731,53.03507],[6.54127,53.03566],[6.54174,53.03718],[6.53368,53.03816],[6.53389,53.03893],[6.53019,53.04011],[6.53085,53.04119],[6.52911,53.04339],[6.52428,53.04595],[6.51092,53.04445],[6.50513,53.04636],[6.51165,53.05625],[6.51447,53.06507],[6.51336,53.07228],[6.51209,53.07384],[6.50401,53.08338],[6.50335,53.08342],[6.50255,53.08487],[6.49083,53.0968],[6.48487,53.1061],[6.4843,53.11165],[6.48133,53.11846],[6.4803,53.12079],[6.49843,53.12336],[6.50089,53.12058],[6.50498,53.12234],[6.5125,53.12561],[6.51093,53.13069],[6.51508,53.13119],[6.51775,53.13143],[6.53377,53.1327],[6.53912,53.13256],[6.54008,53.13877],[6.53682,53.14221],[6.53832,53.14552],[6.53719,53.14866],[6.53417,53.15144],[6.53779,53.15831],[6.53413,53.16093],[6.53646,53.16273],[6.53672,53.16443],[6.53408,53.17047],[6.5266,53.17744],[6.52374,53.18272],[6.52138,53.18576],[6.51839,53.18735],[6.51711,53.18885],[6.51398,53.19403],[6.51201,53.19622],[6.51339,53.19694],[6.51572,53.19831],[6.53049,53.19556],[6.52953,53.1952],[6.5304,53.19286],[6.53422,53.18406],[6.53462,53.18379],[6.53745,53.18265],[6.53954,53.18131],[6.5409,53.17988]]]]}},{"type":"Feature","properties":{"code":"GM1731","name":"Midden-Drenthe"},"geometry":{"type":"MultiPolygon","coordinates":[[[[6.49169,52.99559],[6.49259,52.99306],[6.49806,52.99378],[6.4937,52.99234],[6.49457,52.99196],[6.499,52.99022],[6.49423,52.98586],[6.49391,52.98427],[6.4966,52.98324],[6.49049,52.9776],[6.4855,52.97299],[6.48688,52.97244],[6.49574,52.96899],[6.48756,52.96121],[6.49383,52.95875],[6.48919,52.95446],[6.48395,52.95017],[6.48649,52.94918],[6.48954,52.94806],[6.49059,52.94901],[6.49313,52.948],[6.49697,52.95157],[6.50883,52.94699],[6.51958,52.94296],[6.51762,52.93976],[6.53077,52.93463],[6.5346,52.93252],[6.53591,52.93259],[6.53928,52.94589],[6.543,52.95534],[6.55533,52.94955],[6.5615,52.94665],[6.56507,52.94498],[6.58581,52.91947],[6.61488,52.91831],[6.62557,52.91281],[6.64171,52.912],[6.66673,52.90945],[6.67499,52.90502],[6.6865,52.8753],[6.71456,52.86816],[6.72186,52.86632],[6.71986,52.86149],[6.72598,52.85729],[6.72838,52.85382],[6.71967,52.84883],[6.70405,52.84698],[6.70635,52.84243],[6.7076,52.83639],[6.69603,52.82662],[6.69399,52.8278],[6.69106,52.82602],[6.69021,52.82267],[6.69349,52.81546],[6.6924,52.81075],[6.6916,52.80978],[6.69016,52.81012],[6.68118,52.80773],[6.67904,52.80278],[6.67577,52.80027],[6.67803,52.79911],[6.67511,52.79714],[6.66775,52.7997],[6.66088,52.80123],[6.64325,52.78625],[6.63896,52.78256],[6.61626,52.76301],[6.60816,52.75533],[6.58747,52.73569],[6.57587,52.73981],[6.57404,52.74052],[6.57322,52.73986],[6.57078,52.74079],[6.55966,52.74507],[6.55758,52.74535],[6.56243,52.75669],[6.56628,52.76558],[6.53752,52.76523],[6.53537,52.7681],[6.51279,52.7621],[6.5079,52.76885],[6.50554,52.76807],[6.50336,52.76935],[6.49085,52.77088],[6.49616,52.78623],[6.4918,52.79312],[6.47849,52.79585],[6.45545,52.80056],[6.45871,52.80875],[6.45991,52.81386],[6.45928,52.8152],[6.46045,52.81616],[6.46134,52.81535],[6.46227,52.81649],[6.46402,52.81814],[6.46766,52.82182],[6.47631,52.83281],[6.48003,52.83695],[6.47612,52.83816],[6.46267,52.83868],[6.46115,52.84511],[6.46209,52.84656],[6.46189,52.84848],[6.46315,52.84889],[6.46072,52.85307],[6.45127,52.85002],[6.4412,52.84992],[6.43552,52.85115],[6.43086,52.85044],[6.42924,52.85647],[6.43434,52.85699],[6.43102,52.86766],[6.43214,52.86777],[6.43145,52.86995],[6.43078,52.87186],[6.42972,52.87181],[6.4293,52.87312],[6.4277,52.87253],[6.42021,52.87792],[6.42226,52.88031],[6.41964,52.88148],[6.4201,52.88202],[6.41999,52.88232],[6.38388,52.88912],[6.38144,52.88956],[6.37863,52.88698],[6.37688,52.88621],[6.37205,52.88126],[6.37264,52.87591],[6.36868,52.87705],[6.36655,52.88166],[6.37327,52.89027],[6.35956,52.89453],[6.36722,52.9034],[6.36851,52.90318],[6.36902,52.90368],[6.3705,52.90323],[6.37657,52.90716],[6.37772,52.9068],[6.3794,52.90822],[6.37792,52.90866],[6.38129,52.91241],[6.38344,52.91165],[6.38559,52.91368],[6.38417,52.91425],[6.38555,52.91555],[6.36903,52.92198],[6.39344,52.93284],[6.40267,52.94338],[6.42762,52.97182],[6.42262,52.97659],[6.41328,52.98552],[6.41366,52.98563],[6.46606,52.99952],[6.48821,53.00541],[6.49169,52.99559]]]]}},{"type":"Feature","properties":{"code":"GM1734","name":"Overbetuwe"},"geometry":{"type":"MultiPolygon","coordinates":[[[[5.82934,51.96085],[5.8302,51.95862],[5.83134,51.95862],[5.83133,51.95604],[5.83008,51.95385],[5.82991,51.95343],[5.83051,51.95327],[5.82863,51.94848],[5.82993,51.94524],[5.83717,51.94518],[5.8374,51.94416],[5.8394,51.94436],[5.84968,51.94294],[5.85039,51.94451],[5.85282,51.94408],[5.86151,51.94258],[5.86224,51.94289],[5.87189,51.94152],[5.87581,51.94038],[5.87837,51.93877],[5.88365,51.93765],[5.88479,51.93745],[5.88777,51.93614],[5.89267,51.93573],[5.89498,51.93512],[5.89792,51.93436],[5.88952,51.92526],[5.897,51.92081],[5.89306,51.91619],[5.89438,51.91473],[5.89203,51.91059],[5.8912,51.90726],[5.88264,51.90821],[5.87366,51.90845],[5.87298,51.90523],[5.87215,51.90201],[5.87542,51.90208],[5.87587,51.89999],[5.87468,51.89921],[5.87474,51.89757],[5.85695,51.89695],[5.85712,51.89462],[5.83685,51.89375],[5.83672,51.89375],[5.83024,51.89368],[5.83043,51.89165],[5.83439,51.89034],[5.83594,51.88815],[5.83587,51.88603],[5.83682,51.88366],[5.83779,51.88343],[5.83281,51.87843],[5.83515,51.87762],[5.83417,51.87562],[5.83258,51.87344],[5.83161,51.87223],[5.82697,51.87319],[5.81707,51.87026],[5.81031,51.87277],[5.79835,51.87569],[5.77336,51.87864],[5.76103,51.88112],[5.7513,51.8835],[5.74073,51.88501],[5.73642,51.88541],[5.72616,51.88715],[5.70666,51.89329],[5.70984,51.89561],[5.71118,51.89674],[5.70981,51.89778],[5.7064,51.89792],[5.70804,51.90115],[5.70532,51.90404],[5.70628,51.90633],[5.70613,51.90799],[5.70098,51.91325],[5.69711,51.91519],[5.69552,51.91691],[5.6922,51.91839],[5.69626,51.92078],[5.69485,51.92137],[5.68162,51.91843],[5.67687,51.92097],[5.67601,51.92627],[5.67832,51.92861],[5.68436,51.92978],[5.68993,51.9326],[5.69632,51.93125],[5.69303,51.93466],[5.68878,51.93514],[5.67105,51.93059],[5.66035,51.92961],[5.65997,51.93352],[5.66048,51.93388],[5.65962,51.93708],[5.66772,51.93891],[5.66578,51.94133],[5.66314,51.94071],[5.66114,51.94361],[5.65435,51.94141],[5.6533,51.94288],[5.64721,51.94044],[5.64632,51.94109],[5.65042,51.94745],[5.65172,51.94803],[5.65497,51.9467],[5.66599,51.9528],[5.6697,51.95382],[5.67655,51.95757],[5.68192,51.95916],[5.70663,51.96271],[5.7215,51.96387],[5.72261,51.96405],[5.73077,51.96797],[5.74161,51.97011],[5.7463,51.97002],[5.7619,51.96353],[5.77215,51.96016],[5.77761,51.95913],[5.78246,51.95917],[5.78677,51.96016],[5.81075,51.96925],[5.81839,51.9719],[5.82543,51.97323],[5.83534,51.97356],[5.8362,51.97092],[5.83537,51.9707],[5.83595,51.96616],[5.83442,51.96303],[5.82934,51.96085]]]]}},{"type":"Feature","properties":{"code":"GM1735","name":"Hof van Twente"},"geometry":{"type":"MultiPolygon","coordinates":[[[[6.7494,52.26938],[6.74882,52.26709],[6.74792,52.26685],[6.74898,52.26529],[6.75075,52.26116],[6.75296,52.25237],[6.74885,52.25173],[6.72937,52.25255],[6.72428,52.25271],[6.72359,52.25201],[6.71962,52.24862],[6.71793,52.24351],[6.72006,52.24374],[6.72151,52.23915],[6.72083,52.23802],[6.71877,52.23786],[6.7188,52.23918],[6.71709,52.24098],[6.71631,52.23862],[6.71214,52.22603],[6.70324,52.21944],[6.70204,52.21682],[6.71239,52.20633],[6.70428,52.19924],[6.69749,52.19625],[6.68378,52.19729],[6.67565,52.19791],[6.67205,52.19819],[6.65308,52.1937],[6.62448,52.18888],[6.63081,52.1863],[6.63445,52.18596],[6.64012,52.18128],[6.64139,52.18091],[6.64276,52.18145],[6.64729,52.1769],[6.64504,52.17419],[6.64028,52.16741],[6.63484,52.17218],[6.63104,52.17314],[6.6291,52.17203],[6.62584,52.1725],[6.62529,52.17217],[6.62656,52.17146],[6.62495,52.16865],[6.62199,52.16837],[6.61736,52.16529],[6.61215,52.16317],[6.60927,52.16514],[6.60735,52.16463],[6.60285,52.16912],[6.60319,52.17072],[6.60621,52.17237],[6.60633,52.17308],[6.59612,52.17984],[6.59108,52.18226],[6.58995,52.18249],[6.58798,52.18201],[6.58495,52.18153],[6.55535,52.17726],[6.51764,52.18127],[6.51324,52.18123],[6.49584,52.17715],[6.4924,52.17737],[6.49065,52.17986],[6.47903,52.1826],[6.47836,52.18383],[6.4727,52.18904],[6.47,52.19269],[6.46946,52.19828],[6.47027,52.19938],[6.46712,52.2004],[6.45729,52.20096],[6.45613,52.20171],[6.45349,52.20417],[6.45275,52.20648],[6.44631,52.2128],[6.43997,52.21707],[6.43157,52.22124],[6.42934,52.22314],[6.42198,52.23293],[6.41681,52.23713],[6.4164,52.23952],[6.41642,52.24217],[6.42103,52.24513],[6.42382,52.24708],[6.42623,52.24886],[6.42849,52.2482],[6.43182,52.2509],[6.4296,52.25151],[6.42968,52.2517],[6.43694,52.25406],[6.43904,52.25473],[6.44149,52.2566],[6.44781,52.25784],[6.45709,52.2616],[6.46654,52.2655],[6.471,52.26769],[6.47206,52.26971],[6.47708,52.27188],[6.48666,52.27494],[6.49051,52.276],[6.51576,52.28222],[6.51726,52.28304],[6.52254,52.28343],[6.53503,52.28298],[6.5358,52.2827],[6.54156,52.28268],[6.54155,52.28227],[6.55401,52.28331],[6.56225,52.27436],[6.56812,52.27019],[6.5741,52.26932],[6.58696,52.27037],[6.59515,52.2712],[6.6054,52.27072],[6.61213,52.27692],[6.62607,52.28997],[6.64747,52.29371],[6.65752,52.29485],[6.6661,52.29825],[6.68364,52.3062],[6.69094,52.30839],[6.69746,52.30861],[6.70109,52.30807],[6.71199,52.30367],[6.7237,52.29607],[6.72784,52.29206],[6.73289,52.28981],[6.74289,52.28311],[6.7429,52.28309],[6.74423,52.28171],[6.74577,52.28013],[6.74814,52.27605],[6.74937,52.27102],[6.74856,52.27017],[6.7494,52.26938]]]]}},{"type":"Feature","properties":{"code":"GM1740","name":"Neder-Betuwe"},"geometry":{"type":"MultiPolygon","coordinates":[[[[5.65376,51.95391],[5.66219,51.95264],[5.66599,51.9528],[5.65497,51.9467],[5.65172,51.94803],[5.65042,51.94745],[5.64632,51.94109],[5.64721,51.94044],[5.6533,51.94288],[5.65435,51.94141],[5.66114,51.94361],[5.66314,51.94071],[5.66578,51.94133],[5.66772,51.93891],[5.65962,51.93708],[5.66048,51.93388],[5.65997,51.93352],[5.66035,51.92961],[5.67105,51.93059],[5.68878,51.93514],[5.69303,51.93466],[5.69632,51.93125],[5.68993,51.9326],[5.68436,51.92978],[5.67832,51.92861],[5.67601,51.92627],[5.67687,51.92097],[5.68162,51.91843],[5.69485,51.92137],[5.69626,51.92078],[5.6922,51.91839],[5.69552,51.91691],[5.69711,51.91519],[5.70098,51.91325],[5.70613,51.90799],[5.70628,51.90633],[5.70532,51.90404],[5.70804,51.90115],[5.7064,51.89792],[5.70981,51.89778],[5.71118,51.89674],[5.70984,51.89561],[5.70666,51.89329],[5.69715,51.89504],[5.68501,51.89565],[5.66847,51.89559],[5.65468,51.8968],[5.64695,51.89791],[5.62584,51.8994],[5.6243,51.8994],[5.59909,51.89912],[5.57164,51.90175],[5.55601,51.90104],[5.54445,51.89901],[5.53136,51.89475],[5.52317,51.89239],[5.50903,51.88984],[5.49738,51.88904],[5.47616,51.88962],[5.46392,51.88901],[5.46357,51.89134],[5.46097,51.89365],[5.45885,51.8975],[5.45554,51.90282],[5.45644,51.90303],[5.45604,51.9037],[5.45561,51.90445],[5.45657,51.90481],[5.45877,51.90489],[5.47245,51.90807],[5.47215,51.91172],[5.47058,51.91144],[5.46801,51.91478],[5.46723,51.91477],[5.46978,51.91812],[5.46872,51.91852],[5.46973,51.91988],[5.46361,51.92132],[5.46263,51.9209],[5.46164,51.92162],[5.45392,51.92052],[5.45338,51.92276],[5.45843,51.92289],[5.46035,51.92412],[5.46739,51.92354],[5.4724,51.92197],[5.47426,51.9219],[5.47653,51.92087],[5.48038,51.92278],[5.48125,51.92255],[5.4832,51.92327],[5.48774,51.92303],[5.48721,51.92381],[5.4909,51.92474],[5.49175,51.92406],[5.48863,51.92315],[5.48901,51.92102],[5.48687,51.92104],[5.48642,51.91893],[5.48983,51.91825],[5.49356,51.91851],[5.49881,51.92323],[5.50101,51.92267],[5.5054,51.92392],[5.50714,51.92279],[5.51059,51.92227],[5.5123,51.92137],[5.51565,51.92154],[5.54771,51.92165],[5.55175,51.9178],[5.55179,51.91781],[5.55682,51.91923],[5.55458,51.92303],[5.55388,51.92296],[5.55388,51.92581],[5.55418,51.93281],[5.55412,51.93402],[5.54844,51.93425],[5.53982,51.93713],[5.53364,51.94302],[5.53388,51.94348],[5.5402,51.94365],[5.54944,51.9423],[5.5607,51.94406],[5.56753,51.94149],[5.57325,51.942],[5.5763,51.94292],[5.57912,51.94544],[5.5841,51.94733],[5.58662,51.95083],[5.59274,51.94918],[5.60391,51.94388],[5.60594,51.94312],[5.61789,51.94135],[5.62277,51.93977],[5.62786,51.93719],[5.63029,51.93641],[5.63623,51.93669],[5.63963,51.93826],[5.64064,51.93958],[5.64509,51.94488],[5.6453,51.94668],[5.64962,51.95002],[5.64622,51.95058],[5.64426,51.95235],[5.64892,51.954],[5.65376,51.95391]]]]}},{"type":"Feature","properties":{"code":"GM1742","name":"Rijssen-Holten"},"geometry":{"type":"MultiPolygon","coordinates":[[[[6.49513,52.32389],[6.49933,52.32352],[6.49976,52.32356],[6.51791,52.32517],[6.51806,52.32441],[6.52314,52.32383],[6.52412,52.32401],[6.52467,52.32563],[6.53129,52.31874],[6.53251,52.31722],[6.5331,52.31667],[6.53619,52.31565],[6.53819,52.31552],[6.53965,52.3158],[6.54509,52.31838],[6.54904,52.31252],[6.54903,52.31242],[6.54992,52.31128],[6.55069,52.30958],[6.55229,52.30339],[6.55354,52.29723],[6.55338,52.29492],[6.55229,52.29495],[6.54996,52.2878],[6.55026,52.28737],[6.55344,52.28393],[6.55401,52.28331],[6.54155,52.28227],[6.54156,52.28268],[6.5358,52.2827],[6.53503,52.28298],[6.52254,52.28343],[6.51726,52.28304],[6.51576,52.28222],[6.49051,52.276],[6.48666,52.27494],[6.47708,52.27188],[6.47206,52.26971],[6.471,52.26769],[6.46654,52.2655],[6.45709,52.2616],[6.44781,52.25784],[6.44149,52.2566],[6.43904,52.25473],[6.43694,52.25406],[6.42968,52.2517],[6.4296,52.25151],[6.43182,52.2509],[6.42849,52.2482],[6.42623,52.24886],[6.42382,52.24708],[6.42103,52.24513],[6.41642,52.24217],[6.40262,52.24327],[6.38986,52.24256],[6.38596,52.24311],[6.38341,52.24402],[6.38185,52.24611],[6.38113,52.2466],[6.38122,52.2474],[6.37721,52.25002],[6.37654,52.25135],[6.37634,52.25219],[6.37729,52.2544],[6.37488,52.25514],[6.37481,52.2563],[6.37722,52.25665],[6.37716,52.25868],[6.37294,52.26091],[6.37078,52.26001],[6.36483,52.26343],[6.36454,52.26316],[6.36306,52.26401],[6.36349,52.26421],[6.35672,52.26813],[6.35538,52.26727],[6.35284,52.26835],[6.35488,52.2692],[6.35349,52.27002],[6.35213,52.27083],[6.35083,52.26925],[6.34886,52.26989],[6.35054,52.27145],[6.32884,52.2811],[6.32782,52.29014],[6.32782,52.29018],[6.32653,52.30163],[6.34119,52.30908],[6.35547,52.31793],[6.35602,52.31822],[6.37111,52.31995],[6.39765,52.32273],[6.41584,52.325],[6.4219,52.32569],[6.42973,52.32506],[6.44754,52.32213],[6.46092,52.32006],[6.46819,52.32646],[6.49513,52.32389]]]]}},{"type":"Feature","properties":{"code":"GM1771","name":"Geldrop-Mierlo"},"geometry":{"type":"MultiPolygon","coordinates":[[[[5.58471,51.46051],[5.59051,51.45776],[5.59282,51.45834],[5.59622,51.45617],[5.59703,51.4565],[5.601,51.45217],[5.60341,51.45399],[5.60472,51.4528],[5.60876,51.45157],[5.60815,51.44972],[5.60979,51.45006],[5.61148,51.44975],[5.61451,51.45004],[5.61452,51.44901],[5.61729,51.44929],[5.62139,51.45018],[5.6316,51.453],[5.64434,51.45626],[5.65647,51.45656],[5.65328,51.44659],[5.64824,51.44152],[5.64612,51.44142],[5.64408,51.44085],[5.63904,51.42254],[5.63901,51.42246],[5.59868,51.41833],[5.58536,51.41429],[5.56919,51.40878],[5.56597,51.40735],[5.56642,51.40554],[5.56425,51.40488],[5.56137,51.4049],[5.56078,51.40616],[5.55786,51.40551],[5.5577,51.40546],[5.53638,51.40319],[5.53558,51.40461],[5.52581,51.4047],[5.5258,51.40515],[5.52518,51.4279],[5.53035,51.4272],[5.53096,51.42742],[5.53203,51.43199],[5.53475,51.43168],[5.53476,51.43169],[5.54025,51.43133],[5.54678,51.43367],[5.54885,51.4345],[5.54868,51.43468],[5.54878,51.43471],[5.56616,51.44148],[5.57117,51.44773],[5.579,51.45508],[5.58471,51.46051]]]]}},{"type":"Feature","properties":{"code":"GM1773","name":"Olst-Wijhe"},"geometry":{"type":"MultiPolygon","coordinates":[[[[6.16128,52.44949],[6.17472,52.43359],[6.17745,52.43127],[6.19106,52.43269],[6.19259,52.43096],[6.19349,52.42832],[6.19655,52.42712],[6.20648,52.42821],[6.20834,52.42782],[6.20765,52.42554],[6.2099,52.42532],[6.23096,52.4235],[6.22208,52.40842],[6.23095,52.3982],[6.23199,52.39479],[6.23212,52.39331],[6.23087,52.39191],[6.22993,52.38997],[6.22682,52.38837],[6.22023,52.38636],[6.2185,52.3853],[6.2164,52.38639],[6.20399,52.3869],[6.20236,52.38518],[6.20652,52.38471],[6.20757,52.38386],[6.2073,52.38264],[6.20161,52.38351],[6.20083,52.38034],[6.20358,52.37827],[6.20198,52.37587],[6.20196,52.37558],[6.20034,52.375],[6.20148,52.37412],[6.20134,52.3714],[6.20016,52.37112],[6.19669,52.37221],[6.19547,52.37418],[6.18946,52.37575],[6.1885,52.37093],[6.18896,52.36427],[6.19145,52.3612],[6.19466,52.35865],[6.19621,52.35861],[6.19686,52.35211],[6.22296,52.34724],[6.22424,52.3465],[6.23567,52.3399],[6.23188,52.33561],[6.23248,52.32961],[6.23556,52.32846],[6.23536,52.31982],[6.20562,52.32086],[6.20369,52.32028],[6.20247,52.31811],[6.19951,52.31598],[6.19007,52.31476],[6.18344,52.31503],[6.18155,52.31486],[6.18218,52.30891],[6.17186,52.30879],[6.16312,52.30741],[6.1404,52.30376],[6.1303,52.30167],[6.12998,52.3016],[6.11859,52.29889],[6.10837,52.29766],[6.10812,52.29901],[6.10146,52.30121],[6.10132,52.30122],[6.09874,52.30116],[6.09919,52.30013],[6.0909,52.29999],[6.08813,52.30038],[6.08623,52.3019],[6.08413,52.30157],[6.08396,52.30216],[6.0842,52.30221],[6.08389,52.30333],[6.08347,52.30329],[6.08293,52.30712],[6.0844,52.31145],[6.08099,52.3119],[6.07969,52.31764],[6.07378,52.31774],[6.07184,52.31719],[6.06653,52.31781],[6.06609,52.32025],[6.06739,52.32141],[6.07071,52.32188],[6.07168,52.32465],[6.07368,52.33057],[6.07436,52.33256],[6.07563,52.3333],[6.07405,52.33452],[6.07558,52.33474],[6.07676,52.33865],[6.07533,52.34456],[6.07613,52.34567],[6.07607,52.35057],[6.0781,52.35176],[6.07801,52.35243],[6.08724,52.35389],[6.09478,52.35693],[6.09352,52.35867],[6.09071,52.36044],[6.08849,52.36115],[6.08088,52.36204],[6.07785,52.3643],[6.0782,52.36905],[6.0797,52.37067],[6.08246,52.37207],[6.09513,52.37384],[6.11337,52.37721],[6.12085,52.37954],[6.12365,52.38132],[6.12583,52.38406],[6.1262,52.38607],[6.12521,52.39263],[6.12997,52.3986],[6.13055,52.39998],[6.12758,52.39962],[6.12537,52.40018],[6.12368,52.40192],[6.11907,52.40264],[6.11625,52.40488],[6.11486,52.40699],[6.11081,52.40781],[6.11474,52.41426],[6.11357,52.41691],[6.11387,52.41985],[6.11825,52.42664],[6.11817,52.42844],[6.11639,52.4302],[6.11949,52.43293],[6.11411,52.43801],[6.10958,52.44053],[6.12041,52.44231],[6.13027,52.44161],[6.13591,52.44157],[6.13708,52.44076],[6.13966,52.44162],[6.14044,52.44341],[6.14768,52.44444],[6.15313,52.45023],[6.15492,52.45318],[6.15768,52.45354],[6.16128,52.44949]]]]}},{"type":"Feature","properties":{"code":"GM1774","name":"Dinkelland"},"geometry":{"type":"MultiPolygon","coordinates":[[[[7.00506,52.44536],[7.00838,52.43614],[7.01081,52.42913],[7.02199,52.42298],[7.02811,52.41361],[7.03495,52.40355],[7.0362,52.40261],[7.04137,52.40257],[7.04262,52.40211],[7.05139,52.40023],[7.05535,52.40102],[7.05873,52.39941],[7.05877,52.39626],[7.06393,52.39046],[7.07221,52.3728],[7.03961,52.3684],[7.03183,52.36769],[7.01099,52.36411],[7.00783,52.36383],[6.98476,52.37258],[6.97093,52.37985],[6.96267,52.36339],[6.97026,52.34877],[6.96598,52.34839],[6.96111,52.34681],[6.95284,52.34035],[6.95114,52.33796],[6.95359,52.33397],[6.9452,52.33272],[6.93753,52.33284],[6.93191,52.33276],[6.93044,52.33001],[6.93097,52.32946],[6.9246,52.32999],[6.91819,52.3308],[6.9128,52.33057],[6.91136,52.33076],[6.90623,52.33261],[6.90065,52.33346],[6.89815,52.32815],[6.89716,52.32821],[6.89723,52.32805],[6.89593,52.32609],[6.89474,52.32495],[6.88778,52.32206],[6.88634,52.32228],[6.88561,52.32125],[6.88433,52.31845],[6.87987,52.31901],[6.87699,52.31226],[6.87177,52.31261],[6.87093,52.3119],[6.86934,52.31212],[6.86837,52.31061],[6.86705,52.31031],[6.86711,52.3083],[6.86504,52.3068],[6.86357,52.30735],[6.86135,52.30637],[6.85978,52.29867],[6.8653,52.29722],[6.87272,52.29736],[6.87968,52.29484],[6.8799,52.29372],[6.88389,52.29395],[6.88793,52.29276],[6.88948,52.29247],[6.8945,52.29354],[6.91213,52.28551],[6.89537,52.28383],[6.89022,52.2822],[6.88957,52.28098],[6.88781,52.28345],[6.88321,52.28317],[6.88326,52.28221],[6.88002,52.2814],[6.88124,52.27936],[6.8765,52.27472],[6.86833,52.27296],[6.84049,52.27631],[6.84757,52.27858],[6.84666,52.27946],[6.84576,52.27976],[6.85202,52.28206],[6.85065,52.28297],[6.85118,52.28321],[6.85031,52.28413],[6.85239,52.2852],[6.8516,52.28592],[6.85068,52.2869],[6.84781,52.28991],[6.84638,52.2914],[6.8427,52.29175],[6.8432,52.29245],[6.83959,52.2933],[6.83947,52.29312],[6.8384,52.29337],[6.83664,52.29324],[6.83493,52.29414],[6.83119,52.29398],[6.8279,52.29486],[6.82789,52.29552],[6.82307,52.2971],[6.82052,52.29843],[6.81939,52.30054],[6.81914,52.30084],[6.81924,52.30145],[6.81979,52.30149],[6.81999,52.30242],[6.82117,52.30248],[6.8239,52.30442],[6.82569,52.3064],[6.82334,52.30876],[6.81225,52.31089],[6.80934,52.31036],[6.80782,52.31309],[6.80204,52.31359],[6.80213,52.31454],[6.79861,52.31513],[6.78515,52.31737],[6.78587,52.31819],[6.77806,52.31813],[6.77384,52.31891],[6.76305,52.32803],[6.76214,52.33076],[6.75904,52.33206],[6.75959,52.33908],[6.76058,52.34194],[6.76263,52.34344],[6.77398,52.34656],[6.77832,52.35021],[6.7834,52.36012],[6.7976,52.3613],[6.80683,52.36222],[6.81772,52.36509],[6.83579,52.36262],[6.85179,52.36217],[6.85567,52.36029],[6.86359,52.36373],[6.86357,52.38864],[6.86234,52.40782],[6.86075,52.40854],[6.85659,52.41045],[6.8515,52.41458],[6.85341,52.42706],[6.89119,52.43203],[6.89691,52.43279],[6.92853,52.43415],[6.93878,52.43272],[6.94724,52.43284],[6.94922,52.43287],[6.9473,52.43662],[6.95351,52.43993],[6.96106,52.44399],[6.96179,52.44363],[6.96219,52.44398],[6.96204,52.44471],[6.96444,52.44728],[6.97096,52.45569],[6.97241,52.45737],[6.97443,52.4597],[6.97753,52.46568],[6.98762,52.46977],[6.9918,52.46738],[6.99391,52.46549],[6.99457,52.46213],[7.00003,52.45471],[7.00506,52.44536]]]]}},{"type":"Feature","properties":{"code":"GM1783","name":"Westland"},"geometry":{"type":"MultiPolygon","coordinates":[[[[4.18748,52.05212],[4.18957,52.0515],[4.19174,52.05219],[4.19634,52.05566],[4.20412,52.04473],[4.20416,52.04467],[4.20904,52.03827],[4.21243,52.03403],[4.20958,52.03365],[4.21226,52.03075],[4.21373,52.03169],[4.21923,52.03374],[4.22833,52.03464],[4.23505,52.03926],[4.24142,52.03195],[4.24429,52.02885],[4.24481,52.02873],[4.24822,52.02523],[4.25489,52.02829],[4.25638,52.02835],[4.25913,52.02957],[4.26665,52.03301],[4.27266,52.03592],[4.27297,52.03552],[4.2759,52.03156],[4.2779,52.03247],[4.28174,52.02737],[4.2828,52.02763],[4.28347,52.0267],[4.28525,52.02742],[4.28588,52.02648],[4.28505,52.02627],[4.28565,52.02591],[4.28515,52.02562],[4.28825,52.02376],[4.28677,52.02297],[4.287,52.02287],[4.29434,52.01936],[4.28974,52.01765],[4.29551,52.01485],[4.29861,52.01688],[4.30108,52.01787],[4.30266,52.01649],[4.30764,52.01815],[4.30982,52.01563],[4.30759,52.01469],[4.28146,52.00292],[4.27312,51.99925],[4.26525,51.99584],[4.26725,51.99358],[4.26982,51.99289],[4.27112,51.99225],[4.27189,51.99289],[4.28032,51.99035],[4.28033,51.98974],[4.28036,51.98854],[4.28409,51.98564],[4.28754,51.98902],[4.28868,51.98883],[4.29019,51.9874],[4.29049,51.98663],[4.29191,51.98297],[4.29331,51.98321],[4.29563,51.9836],[4.29599,51.98266],[4.29632,51.98176],[4.29878,51.98216],[4.29927,51.98111],[4.3007,51.98116],[4.30182,51.9812],[4.3029,51.98009],[4.30269,51.9797],[4.29825,51.97746],[4.29598,51.97753],[4.28755,51.97336],[4.2893,51.97191],[4.28509,51.96989],[4.28413,51.97063],[4.28232,51.96979],[4.28031,51.97145],[4.27816,51.97043],[4.27469,51.9734],[4.27322,51.97364],[4.27195,51.97161],[4.27246,51.97026],[4.27146,51.96986],[4.27654,51.96505],[4.26345,51.96009],[4.25827,51.95897],[4.25363,51.95887],[4.23396,51.95333],[4.23353,51.95267],[4.2341,51.94974],[4.2394,51.94464],[4.23972,51.94447],[4.24126,51.94367],[4.24032,51.94287],[4.23694,51.94393],[4.23192,51.94295],[4.23177,51.94292],[4.22829,51.94799],[4.22145,51.94267],[4.21953,51.9414],[4.21782,51.94164],[4.1924,51.95481],[4.18672,51.96268],[4.18937,51.96476],[4.1912,51.96544],[4.19061,51.96598],[4.18792,51.96539],[4.18658,51.96587],[4.18747,51.96682],[4.1759,51.97169],[4.16961,51.97397],[4.15506,51.97784],[4.1553,51.9796],[4.14728,51.98139],[4.14995,51.98481],[4.14894,51.98509],[4.15096,51.98762],[4.13861,51.99165],[4.13557,51.9927],[4.13236,51.99546],[4.13099,51.99718],[4.13252,51.99854],[4.1253,52.00164],[4.1374,52.00989],[4.15274,52.02222],[4.16059,52.02883],[4.16819,52.03399],[4.17548,52.04155],[4.18765,52.05645],[4.18918,52.05547],[4.18748,52.05212]]]]}},{"type":"Feature","properties":{"code":"GM1842","name":"Midden-Delfland"},"geometry":{"type":"MultiPolygon","coordinates":[[[[4.31939,52.01999],[4.32577,52.01277],[4.32596,52.01279],[4.32606,52.0125],[4.32562,52.01232],[4.32532,52.0122],[4.326,52.01162],[4.32533,52.01132],[4.3254,52.0111],[4.32547,52.01087],[4.32527,52.01078],[4.32437,52.01058],[4.32437,52.01053],[4.32437,52.01044],[4.32064,52.00932],[4.32149,52.00846],[4.32022,52.00807],[4.32324,52.00434],[4.32635,52.00529],[4.32624,52.00543],[4.32576,52.00602],[4.3265,52.00624],[4.32655,52.00615],[4.32774,52.0064],[4.32807,52.0061],[4.32826,52.00592],[4.33131,52.00728],[4.33266,52.00788],[4.33637,52.00475],[4.33845,52.00569],[4.33904,52.00505],[4.3411,52.00278],[4.34114,52.00271],[4.33583,52.00106],[4.33772,51.9988],[4.33475,51.99835],[4.33335,51.99792],[4.33324,51.99812],[4.33152,51.99785],[4.33281,51.99555],[4.33311,51.99317],[4.32573,51.99195],[4.32411,51.98986],[4.32849,51.9857],[4.33204,51.98407],[4.33272,51.98046],[4.33823,51.97418],[4.34313,51.97567],[4.34507,51.97542],[4.35663,51.9773],[4.35738,51.97549],[4.35857,51.97566],[4.35883,51.97502],[4.35766,51.97482],[4.3582,51.9735],[4.35931,51.97369],[4.35948,51.97328],[4.35837,51.97311],[4.35854,51.97271],[4.3597,51.97287],[4.35988,51.97246],[4.35872,51.97226],[4.35954,51.97014],[4.36817,51.97158],[4.36918,51.96887],[4.37575,51.97015],[4.3863,51.97221],[4.38362,51.97582],[4.39381,51.9775],[4.39422,51.97633],[4.39617,51.97608],[4.39675,51.97418],[4.39772,51.97433],[4.40293,51.96632],[4.39399,51.96263],[4.39356,51.96247],[4.39175,51.96492],[4.38995,51.9646],[4.38978,51.96513],[4.37931,51.96341],[4.36354,51.96087],[4.36707,51.95522],[4.35067,51.95151],[4.33656,51.9474],[4.33553,51.94699],[4.33646,51.94643],[4.32387,51.94164],[4.32291,51.9427],[4.31484,51.93681],[4.31375,51.93493],[4.29507,51.92288],[4.29295,51.92147],[4.29261,51.92124],[4.2727,51.92354],[4.27068,51.92353],[4.26613,51.9253],[4.26427,51.92547],[4.26142,51.92678],[4.26052,51.92731],[4.2594,51.928],[4.25309,51.93273],[4.24178,51.9418],[4.24032,51.94287],[4.24126,51.94367],[4.23972,51.94447],[4.2394,51.94464],[4.2341,51.94974],[4.23353,51.95267],[4.23396,51.95333],[4.25363,51.95887],[4.25827,51.95897],[4.26345,51.96009],[4.27654,51.96505],[4.27146,51.96986],[4.27246,51.97026],[4.27195,51.97161],[4.27322,51.97364],[4.27469,51.9734],[4.27816,51.97043],[4.28031,51.97145],[4.28232,51.96979],[4.28413,51.97063],[4.28509,51.96989],[4.2893,51.97191],[4.28755,51.97336],[4.29598,51.97753],[4.29825,51.97746],[4.30269,51.9797],[4.3029,51.98009],[4.30182,51.9812],[4.3007,51.98116],[4.29927,51.98111],[4.29878,51.98216],[4.29632,51.98176],[4.29599,51.98266],[4.29563,51.9836],[4.29331,51.98321],[4.29191,51.98297],[4.29049,51.98663],[4.29019,51.9874],[4.28868,51.98883],[4.28754,51.98902],[4.28409,51.98564],[4.28036,51.98854],[4.28033,51.98974],[4.28032,51.99035],[4.27189,51.99289],[4.27112,51.99225],[4.26982,51.99289],[4.26725,51.99358],[4.26525,51.99584],[4.27312,51.99925],[4.28146,52.00292],[4.30759,52.01469],[4.30982,52.01563],[4.31691,52.01879],[4.31758,52.01909],[4.31939,52.01999]]]]}},{"type":"Feature","properties":{"code":"GM1859","name":"Berkelland"},"geometry":{"type":"MultiPolygon","coordinates":[[[[6.59612,52.17984],[6.60633,52.17308],[6.60621,52.17237],[6.60319,52.17072],[6.60285,52.16912],[6.60735,52.16463],[6.60927,52.16514],[6.61215,52.16317],[6.61736,52.16529],[6.62199,52.16837],[6.62495,52.16865],[6.62656,52.17146],[6.62529,52.17217],[6.62584,52.1725],[6.6291,52.17203],[6.63104,52.17314],[6.63484,52.17218],[6.64028,52.16741],[6.64504,52.17419],[6.64921,52.17288],[6.67134,52.16568],[6.67197,52.16493],[6.6734,52.16324],[6.67278,52.16138],[6.67407,52.16124],[6.67315,52.16012],[6.67364,52.15986],[6.67391,52.15881],[6.67061,52.15642],[6.6731,52.15475],[6.67243,52.15303],[6.67382,52.1521],[6.67268,52.15051],[6.67131,52.15046],[6.67375,52.14829],[6.6744,52.14277],[6.67261,52.13931],[6.66841,52.13661],[6.663,52.13],[6.67256,52.12737],[6.67769,52.12596],[6.69781,52.12355],[6.71129,52.11971],[6.71627,52.11827],[6.73949,52.1181],[6.73951,52.11856],[6.76057,52.11878],[6.75971,52.11266],[6.75957,52.1093],[6.75854,52.1053],[6.75801,52.10383],[6.75763,52.09929],[6.75619,52.09767],[6.75547,52.09713],[6.75631,52.09693],[6.755,52.09486],[6.7533,52.09588],[6.75028,52.09578],[6.74478,52.09312],[6.74506,52.09117],[6.7455,52.09007],[6.75027,52.08751],[6.75109,52.08548],[6.74761,52.08192],[6.74403,52.08034],[6.73547,52.07463],[6.71387,52.0729],[6.69597,52.07014],[6.69466,52.0698],[6.69687,52.06734],[6.69587,52.06426],[6.69523,52.06417],[6.68957,52.05645],[6.68739,52.05639],[6.68681,52.05552],[6.68674,52.05254],[6.6882,52.05235],[6.68798,52.04437],[6.68404,52.04483],[6.6747,52.04856],[6.66676,52.05031],[6.66562,52.05011],[6.6618,52.0516],[6.66393,52.05445],[6.66381,52.05771],[6.65897,52.06304],[6.65114,52.0636],[6.64684,52.06541],[6.64321,52.0602],[6.63859,52.0605],[6.63647,52.05665],[6.63414,52.05755],[6.63145,52.06052],[6.63175,52.06083],[6.63218,52.06106],[6.63535,52.06081],[6.63694,52.06433],[6.6289,52.06424],[6.62374,52.06362],[6.62137,52.06557],[6.61309,52.06804],[6.60745,52.06567],[6.60629,52.06518],[6.60644,52.06022],[6.60439,52.05556],[6.60548,52.05186],[6.60262,52.05012],[6.60145,52.05028],[6.59878,52.04917],[6.59659,52.04725],[6.59596,52.04631],[6.59624,52.04282],[6.59423,52.04227],[6.5908,52.04147],[6.59043,52.04069],[6.5899,52.03924],[6.58689,52.03799],[6.57152,52.03099],[6.53912,52.02522],[6.52263,52.03816],[6.51729,52.04241],[6.51483,52.04049],[6.50871,52.04427],[6.4996,52.03582],[6.4943,52.03785],[6.49281,52.03589],[6.49162,52.03636],[6.49064,52.03561],[6.49017,52.03396],[6.48791,52.03231],[6.48667,52.03393],[6.48597,52.03339],[6.48339,52.03135],[6.48007,52.03295],[6.46495,52.0206],[6.46219,52.0217],[6.45762,52.02234],[6.43854,52.02501],[6.4372,52.02556],[6.43777,52.0266],[6.44003,52.02715],[6.43619,52.03068],[6.43542,52.03038],[6.43245,52.03507],[6.43495,52.03477],[6.43164,52.03935],[6.42719,52.04319],[6.42454,52.04245],[6.42373,52.04402],[6.42571,52.04479],[6.42324,52.04748],[6.42036,52.04646],[6.41875,52.04755],[6.41924,52.04782],[6.41888,52.04811],[6.41909,52.04825],[6.41822,52.0486],[6.41651,52.0503],[6.41545,52.05083],[6.41342,52.05497],[6.41333,52.05639],[6.4141,52.05775],[6.41363,52.05791],[6.41322,52.06262],[6.41086,52.06554],[6.406,52.07665],[6.40054,52.08381],[6.40192,52.08721],[6.40326,52.0882],[6.41156,52.0895],[6.41405,52.08872],[6.41798,52.09126],[6.424,52.09691],[6.43756,52.10374],[6.43974,52.10313],[6.44346,52.10477],[6.44489,52.1062],[6.45182,52.1073],[6.45247,52.10691],[6.45521,52.10798],[6.46013,52.10674],[6.46146,52.10403],[6.4667,52.10661],[6.4705,52.10585],[6.47019,52.10429],[6.47242,52.10406],[6.47254,52.1021],[6.47689,52.10042],[6.47854,52.10069],[6.48012,52.10466],[6.482,52.10592],[6.48247,52.10906],[6.48117,52.11029],[6.48459,52.1145],[6.48747,52.11633],[6.48903,52.1193],[6.49119,52.12003],[6.48972,52.12064],[6.49211,52.124],[6.49141,52.12614],[6.4883,52.1269],[6.48826,52.12998],[6.48652,52.13188],[6.48789,52.13244],[6.48852,52.13424],[6.48487,52.13727],[6.48165,52.14091],[6.48122,52.14248],[6.47096,52.14401],[6.47071,52.14641],[6.46943,52.14748],[6.46658,52.14734],[6.46652,52.14964],[6.46266,52.1506],[6.4614,52.15214],[6.48379,52.1572],[6.48785,52.16119],[6.49285,52.16943],[6.49437,52.1732],[6.49222,52.17612],[6.4924,52.17737],[6.49584,52.17715],[6.51324,52.18123],[6.51764,52.18127],[6.55535,52.17726],[6.58495,52.18153],[6.58798,52.18201],[6.58995,52.18249],[6.59108,52.18226],[6.59612,52.17984]]]]}},{"type":"Feature","properties":{"code":"GM1876","name":"Bronckhorst"},"geometry":{"type":"MultiPolygon","coordinates":[[[[6.36198,52.12667],[6.36914,52.12397],[6.37794,52.12715],[6.3792,52.12589],[6.38344,52.12726],[6.38268,52.12855],[6.39268,52.13149],[6.39584,52.13083],[6.39182,52.12373],[6.39839,52.11765],[6.39649,52.11715],[6.39153,52.11305],[6.41842,52.10044],[6.424,52.09691],[6.41798,52.09126],[6.41405,52.08872],[6.41156,52.0895],[6.40326,52.0882],[6.40192,52.08721],[6.40054,52.08381],[6.406,52.07665],[6.41086,52.06554],[6.41322,52.06262],[6.41363,52.05791],[6.4141,52.05775],[6.41333,52.05639],[6.41342,52.05497],[6.41545,52.05083],[6.41651,52.0503],[6.41822,52.0486],[6.41909,52.04825],[6.41888,52.04811],[6.41924,52.04782],[6.41875,52.04755],[6.42036,52.04646],[6.42324,52.04748],[6.42571,52.04479],[6.42373,52.04402],[6.42454,52.04245],[6.42719,52.04319],[6.43164,52.03935],[6.43495,52.03477],[6.43245,52.03507],[6.43542,52.03038],[6.43619,52.03068],[6.44003,52.02715],[6.43777,52.0266],[6.4372,52.02556],[6.43854,52.02501],[6.45762,52.02234],[6.46219,52.0217],[6.4592,52.01872],[6.46206,52.01691],[6.46033,52.01458],[6.46183,52.01376],[6.46187,52.01203],[6.46563,52.0077],[6.46027,52.00617],[6.46749,52.00076],[6.45921,51.99775],[6.46006,51.99515],[6.47577,51.98814],[6.46873,51.9811],[6.46693,51.97862],[6.46785,51.97822],[6.46671,51.97706],[6.4626,51.97622],[6.46313,51.97531],[6.46152,51.97515],[6.46019,51.97356],[6.4531,51.97167],[6.45179,51.9718],[6.4475,51.96971],[6.44134,51.97086],[6.44129,51.97173],[6.43935,51.9721],[6.43906,51.97156],[6.43751,51.97157],[6.43704,51.97072],[6.43489,51.97097],[6.4348,51.97208],[6.43012,51.97183],[6.42692,51.972],[6.42559,51.97259],[6.41608,51.97262],[6.40252,51.98215],[6.3964,51.98001],[6.39268,51.97975],[6.39031,51.98026],[6.38088,51.97774],[6.38584,51.97617],[6.38827,51.9763],[6.39082,51.97074],[6.39038,51.96833],[6.38139,51.96798],[6.37346,51.96986],[6.36835,51.96853],[6.36534,51.96963],[6.36629,51.97178],[6.36877,51.97314],[6.36986,51.97622],[6.35351,51.97468],[6.33738,51.97468],[6.32752,51.97575],[6.32773,51.97729],[6.33114,51.98057],[6.33222,51.98286],[6.33566,51.98565],[6.32901,51.98914],[6.32646,51.99189],[6.32254,51.99342],[6.31913,51.99426],[6.31652,51.99417],[6.31427,51.9941],[6.30515,51.99219],[6.29566,51.98847],[6.29434,51.99032],[6.29383,51.99219],[6.2919,51.99335],[6.27895,51.98491],[6.27465,51.98529],[6.27387,51.9846],[6.2723,51.98369],[6.27052,51.98344],[6.26894,51.98398],[6.26734,51.98377],[6.26005,51.98683],[6.25936,51.98746],[6.25437,51.98807],[6.25381,51.98783],[6.2539,51.98759],[6.25226,51.98683],[6.25072,51.98733],[6.24795,51.98409],[6.2573,51.98253],[6.2573,51.98253],[6.25681,51.98098],[6.25284,51.9799],[6.24979,51.97596],[6.24838,51.97629],[6.24735,51.97732],[6.24439,51.97784],[6.24298,51.97777],[6.24341,51.97893],[6.24471,51.98004],[6.24273,51.981],[6.23746,51.98112],[6.2348,51.98261],[6.23424,51.98342],[6.23578,51.98501],[6.23211,51.98837],[6.23252,51.98648],[6.22872,51.98717],[6.22809,51.9878],[6.2239,51.98574],[6.22242,51.98415],[6.2317,51.98078],[6.23013,51.97909],[6.23112,51.97865],[6.22928,51.97678],[6.2298,51.97621],[6.22415,51.97842],[6.21726,51.97933],[6.21168,51.97839],[6.20513,51.98025],[6.19099,51.97906],[6.18344,51.97953],[6.1824,51.9792],[6.17941,51.97935],[6.1717,51.98083],[6.16843,51.9798],[6.16058,51.97951],[6.16048,51.98104],[6.16159,51.99075],[6.16189,51.99325],[6.15957,51.99603],[6.15994,51.99785],[6.16432,51.99899],[6.16308,51.99957],[6.15925,51.99974],[6.15916,52.00068],[6.15846,52.00181],[6.15886,52.00396],[6.15727,52.00414],[6.15396,52.00327],[6.15666,52.00636],[6.1595,52.00667],[6.16118,52.01383],[6.16475,52.0144],[6.16452,52.01692],[6.16719,52.01637],[6.1698,52.01654],[6.17358,52.01757],[6.17297,52.01853],[6.17655,52.01923],[6.17656,52.02036],[6.1773,52.02034],[6.17723,52.02156],[6.17453,52.02272],[6.17682,52.02529],[6.17466,52.0256],[6.17531,52.02724],[6.17323,52.02777],[6.17702,52.03147],[6.17506,52.0317],[6.17591,52.03578],[6.17554,52.03936],[6.17551,52.03937],[6.16719,52.03697],[6.15912,52.03742],[6.15543,52.04117],[6.15205,52.04208],[6.14815,52.04169],[6.14613,52.04069],[6.142,52.0367],[6.13509,52.03472],[6.12801,52.03401],[6.1215,52.03462],[6.11685,52.03588],[6.1133,52.03767],[6.11172,52.03925],[6.11088,52.04162],[6.1116,52.0447],[6.11576,52.04875],[6.12306,52.05254],[6.13207,52.05573],[6.13747,52.05918],[6.1393,52.06121],[6.14789,52.06469],[6.15349,52.06897],[6.1628,52.07409],[6.16778,52.07594],[6.17072,52.0789],[6.17401,52.08854],[6.17574,52.0903],[6.1783,52.0913],[6.18957,52.09131],[6.19963,52.09379],[6.20304,52.09359],[6.20683,52.09242],[6.21053,52.09245],[6.21532,52.09489],[6.2179,52.09788],[6.2192,52.09631],[6.21683,52.09443],[6.217,52.09312],[6.21849,52.09273],[6.21816,52.08959],[6.21948,52.08873],[6.22018,52.08958],[6.22169,52.08877],[6.21922,52.09255],[6.22016,52.10033],[6.22448,52.1002],[6.22451,52.10186],[6.22216,52.10673],[6.22578,52.10685],[6.22664,52.10941],[6.23242,52.11075],[6.23177,52.11115],[6.23388,52.11313],[6.23504,52.1128],[6.23592,52.11372],[6.24243,52.11253],[6.24472,52.11261],[6.25823,52.11027],[6.26661,52.11183],[6.2697,52.11161],[6.27159,52.11304],[6.2775,52.12169],[6.28262,52.12352],[6.296,52.12827],[6.31018,52.13156],[6.32831,52.13771],[6.35772,52.13553],[6.35772,52.1303],[6.36198,52.12667]]]]}},{"type":"Feature","properties":{"code":"GM1883","name":"Sittard-Geleen"},"geometry":{"type":"MultiPolygon","coordinates":[[[[5.82368,51.06673],[5.82677,51.05587],[5.82725,51.04756],[5.83527,51.04893],[5.83815,51.04661],[5.84128,51.04572],[5.84239,51.04646],[5.84423,51.04572],[5.84858,51.04628],[5.85274,51.03812],[5.84911,51.03654],[5.85108,51.0324],[5.85261,51.02932],[5.85673,51.02854],[5.86531,51.02917],[5.877,51.03204],[5.8746,51.02918],[5.87666,51.02385],[5.87889,51.02064],[5.87866,51.01821],[5.88184,51.01537],[5.88426,51.01338],[5.88544,51.01382],[5.88834,51.01347],[5.89574,51.01102],[5.89548,51.00471],[5.90059,51.00332],[5.90552,51.00217],[5.90365,50.98715],[5.89572,50.98137],[5.8938,50.9811],[5.89276,50.98021],[5.89679,50.97649],[5.89708,50.97487],[5.89541,50.97493],[5.89103,50.97409],[5.89037,50.97209],[5.89085,50.97172],[5.88927,50.971],[5.88669,50.96845],[5.88526,50.96844],[5.88518,50.96776],[5.88148,50.96632],[5.87786,50.9638],[5.87679,50.96474],[5.8753,50.96399],[5.8735,50.9628],[5.87121,50.9642],[5.86918,50.96657],[5.86584,50.96396],[5.86156,50.96608],[5.86044,50.96532],[5.85887,50.96657],[5.8564,50.96476],[5.85583,50.96586],[5.85218,50.96803],[5.84523,50.96395],[5.84326,50.96352],[5.84261,50.96075],[5.84109,50.95959],[5.83982,50.95706],[5.83997,50.95594],[5.84028,50.95498],[5.83956,50.95395],[5.84014,50.95138],[5.83989,50.95019],[5.83861,50.9466],[5.83782,50.9464],[5.83238,50.94735],[5.82781,50.94891],[5.81251,50.95483],[5.81111,50.95449],[5.80371,50.94838],[5.80213,50.94741],[5.79336,50.9519],[5.7882,50.94806],[5.78811,50.94861],[5.78627,50.95467],[5.78584,50.96022],[5.78596,50.96263],[5.7842,50.96781],[5.7839,50.96888],[5.78654,50.97137],[5.78646,50.97457],[5.78246,50.98189],[5.78218,50.98581],[5.78366,50.99058],[5.78612,50.99405],[5.78919,51.0012],[5.77944,51.00298],[5.77483,51.00415],[5.78115,51.01119],[5.78718,51.01916],[5.78628,51.01913],[5.78263,51.01865],[5.7734,51.019],[5.77564,51.02068],[5.77643,51.02245],[5.77549,51.02511],[5.77285,51.02743],[5.76716,51.02916],[5.76082,51.03001],[5.7583,51.03205],[5.758,51.03367],[5.75961,51.03674],[5.76641,51.04253],[5.77076,51.04919],[5.77256,51.0563],[5.77167,51.05989],[5.77256,51.06161],[5.77465,51.06298],[5.77905,51.06286],[5.7844,51.06145],[5.78784,51.0597],[5.79318,51.05853],[5.79745,51.05916],[5.79934,51.06007],[5.80053,51.0593],[5.80294,51.05856],[5.80323,51.05759],[5.80626,51.0581],[5.80693,51.05757],[5.80785,51.05921],[5.80934,51.05914],[5.81352,51.06554],[5.81962,51.07261],[5.82054,51.07259],[5.82396,51.07251],[5.82368,51.06673]]]]}},{"type":"Feature","properties":{"code":"GM1884","name":"Kaag en Braassem"},"geometry":{"type":"MultiPolygon","coordinates":[[[[4.72415,52.23237],[4.7229,52.22036],[4.72365,52.21824],[4.7233,52.21635],[4.72376,52.21657],[4.72456,52.21322],[4.72474,52.21258],[4.72956,52.21027],[4.72877,52.20982],[4.72533,52.21151],[4.72453,52.2108],[4.72389,52.21094],[4.72378,52.21144],[4.72336,52.21094],[4.72077,52.20128],[4.71999,52.20162],[4.70758,52.2049],[4.70507,52.20122],[4.69935,52.19417],[4.69532,52.18915],[4.69083,52.19167],[4.68893,52.19188],[4.68716,52.18628],[4.68121,52.1675],[4.67984,52.16275],[4.66534,52.16243],[4.64552,52.16201],[4.64148,52.16182],[4.63985,52.16161],[4.61903,52.15871],[4.61059,52.15757],[4.60592,52.15694],[4.57274,52.15225],[4.57148,52.15311],[4.56163,52.16082],[4.56265,52.16133],[4.56049,52.16413],[4.5624,52.16612],[4.56059,52.16678],[4.5557,52.16443],[4.55276,52.1631],[4.55035,52.16301],[4.54233,52.17195],[4.54001,52.17557],[4.53907,52.1771],[4.53878,52.18013],[4.53815,52.18009],[4.54366,52.18739],[4.543,52.18812],[4.54452,52.19152],[4.54448,52.19222],[4.54525,52.19409],[4.54677,52.19898],[4.54937,52.19894],[4.5493,52.19836],[4.55413,52.19834],[4.55405,52.19758],[4.55715,52.19774],[4.55687,52.19801],[4.55681,52.1985],[4.55666,52.19882],[4.55556,52.1992],[4.55557,52.19941],[4.55536,52.19944],[4.5552,52.19961],[4.55527,52.1997],[4.55557,52.19971],[4.55558,52.20015],[4.55814,52.20037],[4.55965,52.2005],[4.55955,52.20196],[4.56166,52.20364],[4.56052,52.20366],[4.56069,52.20478],[4.55827,52.20576],[4.55809,52.20852],[4.55895,52.21024],[4.55428,52.21231],[4.55537,52.21402],[4.55783,52.21507],[4.55691,52.21642],[4.55843,52.2188],[4.5722,52.217],[4.57376,52.21726],[4.58355,52.21887],[4.59818,52.21555],[4.60276,52.21456],[4.61844,52.21448],[4.62248,52.21492],[4.62584,52.2153],[4.62584,52.2153],[4.63263,52.21618],[4.63857,52.21849],[4.64402,52.22065],[4.64718,52.22121],[4.65385,52.22435],[4.65847,52.2261],[4.66585,52.228],[4.66835,52.22958],[4.67035,52.23076],[4.6767,52.22593],[4.67997,52.22676],[4.68363,52.22635],[4.68621,52.22663],[4.69624,52.23211],[4.70024,52.23308],[4.70443,52.23384],[4.72415,52.23237]]]]}},{"type":"Feature","properties":{"code":"GM1891","name":"Dantumadiel"},"geometry":{"type":"MultiPolygon","coordinates":[[[[6.0323,53.3255],[6.03633,53.32434],[6.03842,53.32518],[6.06677,53.32364],[6.07122,53.32471],[6.07365,53.32485],[6.07566,53.32429],[6.07775,53.32209],[6.07514,53.32174],[6.07296,53.31643],[6.07184,53.30103],[6.07099,53.30096],[6.07154,53.2966],[6.06979,53.29692],[6.0737,53.2924],[6.07297,53.29239],[6.06568,53.29248],[6.05437,53.29076],[6.05186,53.26629],[6.05011,53.26614],[6.04988,53.26486],[6.04944,53.26264],[6.04884,53.25971],[6.047,53.2517],[6.04671,53.25066],[6.04605,53.2507],[6.04493,53.24591],[6.04453,53.24592],[6.04397,53.2435],[6.03885,53.24262],[6.03177,53.24224],[6.02869,53.24272],[6.02771,53.24139],[6.02309,53.24279],[6.02136,53.24253],[6.02072,53.24131],[6.01979,53.24091],[6.01735,53.24124],[6.01514,53.24053],[6.0096,53.23854],[5.98535,53.23066],[5.97176,53.22795],[5.96614,53.22806],[5.95597,53.22806],[5.95411,53.23222],[5.9496,53.2396],[5.94253,53.25048],[5.92578,53.25235],[5.92591,53.25473],[5.92296,53.25741],[5.91445,53.25865],[5.91259,53.26028],[5.90431,53.26423],[5.90073,53.26612],[5.90053,53.266],[5.89339,53.26979],[5.89156,53.27098],[5.8896,53.27216],[5.88225,53.27678],[5.8917,53.28004],[5.89779,53.28366],[5.89769,53.28463],[5.90665,53.28784],[5.90354,53.29418],[5.8969,53.30153],[5.89905,53.30249],[5.92089,53.3111],[5.92225,53.31261],[5.92436,53.31308],[5.93502,53.31567],[5.93508,53.31566],[5.93842,53.31567],[5.9489,53.31778],[5.95569,53.32141],[5.9592,53.3215],[5.96386,53.32285],[5.96878,53.32251],[5.97217,53.32109],[5.97218,53.32105],[5.97445,53.3173],[5.97384,53.3151],[5.97081,53.31332],[5.97585,53.30693],[5.98011,53.30749],[5.98962,53.31004],[5.99429,53.31013],[5.99906,53.31049],[6.00925,53.30963],[6.01162,53.30844],[6.0161,53.30812],[6.02015,53.30822],[6.02112,53.309],[6.02124,53.3169],[6.02244,53.32403],[6.02453,53.32461],[6.0323,53.3255]]]]}},{"type":"Feature","properties":{"code":"GM1892","name":"Zuidplas"},"geometry":{"type":"MultiPolygon","coordinates":[[[[4.62474,52.01472],[4.6368,52.01168],[4.64842,52.01899],[4.64881,52.02058],[4.65305,52.02134],[4.65518,52.02102],[4.65684,52.02205],[4.6628,52.02398],[4.66377,52.02201],[4.66737,52.02265],[4.66777,52.02149],[4.6673,52.01925],[4.66472,52.01649],[4.66479,52.01452],[4.66661,52.01297],[4.67073,52.01113],[4.6701,52.01055],[4.66703,52.01001],[4.66566,52.00919],[4.65945,52.00529],[4.66281,52.00325],[4.66952,52.00247],[4.67072,52.00233],[4.67473,51.99987],[4.68023,51.99654],[4.68116,51.99688],[4.68176,51.99711],[4.68402,51.99796],[4.68868,51.99626],[4.68251,51.9927],[4.67694,51.98829],[4.67429,51.98702],[4.67182,51.98447],[4.67068,51.98042],[4.66785,51.97885],[4.65592,51.97655],[4.64983,51.97343],[4.64858,51.97301],[4.63268,51.97025],[4.63084,51.96819],[4.63292,51.96632],[4.63977,51.96218],[4.64206,51.95987],[4.64571,51.95611],[4.64601,51.95418],[4.63968,51.95113],[4.63613,51.94134],[4.63474,51.93798],[4.63335,51.93694],[4.63097,51.93629],[4.62378,51.93619],[4.62146,51.93525],[4.61949,51.93349],[4.61892,51.93389],[4.61425,51.93723],[4.6105,51.93991],[4.60591,51.94323],[4.6037,51.94481],[4.59974,51.94767],[4.60207,51.94948],[4.59939,51.95198],[4.59533,51.9558],[4.59505,51.95604],[4.59019,51.96014],[4.58846,51.9616],[4.58399,51.96537],[4.59002,51.96858],[4.59069,51.96823],[4.60181,51.97214],[4.59418,51.97544],[4.59374,51.97609],[4.59384,51.97678],[4.59443,51.97712],[4.59413,51.97763],[4.59877,51.98797],[4.59437,51.99428],[4.57894,51.98986],[4.57974,51.98884],[4.57873,51.98855],[4.57969,51.98727],[4.57731,51.98641],[4.57892,51.98113],[4.57023,51.97903],[4.57353,51.97458],[4.5743,51.97451],[4.57745,51.97625],[4.57792,51.97585],[4.57852,51.97619],[4.579,51.97579],[4.57854,51.97554],[4.57411,51.97309],[4.57436,51.97288],[4.57191,51.97187],[4.57138,51.97192],[4.57028,51.97202],[4.56694,51.97119],[4.56538,51.97128],[4.56337,51.97173],[4.5629,51.97152],[4.56241,51.97193],[4.56115,51.97118],[4.56154,51.97085],[4.56165,51.97076],[4.5611,51.97053],[4.5614,51.97028],[4.56055,51.96962],[4.55659,51.96847],[4.5564,51.96885],[4.55422,51.96892],[4.54769,51.97281],[4.55193,51.97474],[4.55376,51.97704],[4.55199,51.97887],[4.55089,51.98187],[4.54816,51.98329],[4.54842,51.98496],[4.54739,51.98875],[4.54691,51.99023],[4.54634,51.99151],[4.54839,51.99256],[4.547,51.99394],[4.54989,51.99575],[4.55344,52.00392],[4.55487,52.00595],[4.55712,52.01394],[4.55678,52.0184],[4.55822,52.02891],[4.55935,52.03141],[4.56014,52.03319],[4.56346,52.03578],[4.5633,52.03828],[4.56106,52.04206],[4.56504,52.05857],[4.56592,52.05923],[4.60743,52.06553],[4.60807,52.06544],[4.60841,52.06294],[4.60553,52.05044],[4.60805,52.04912],[4.61095,52.04871],[4.61082,52.04823],[4.61022,52.04627],[4.60627,52.04595],[4.60733,52.04531],[4.59109,52.03509],[4.59695,52.03155],[4.62474,52.01472]]]]}},{"type":"Feature","properties":{"code":"GM1894","name":"Peel en Maas"},"geometry":{"type":"MultiPolygon","coordinates":[[[[6.07312,51.39573],[6.07437,51.39391],[6.07737,51.39427],[6.08422,51.39172],[6.0876,51.38954],[6.08892,51.38923],[6.09037,51.38911],[6.09046,51.38591],[6.07759,51.37817],[6.08719,51.37166],[6.09076,51.37148],[6.09494,51.3656],[6.09965,51.3571],[6.10184,51.35679],[6.1071,51.356],[6.11247,51.35162],[6.11877,51.34593],[6.11959,51.34648],[6.12325,51.34337],[6.11879,51.34102],[6.11666,51.33911],[6.11706,51.33377],[6.1182,51.32992],[6.11743,51.32699],[6.11735,51.32682],[6.11539,51.322],[6.10933,51.31618],[6.10788,51.31448],[6.10593,51.31216],[6.10045,51.30721],[6.09228,51.30132],[6.08914,51.29924],[6.08472,51.29745],[6.07089,51.29368],[6.06997,51.29143],[6.06682,51.28888],[6.06328,51.2887],[6.05888,51.28967],[6.05842,51.29025],[6.04937,51.28707],[6.04226,51.28238],[6.04162,51.28186],[6.03053,51.27403],[6.02935,51.27098],[6.02935,51.27098],[6.0282,51.26806],[6.02628,51.2669],[6.02066,51.26587],[6.01177,51.26638],[6.00961,51.26576],[6.01101,51.27155],[6.00827,51.27753],[5.98668,51.2866],[5.97117,51.29316],[5.9547,51.30028],[5.9336,51.30605],[5.91933,51.30999],[5.91533,51.31109],[5.90757,51.31324],[5.90995,51.30792],[5.88674,51.31475],[5.87782,51.31658],[5.85919,51.31955],[5.85214,51.3207],[5.84044,51.33084],[5.83207,51.33805],[5.84019,51.34688],[5.85847,51.35029],[5.87036,51.35253],[5.87353,51.35313],[5.87944,51.35594],[5.89527,51.36473],[5.89578,51.36501],[5.92245,51.37984],[5.93129,51.38475],[5.94733,51.38313],[5.95789,51.37805],[5.98211,51.37815],[5.98983,51.37822],[6.00685,51.37997],[6.01876,51.38226],[6.03582,51.38652],[6.0701,51.39515],[6.07312,51.39573]]]]}},{"type":"Feature","properties":{"code":"GM1895","name":"Oldambt"},"geometry":{"type":"MultiPolygon","coordinates":[[[[7.0126,53.26064],[7.01329,53.2607],[7.02185,53.25324],[7.02315,53.25409],[7.0316,53.25613],[7.03459,53.25842],[7.03721,53.25968],[7.03872,53.25863],[7.04031,53.25984],[7.05742,53.24734],[7.05944,53.24823],[7.0675,53.24239],[7.07943,53.24818],[7.07663,53.2497],[7.08394,53.25435],[7.09325,53.25715],[7.09369,53.25609],[7.0955,53.25528],[7.09772,53.25612],[7.10361,53.25228],[7.10528,53.25275],[7.10655,53.2519],[7.10826,53.25266],[7.11183,53.25069],[7.1151,53.25223],[7.11661,53.25065],[7.11924,53.25119],[7.12093,53.24988],[7.124,53.25042],[7.13401,53.25016],[7.13545,53.2484],[7.13968,53.24751],[7.14304,53.2457],[7.14709,53.24635],[7.15012,53.24519],[7.15586,53.24339],[7.15616,53.24492],[7.15864,53.24503],[7.15937,53.2461],[7.16314,53.24538],[7.16654,53.24388],[7.16775,53.24276],[7.1704,53.24268],[7.17307,53.2405],[7.17376,53.24151],[7.17564,53.24078],[7.17666,53.24108],[7.17748,53.24124],[7.18322,53.23913],[7.18358,53.23988],[7.18622,53.23874],[7.18748,53.23913],[7.18985,53.2382],[7.19456,53.23803],[7.20572,53.23631],[7.20703,53.23239],[7.20767,53.23243],[7.20806,53.23166],[7.20895,53.23181],[7.20913,53.23222],[7.20658,53.23682],[7.20807,53.23888],[7.20848,53.23925],[7.20981,53.23941],[7.2125,53.22819],[7.21049,53.2284],[7.21702,53.21477],[7.21762,53.19782],[7.21655,53.19555],[7.21145,53.19251],[7.20819,53.18865],[7.21824,53.18425],[7.2275,53.18028],[7.214,53.17721],[7.20599,53.1765],[7.20365,53.17657],[7.20077,53.17328],[7.1909,53.16184],[7.19118,53.15957],[7.18932,53.15732],[7.18924,53.15488],[7.18317,53.15476],[7.177,53.15258],[7.17396,53.14793],[7.14807,53.15955],[7.14531,53.16078],[7.14322,53.15716],[7.14011,53.15461],[7.13363,53.1524],[7.12628,53.15145],[7.11611,53.14802],[7.1072,53.14442],[7.10214,53.14323],[7.0984,53.14336],[7.08951,53.14519],[7.08621,53.14502],[7.08031,53.14357],[7.06885,53.13749],[7.05118,53.13022],[7.0499,53.12883],[7.0356,53.11958],[7.03366,53.11605],[7.02975,53.1151],[7.02803,53.11611],[7.02224,53.11608],[6.98769,53.11611],[6.98736,53.11577],[6.98378,53.11765],[6.98445,53.11811],[6.98253,53.11912],[6.97975,53.1192],[6.96739,53.11136],[6.96529,53.11083],[6.96585,53.11208],[6.95987,53.1245],[6.95654,53.13439],[6.95632,53.13505],[6.95597,53.13627],[6.95548,53.13692],[6.95493,53.13674],[6.95445,53.1438],[6.95038,53.1589],[6.94378,53.15901],[6.9423,53.16642],[6.92983,53.16534],[6.92927,53.16905],[6.90373,53.16651],[6.9074,53.1697],[6.91221,53.17197],[6.90828,53.17224],[6.90764,53.17288],[6.9082,53.17429],[6.91253,53.17562],[6.91308,53.17693],[6.9115,53.1787],[6.91158,53.18128],[6.91386,53.18303],[6.9158,53.18828],[6.91869,53.19139],[6.9229,53.19071],[6.92511,53.19425],[6.92272,53.19465],[6.91682,53.19557],[6.9184,53.19873],[6.92469,53.20507],[6.9206,53.20745],[6.929,53.21309],[6.92694,53.2146],[6.92282,53.22063],[6.92553,53.22156],[6.92004,53.22734],[6.91272,53.22513],[6.90859,53.23396],[6.91134,53.24302],[6.91395,53.24284],[6.91615,53.24362],[6.92172,53.23918],[6.92859,53.23708],[6.9376,53.24425],[6.94251,53.24204],[6.94499,53.24362],[6.94614,53.24898],[6.95223,53.2565],[6.99701,53.26713],[7.01323,53.26684],[7.0126,53.26064]]],[[[7.20805,53.2392],[7.20654,53.23756],[7.20514,53.23941],[7.20598,53.23967],[7.20672,53.23947],[7.20687,53.24158],[7.20789,53.24268],[7.20895,53.24307],[7.20967,53.23964],[7.20805,53.2392]]]]}},{"type":"Feature","properties":{"code":"GM1896","name":"Zwartewaterland"},"geometry":{"type":"MultiPolygon","coordinates":[[[[6.11989,52.66488],[6.10842,52.65865],[6.10429,52.65712],[6.10342,52.6551],[6.10437,52.65307],[6.10453,52.64837],[6.10411,52.64684],[6.103,52.64674],[6.10214,52.64141],[6.10193,52.64062],[6.09724,52.63604],[6.09592,52.63094],[6.09835,52.62556],[6.10393,52.62557],[6.10509,52.62149],[6.10667,52.62147],[6.10673,52.62085],[6.10587,52.62083],[6.10616,52.6189],[6.10748,52.61887],[6.10762,52.61797],[6.10641,52.61789],[6.10653,52.61469],[6.1037,52.61269],[6.106,52.60693],[6.10306,52.60565],[6.10528,52.60343],[6.10585,52.6037],[6.11425,52.59999],[6.11961,52.59734],[6.12406,52.59406],[6.12551,52.59249],[6.12403,52.59128],[6.12747,52.58676],[6.13138,52.58125],[6.14742,52.58441],[6.14753,52.5838],[6.15507,52.58271],[6.15743,52.58078],[6.15871,52.57593],[6.16681,52.56525],[6.14053,52.5521],[6.12782,52.55673],[6.12669,52.55611],[6.119,52.55767],[6.11808,52.5574],[6.11722,52.5585],[6.11596,52.55887],[6.11396,52.56081],[6.10979,52.56111],[6.11006,52.56741],[6.10368,52.56735],[6.10079,52.56376],[6.09768,52.55863],[6.09241,52.55352],[6.0894,52.55184],[6.08105,52.55388],[6.07419,52.5564],[6.07355,52.55918],[6.07016,52.55823],[6.06315,52.56728],[6.03355,52.55903],[6.03304,52.5594],[6.01289,52.58611],[6.01269,52.58564],[5.98294,52.57751],[5.97301,52.5909],[5.97263,52.59146],[5.97241,52.59255],[5.97134,52.59416],[5.97272,52.59554],[5.98125,52.60589],[5.99131,52.61443],[5.99175,52.62175],[5.98795,52.62407],[5.98639,52.62503],[5.98718,52.62693],[5.98967,52.62534],[6.01079,52.63714],[6.01316,52.63932],[6.01248,52.63944],[6.01286,52.63974],[6.01806,52.639],[6.02034,52.63789],[6.02035,52.63866],[6.02223,52.63951],[6.02171,52.64061],[6.02103,52.64094],[6.0186,52.64326],[6.01751,52.6434],[6.01807,52.64386],[6.01886,52.64351],[6.0211,52.64137],[6.02173,52.6415],[6.02458,52.64206],[6.02622,52.64292],[6.03821,52.6495],[6.05487,52.65022],[6.05892,52.65233],[6.06141,52.65286],[6.07291,52.65814],[6.08647,52.66338],[6.09736,52.66463],[6.09992,52.66082],[6.10247,52.66343],[6.10749,52.66564],[6.11957,52.66794],[6.11989,52.66488]]]]}},{"type":"Feature","properties":{"code":"GM1900","name":"S\u00fadwest-Frysl\u00e2n"},"geometry":{"type":"MultiPolygon","coordinates":[[[[5.42642,53.15313],[5.43551,53.15353],[5.43518,53.15278],[5.44265,53.15109],[5.44274,53.15027],[5.44391,53.14994],[5.44463,53.1511],[5.45112,53.14992],[5.45285,53.14809],[5.45511,53.14758],[5.46303,53.14727],[5.46144,53.14455],[5.4667,53.14373],[5.46834,53.14333],[5.46964,53.14513],[5.47219,53.14662],[5.4785,53.14529],[5.47727,53.14294],[5.47966,53.14299],[5.4828,53.14147],[5.48463,53.14172],[5.4871,53.141],[5.48663,53.14033],[5.48419,53.13982],[5.48302,53.13886],[5.4812,53.13862],[5.48432,53.13699],[5.48827,53.13831],[5.49252,53.14201],[5.49687,53.14039],[5.49792,53.14074],[5.50094,53.13898],[5.50081,53.13847],[5.50289,53.13785],[5.50107,53.13623],[5.50474,53.13534],[5.50498,53.13473],[5.51294,53.13858],[5.51043,53.1401],[5.51129,53.14084],[5.5125,53.14187],[5.5117,53.14217],[5.5124,53.14315],[5.5102,53.14454],[5.5116,53.14577],[5.52086,53.14642],[5.52465,53.14554],[5.52766,53.14595],[5.53121,53.14789],[5.53795,53.14447],[5.53766,53.1421],[5.53918,53.14199],[5.53967,53.14095],[5.54218,53.13995],[5.54382,53.13851],[5.54732,53.13737],[5.55085,53.13409],[5.55419,53.13294],[5.55538,53.1346],[5.55745,53.13473],[5.55813,53.13429],[5.55993,53.13464],[5.5623,53.13159],[5.5636,53.13124],[5.5626,53.13023],[5.5652,53.1296],[5.57134,53.12992],[5.57398,53.13121],[5.57436,53.13351],[5.57531,53.13429],[5.5776,53.13369],[5.57799,53.13402],[5.58176,53.13375],[5.58246,53.13311],[5.58403,53.13395],[5.58286,53.13248],[5.58592,53.131],[5.58662,53.13125],[5.58764,53.13034],[5.58977,53.13098],[5.58995,53.131],[5.59123,53.12882],[5.59442,53.12947],[5.59633,53.12596],[5.61887,53.13612],[5.62222,53.13825],[5.62541,53.13419],[5.62421,53.13389],[5.62624,53.13201],[5.62448,53.12848],[5.62189,53.12695],[5.62448,53.1282],[5.6275,53.12821],[5.62742,53.1267],[5.63209,53.12627],[5.63219,53.12559],[5.6354,53.12541],[5.63735,53.12415],[5.64303,53.12288],[5.64641,53.11635],[5.65651,53.11237],[5.65657,53.11238],[5.65948,53.11599],[5.68004,53.12858],[5.68488,53.12827],[5.68597,53.12987],[5.69223,53.12885],[5.69222,53.12881],[5.69157,53.12736],[5.69437,53.12697],[5.69437,53.12697],[5.69562,53.12683],[5.69389,53.1229],[5.69545,53.12258],[5.69611,53.11994],[5.70061,53.11578],[5.70762,53.11912],[5.70987,53.1196],[5.71943,53.12052],[5.72443,53.12343],[5.73056,53.12054],[5.73325,53.12019],[5.73715,53.12084],[5.73618,53.1219],[5.74552,53.12548],[5.75148,53.12594],[5.75456,53.12466],[5.75624,53.12084],[5.75659,53.11578],[5.75745,53.11272],[5.7614,53.11368],[5.76265,53.11164],[5.76318,53.10906],[5.76483,53.10897],[5.7694,53.10654],[5.76972,53.10599],[5.76778,53.10506],[5.76953,53.10326],[5.77111,53.10292],[5.77421,53.10381],[5.77696,53.10346],[5.78057,53.1019],[5.78462,53.09903],[5.78738,53.0985],[5.78815,53.09656],[5.77813,53.09273],[5.77138,53.08911],[5.77204,53.08838],[5.77119,53.08794],[5.77148,53.08765],[5.77281,53.08761],[5.77438,53.0857],[5.77263,53.08182],[5.77101,53.08108],[5.76428,53.08028],[5.77356,53.07411],[5.77505,53.06664],[5.76668,53.06224],[5.76184,53.0608],[5.76313,53.05662],[5.76681,53.05055],[5.76954,53.04953],[5.7707,53.04744],[5.76854,53.04667],[5.76729,53.04728],[5.76748,53.04645],[5.75984,53.04669],[5.75543,53.04684],[5.7367,53.03015],[5.73324,53.01544],[5.73616,53.01389],[5.74807,53.00846],[5.74889,53.00784],[5.74818,53.00728],[5.74218,53.00535],[5.7415,53.0043],[5.74226,53.0023],[5.73894,53.0012],[5.73357,53.00093],[5.73103,53.00137],[5.72317,52.99905],[5.72187,52.99758],[5.71613,52.99516],[5.71445,52.99337],[5.71312,52.99033],[5.70719,52.98659],[5.70778,52.98511],[5.70654,52.98448],[5.70517,52.98424],[5.69737,52.98609],[5.69186,52.98859],[5.6908,52.98827],[5.6907,52.98818],[5.68809,52.98487],[5.68744,52.98208],[5.69032,52.97419],[5.69087,52.96704],[5.69075,52.96256],[5.68914,52.94552],[5.68814,52.93627],[5.68933,52.93297],[5.68334,52.93388],[5.67907,52.93295],[5.66377,52.93432],[5.65582,52.93504],[5.64246,52.93617],[5.63998,52.92247],[5.63963,52.92242],[5.62075,52.9195],[5.59426,52.91541],[5.5826,52.92941],[5.58027,52.93275],[5.58053,52.93396],[5.5789,52.93394],[5.57726,52.9352],[5.57282,52.94225],[5.56957,52.94474],[5.56902,52.94554],[5.56447,52.94737],[5.51183,52.92698],[5.49522,52.91558],[5.48995,52.91175],[5.47712,52.90259],[5.48877,52.89279],[5.49384,52.88984],[5.48971,52.88603],[5.49433,52.88296],[5.50182,52.88004],[5.5011,52.87957],[5.4959,52.87605],[5.49552,52.87382],[5.49017,52.87143],[5.48749,52.8734],[5.48523,52.87169],[5.47709,52.86877],[5.47366,52.87124],[5.47247,52.87297],[5.46869,52.87179],[5.46772,52.87256],[5.46513,52.8713],[5.45753,52.87213],[5.45744,52.87168],[5.4479,52.87271],[5.44365,52.87372],[5.43253,52.87465],[5.42625,52.87333],[5.4324,52.8699],[5.43335,52.87011],[5.43809,52.86024],[5.43742,52.85973],[5.44101,52.85092],[5.43853,52.8511],[5.43079,52.85004],[5.42613,52.84814],[5.41488,52.85025],[5.39808,52.8571],[5.38986,52.86194],[5.3842,52.86652],[5.37928,52.86851],[5.37375,52.87118],[5.36919,52.87239],[5.36509,52.87278],[5.3664,52.87355],[5.36383,52.87615],[5.36334,52.87608],[5.36047,52.87631],[5.36042,52.8764],[5.36342,52.87656],[5.36472,52.87689],[5.36378,52.87816],[5.36256,52.87799],[5.36177,52.87818],[5.36128,52.87784],[5.3612,52.87789],[5.36178,52.87834],[5.36258,52.87834],[5.3623,52.87892],[5.36096,52.8788],[5.35972,52.87897],[5.35675,52.88418],[5.35509,52.88497],[5.35438,52.886],[5.35368,52.88599],[5.35507,52.88678],[5.35532,52.88668],[5.35459,52.8863],[5.35577,52.88586],[5.35819,52.88595],[5.35827,52.88622],[5.35682,52.88638],[5.35676,52.88658],[5.36137,52.88703],[5.36132,52.88756],[5.35482,52.88738],[5.35234,52.88619],[5.35207,52.88638],[5.35763,52.88911],[5.36035,52.89232],[5.36428,52.89425],[5.36881,52.89801],[5.37137,52.8994],[5.38337,52.90259],[5.38879,52.90544],[5.39091,52.90564],[5.39345,52.90471],[5.39734,52.90632],[5.40102,52.90605],[5.40679,52.91011],[5.40722,52.91323],[5.40793,52.91377],[5.40716,52.9174],[5.40929,52.92151],[5.40589,52.92621],[5.40221,52.93671],[5.40103,52.93918],[5.39591,52.94303],[5.40228,52.94521],[5.40237,52.94507],[5.40173,52.94449],[5.40265,52.94384],[5.40309,52.9439],[5.40284,52.94469],[5.40366,52.94476],[5.40374,52.94399],[5.40482,52.94397],[5.40486,52.94509],[5.40637,52.94512],[5.40639,52.94703],[5.40399,52.94709],[5.40281,52.9467],[5.40255,52.94643],[5.40284,52.94509],[5.40335,52.94513],[5.40332,52.94495],[5.40273,52.94494],[5.40236,52.94592],[5.40235,52.94643],[5.40262,52.94675],[5.40395,52.9472],[5.4066,52.94719],[5.40787,52.94642],[5.40912,52.94789],[5.40881,52.95064],[5.40958,52.95145],[5.40894,52.95396],[5.40773,52.95359],[5.40681,52.95626],[5.40835,52.95692],[5.40806,52.95956],[5.40611,52.95901],[5.40453,52.95978],[5.41084,52.96054],[5.43223,52.97103],[5.43198,52.9712],[5.42183,52.96633],[5.41832,52.96892],[5.41748,52.96887],[5.41808,52.96661],[5.41945,52.96519],[5.41133,52.9613],[5.41279,52.96353],[5.4103,52.9704],[5.40814,52.97427],[5.40587,52.97637],[5.4029,52.98442],[5.39947,52.99001],[5.39862,52.99664],[5.3968,53.00282],[5.40115,53.0053],[5.40537,53.01175],[5.40689,53.01135],[5.4079,53.01332],[5.40571,53.01259],[5.4047,53.01335],[5.40655,53.01446],[5.40839,53.01847],[5.40809,53.0203],[5.39767,53.02343],[5.39677,53.02508],[5.39839,53.02789],[5.39611,53.02863],[5.39661,53.03014],[5.40119,53.03033],[5.40288,53.03164],[5.40095,53.03529],[5.40106,53.0377],[5.40222,53.03779],[5.40368,53.03688],[5.405,53.03414],[5.40682,53.03309],[5.40313,53.03959],[5.4044,53.04213],[5.40459,53.04724],[5.40351,53.04852],[5.40321,53.04409],[5.4013,53.04121],[5.40007,53.03364],[5.3987,53.03248],[5.39429,53.03213],[5.39287,53.03359],[5.39361,53.03445],[5.3892,53.04063],[5.38493,53.04459],[5.38407,53.04501],[5.37619,53.04282],[5.37424,53.04431],[5.37363,53.04571],[5.37993,53.0471],[5.38017,53.04787],[5.37804,53.05338],[5.37607,53.05475],[5.39294,53.05484],[5.39597,53.05169],[5.39503,53.05022],[5.40043,53.0499],[5.40089,53.05047],[5.39675,53.05064],[5.39661,53.05162],[5.39754,53.05187],[5.39664,53.05208],[5.39484,53.05481],[5.39709,53.0548],[5.39916,53.05179],[5.40023,53.05175],[5.39828,53.05476],[5.40121,53.05391],[5.40267,53.05168],[5.40375,53.05174],[5.40211,53.05444],[5.40104,53.05476],[5.39708,53.05929],[5.39483,53.06086],[5.39263,53.06317],[5.39119,53.06677],[5.38993,53.06952],[5.39118,53.07296],[5.3894,53.07541],[5.38943,53.07679],[5.38275,53.08494],[5.37941,53.09165],[5.3746,53.09103],[5.35081,53.07733],[5.34438,53.0749],[5.34386,53.07372],[5.33807,53.07273],[5.33887,53.07042],[5.33905,53.06801],[5.33999,53.06636],[5.33977,53.06501],[5.33958,53.06496],[5.33951,53.06638],[5.33819,53.06916],[5.33756,53.06912],[5.33754,53.06842],[5.33744,53.06841],[5.33673,53.07002],[5.33762,53.07014],[5.33624,53.07325],[5.33506,53.07371],[5.33453,53.07199],[5.33536,53.06988],[5.33649,53.06999],[5.3372,53.06839],[5.336,53.06824],[5.33739,53.06482],[5.3407,53.06358],[5.34042,53.0634],[5.33708,53.06487],[5.33355,53.07238],[5.33118,53.07328],[5.32742,53.07268],[5.32664,53.07136],[5.32635,53.07184],[5.32433,53.07162],[5.32291,53.07188],[5.30168,53.06852],[5.29712,53.06724],[5.22181,53.0281],[5.21339,53.02322],[5.21271,53.02126],[5.21096,53.02028],[5.20792,53.01893],[5.20656,53.01953],[5.2047,53.01865],[5.20723,53.01707],[5.20253,53.01751],[5.16676,52.99926],[5.16588,52.99987],[5.20191,53.01876],[5.20161,53.02084],[5.20353,53.01962],[5.29324,53.06655],[5.30116,53.06929],[5.32365,53.07284],[5.32492,53.07436],[5.32296,53.07907],[5.327,53.07964],[5.32711,53.07941],[5.32371,53.07882],[5.32583,53.07371],[5.32736,53.07302],[5.33098,53.07363],[5.33233,53.07469],[5.33146,53.07754],[5.33339,53.07968],[5.33259,53.08013],[5.33292,53.08032],[5.33432,53.07969],[5.33197,53.07737],[5.33294,53.07514],[5.33488,53.07419],[5.33549,53.07547],[5.33492,53.07708],[5.33657,53.07726],[5.33837,53.07512],[5.34371,53.07608],[5.34854,53.07771],[5.37787,53.09494],[5.38065,53.0982],[5.38239,53.1046],[5.37919,53.10712],[5.37902,53.10806],[5.38741,53.11118],[5.39606,53.11448],[5.39903,53.11611],[5.40093,53.11752],[5.4044,53.12153],[5.40617,53.12672],[5.40971,53.13741],[5.4116,53.15194],[5.41269,53.15197],[5.41303,53.15289],[5.41348,53.15272],[5.41489,53.1522],[5.4142,53.15164],[5.41709,53.15082],[5.42144,53.15381],[5.42642,53.15313]]],[[[5.37651,53.07129],[5.37817,53.0714],[5.37834,53.07232],[5.38102,53.07258],[5.38599,53.0691],[5.39087,53.05961],[5.3945,53.05767],[5.39546,53.05537],[5.37535,53.05605],[5.36573,53.0688],[5.36407,53.07506],[5.36464,53.07574],[5.36752,53.07631],[5.373,53.07226],[5.37651,53.07129]]]]}},{"type":"Feature","properties":{"code":"GM1901","name":"Bodegraven-Reeuwijk"},"geometry":{"type":"MultiPolygon","coordinates":[[[[4.79208,52.12229],[4.82531,52.10715],[4.82439,52.1054],[4.82306,52.10519],[4.82339,52.0928],[4.82564,52.08008],[4.82563,52.07979],[4.82649,52.07953],[4.82628,52.07464],[4.83305,52.07483],[4.83279,52.07295],[4.83404,52.07274],[4.82981,52.06682],[4.84038,52.06888],[4.85523,52.06881],[4.8732,52.06875],[4.86823,52.06345],[4.85631,52.05915],[4.84805,52.05817],[4.83909,52.05417],[4.82949,52.04981],[4.82936,52.04928],[4.81719,52.03693],[4.81182,52.03382],[4.80671,52.03317],[4.80867,52.02965],[4.80966,52.02751],[4.80993,52.02676],[4.7987,52.02227],[4.78508,52.01645],[4.77594,52.01406],[4.76621,52.01324],[4.75088,52.01409],[4.75099,52.0139],[4.75035,52.01394],[4.75005,52.0145],[4.74963,52.01528],[4.74915,52.01618],[4.74602,52.01698],[4.7437,52.02261],[4.73678,52.02275],[4.7363,52.02422],[4.73462,52.02428],[4.7344,52.02502],[4.73015,52.02488],[4.72996,52.02563],[4.72761,52.02532],[4.72742,52.02599],[4.72634,52.02593],[4.72527,52.02577],[4.7223,52.02602],[4.72221,52.02629],[4.72151,52.02603],[4.72121,52.02611],[4.72118,52.02647],[4.71985,52.02648],[4.71993,52.02847],[4.7199,52.03027],[4.71987,52.0352],[4.71758,52.03531],[4.71626,52.03822],[4.71239,52.03896],[4.70923,52.03955],[4.70604,52.04012],[4.70511,52.04028],[4.6874,52.04309],[4.68706,52.04384],[4.67731,52.04397],[4.67954,52.05125],[4.6798,52.05207],[4.669,52.05234],[4.6697,52.05551],[4.66696,52.05763],[4.66402,52.05771],[4.65997,52.0641],[4.66591,52.06395],[4.66566,52.06572],[4.67725,52.06552],[4.679,52.0602],[4.6793,52.05922],[4.68197,52.0591],[4.68312,52.06261],[4.68535,52.06938],[4.68615,52.06921],[4.68626,52.06953],[4.69441,52.06777],[4.69683,52.07401],[4.7049,52.07684],[4.71303,52.07693],[4.71551,52.08119],[4.7131,52.08434],[4.70876,52.09364],[4.707,52.0933],[4.70507,52.09464],[4.70473,52.09524],[4.72444,52.09958],[4.72452,52.0996],[4.73307,52.10148],[4.73481,52.10188],[4.73452,52.10262],[4.74022,52.10465],[4.73886,52.10651],[4.74638,52.10752],[4.75323,52.10851],[4.75933,52.11035],[4.76024,52.11185],[4.76105,52.11285],[4.76253,52.11371],[4.76668,52.11315],[4.76922,52.11331],[4.76998,52.11479],[4.77086,52.11514],[4.77493,52.11484],[4.77595,52.11578],[4.77651,52.116],[4.77826,52.11584],[4.77954,52.11765],[4.78045,52.11796],[4.78315,52.11732],[4.78397,52.11744],[4.78444,52.11804],[4.78302,52.11976],[4.78331,52.12037],[4.78407,52.12076],[4.78537,52.12066],[4.78751,52.11999],[4.79189,52.12046],[4.79208,52.12229]]]]}},{"type":"Feature","properties":{"code":"GM1903","name":"Eijsden-Margraten"},"geometry":{"type":"MultiPolygon","coordinates":[[[[5.76903,50.85296],[5.77075,50.8524],[5.77461,50.85257],[5.77579,50.85339],[5.77878,50.8523],[5.7794,50.85021],[5.78042,50.84945],[5.7827,50.84925],[5.79138,50.84987],[5.79503,50.84857],[5.79742,50.8484],[5.80067,50.84835],[5.80164,50.84987],[5.8053,50.84343],[5.80783,50.84147],[5.81082,50.84048],[5.81287,50.84123],[5.81843,50.83938],[5.82124,50.83876],[5.82089,50.83238],[5.82361,50.83036],[5.8273,50.82999],[5.83174,50.82955],[5.83628,50.83],[5.83736,50.83136],[5.83646,50.83273],[5.83609,50.83596],[5.84325,50.83318],[5.84401,50.83372],[5.84493,50.83345],[5.84992,50.83195],[5.85351,50.83255],[5.85392,50.83174],[5.85742,50.83211],[5.85946,50.83368],[5.85971,50.83208],[5.86232,50.82923],[5.86314,50.8268],[5.86413,50.82334],[5.85853,50.82086],[5.85318,50.82075],[5.85118,50.81917],[5.85282,50.81783],[5.84881,50.81499],[5.84548,50.81535],[5.84478,50.81449],[5.84225,50.81007],[5.83924,50.80759],[5.83753,50.80821],[5.83617,50.80767],[5.83172,50.80877],[5.83066,50.80787],[5.81952,50.80526],[5.81974,50.80477],[5.82138,50.80215],[5.82082,50.79807],[5.82242,50.79544],[5.82764,50.79018],[5.82813,50.7905],[5.83246,50.78869],[5.8329,50.78662],[5.83589,50.78668],[5.83558,50.78481],[5.83397,50.78437],[5.83485,50.78255],[5.83525,50.78174],[5.83719,50.78102],[5.83845,50.78165],[5.83954,50.78058],[5.84162,50.77745],[5.84424,50.77455],[5.84255,50.77408],[5.84491,50.77076],[5.84504,50.76537],[5.84325,50.76488],[5.83771,50.76313],[5.83068,50.75854],[5.82271,50.75882],[5.81442,50.75616],[5.80879,50.75593],[5.80733,50.75617],[5.79323,50.77019],[5.78829,50.76801],[5.7845,50.76717],[5.77971,50.77431],[5.77694,50.78267],[5.77737,50.78295],[5.77357,50.78324],[5.76581,50.78254],[5.75956,50.77796],[5.75882,50.7782],[5.75578,50.77502],[5.75456,50.77519],[5.75041,50.77219],[5.74709,50.77048],[5.74409,50.76776],[5.74055,50.76307],[5.74144,50.76228],[5.74046,50.76145],[5.74157,50.76116],[5.73918,50.75707],[5.73039,50.75741],[5.73022,50.75827],[5.7264,50.75941],[5.72401,50.7609],[5.72462,50.76144],[5.72232,50.76278],[5.72278,50.76313],[5.72202,50.76349],[5.72284,50.76378],[5.72215,50.76411],[5.72026,50.76471],[5.71563,50.75988],[5.71356,50.76015],[5.71367,50.76068],[5.71229,50.76096],[5.71216,50.76048],[5.71063,50.76079],[5.71023,50.75981],[5.7089,50.75993],[5.70868,50.75901],[5.7074,50.75901],[5.70704,50.75829],[5.70298,50.75881],[5.69941,50.75541],[5.69509,50.75476],[5.68847,50.75571],[5.68782,50.75768],[5.68206,50.75754],[5.68283,50.76126],[5.69375,50.77094],[5.69737,50.77531],[5.69874,50.77962],[5.69871,50.78315],[5.69398,50.79664],[5.69382,50.81045],[5.6965,50.80855],[5.70945,50.80828],[5.70853,50.80491],[5.70997,50.80474],[5.70982,50.80419],[5.71694,50.8038],[5.71701,50.80608],[5.71731,50.8145],[5.71898,50.81411],[5.7232,50.81473],[5.72818,50.81714],[5.72873,50.81792],[5.73259,50.81905],[5.74348,50.82132],[5.7437,50.82299],[5.74487,50.82292],[5.74536,50.82401],[5.74491,50.82777],[5.74626,50.82765],[5.74649,50.83029],[5.74556,50.83479],[5.74556,50.83562],[5.7467,50.83587],[5.74556,50.83634],[5.74631,50.83732],[5.74045,50.8384],[5.74064,50.83916],[5.74126,50.8401],[5.74681,50.84027],[5.74685,50.84082],[5.74801,50.84091],[5.75485,50.84184],[5.75731,50.84562],[5.75734,50.85529],[5.76418,50.85455],[5.76903,50.85296]]]]}},{"type":"Feature","properties":{"code":"GM1904","name":"Stichtse Vecht"},"geometry":{"type":"MultiPolygon","coordinates":[[[[5.06342,52.28706],[5.06479,52.28508],[5.06547,52.2852],[5.06586,52.28114],[5.06586,52.28054],[5.06441,52.28074],[5.06287,52.2822],[5.06286,52.28478],[5.0604,52.28514],[5.05075,52.28182],[5.04967,52.28021],[5.04968,52.27799],[5.04824,52.27696],[5.04252,52.27793],[5.03307,52.27529],[5.03093,52.2725],[5.02981,52.27204],[5.02829,52.27203],[5.02371,52.27321],[5.02289,52.27248],[5.02331,52.27147],[5.02634,52.26866],[5.02763,52.26778],[5.02785,52.26625],[5.02655,52.2642],[5.03145,52.26131],[5.03257,52.25998],[5.0325,52.25874],[5.03071,52.25689],[5.03212,52.25462],[5.03525,52.25265],[5.0372,52.25344],[5.04025,52.25658],[5.04188,52.25656],[5.04343,52.25545],[5.04419,52.2516],[5.04526,52.24987],[5.04644,52.24873],[5.046,52.24322],[5.0569,52.23652],[5.05771,52.23534],[5.05741,52.23525],[5.05676,52.23559],[5.05579,52.23521],[5.05622,52.23498],[5.04231,52.23053],[5.04158,52.23089],[5.04143,52.23008],[5.04054,52.22984],[5.0407,52.22957],[5.04126,52.22951],[5.04114,52.22932],[5.04248,52.22878],[5.04169,52.22824],[5.03873,52.22518],[5.0371,52.22534],[5.03696,52.22479],[5.03987,52.22439],[5.04193,52.22409],[5.04198,52.22433],[5.04279,52.22404],[5.04263,52.22387],[5.04192,52.22406],[5.04191,52.22399],[5.03936,52.22441],[5.03921,52.22395],[5.03666,52.22436],[5.03585,52.21753],[5.03712,52.2166],[5.03691,52.21516],[5.03568,52.21513],[5.03533,52.21446],[5.03724,52.21419],[5.03674,52.21366],[5.03379,52.21371],[5.03373,52.21312],[5.03435,52.21312],[5.0334,52.20984],[5.03644,52.20956],[5.03644,52.20956],[5.03532,52.20523],[5.03742,52.20497],[5.03665,52.20214],[5.0256,52.20398],[5.02545,52.20328],[5.02503,52.20328],[5.025,52.20284],[5.02331,52.20305],[5.02343,52.20383],[5.02262,52.20394],[5.02247,52.20267],[5.0231,52.20275],[5.02303,52.20204],[5.02269,52.20224],[5.0216,52.20254],[5.02159,52.20248],[5.02203,52.20238],[5.02245,52.20223],[5.02294,52.20171],[5.02138,52.20204],[5.02129,52.20189],[5.02277,52.20153],[5.02606,52.20137],[5.02794,52.19996],[5.03097,52.19876],[5.03712,52.19805],[5.0372,52.19685],[5.03813,52.19516],[5.03665,52.19373],[5.03558,52.19098],[5.03498,52.1868],[5.03376,52.18616],[5.0325,52.18411],[5.04159,52.18375],[5.04646,52.16593],[5.07866,52.17299],[5.11531,52.17982],[5.11885,52.17241],[5.09489,52.15535],[5.09551,52.15508],[5.12053,52.14554],[5.11078,52.13664],[5.10709,52.13321],[5.10558,52.13189],[5.1034,52.12985],[5.10227,52.13033],[5.10108,52.12984],[5.10019,52.13021],[5.08716,52.13567],[5.08576,52.13455],[5.08553,52.13437],[5.07616,52.12705],[5.07239,52.12536],[5.0702,52.12718],[5.06973,52.12641],[5.06699,52.12599],[5.06573,52.12526],[5.0612,52.12256],[5.04756,52.12997],[5.04498,52.12878],[5.04542,52.12846],[5.04088,52.1255],[5.03354,52.11676],[5.03251,52.11684],[5.01211,52.12969],[5.0027,52.1413],[5.0031,52.14205],[4.9945,52.13861],[4.98638,52.13524],[4.98524,52.13244],[4.97394,52.12967],[4.9701,52.12244],[4.961,52.13336],[4.94392,52.12754],[4.93438,52.13886],[4.9236,52.14732],[4.91504,52.14458],[4.91178,52.14425],[4.91119,52.1601],[4.90964,52.16187],[4.92861,52.1672],[4.93245,52.1724],[4.93162,52.17376],[4.93374,52.17414],[4.93501,52.17586],[4.934,52.17695],[4.94571,52.18581],[4.94857,52.18579],[4.94947,52.19241],[4.94828,52.19253],[4.94838,52.1936],[4.94956,52.19349],[4.95088,52.19864],[4.96081,52.19782],[4.96139,52.19948],[4.9666,52.20005],[4.9683,52.20784],[4.97375,52.2206],[4.98287,52.22242],[4.98041,52.22685],[4.99473,52.23027],[4.99359,52.2321],[4.99473,52.23247],[4.99741,52.23082],[4.99983,52.23108],[5.00319,52.23136],[5.00705,52.23167],[5.00746,52.2317],[5.00746,52.23171],[5.01492,52.25913],[5.02187,52.28265],[5.02283,52.28215],[5.02438,52.28136],[5.03053,52.28849],[5.03321,52.28626],[5.03952,52.28326],[5.04074,52.28388],[5.04278,52.28249],[5.05042,52.28786],[5.05274,52.28651],[5.05954,52.28932],[5.06342,52.28706]]]]}},{"type":"Feature","properties":{"code":"GM1911","name":"Hollands Kroon"},"geometry":{"type":"MultiPolygon","coordinates":[[[[5.05471,52.94035],[5.05318,52.93634],[5.05098,52.93783],[5.04916,52.93779],[5.04834,52.93737],[5.04831,52.93706],[5.04751,52.93674],[5.04718,52.93681],[5.04631,52.93642],[5.04631,52.9362],[5.04545,52.93579],[5.04514,52.93587],[5.04412,52.93531],[5.04413,52.93448],[5.04903,52.93023],[5.04917,52.92971],[5.04819,52.93033],[5.04664,52.92972],[5.04736,52.92913],[5.04701,52.92862],[5.0421,52.93245],[5.03903,52.93125],[5.03842,52.93019],[5.03959,52.92907],[5.03833,52.92841],[5.03899,52.92572],[5.03815,52.92281],[5.03743,52.92266],[5.03784,52.92205],[5.03785,52.92152],[5.03913,52.92146],[5.03959,52.92182],[5.04224,52.9226],[5.04245,52.92241],[5.04637,52.9236],[5.04562,52.92424],[5.04189,52.9231],[5.04159,52.92344],[5.04542,52.92464],[5.04735,52.92518],[5.04859,52.92407],[5.0739,52.89382],[5.07682,52.89291],[5.07948,52.89004],[5.07915,52.88753],[5.10207,52.86018],[5.10448,52.85986],[5.10478,52.85961],[5.10318,52.85909],[5.1054,52.85694],[5.10693,52.85731],[5.10933,52.8567],[5.11017,52.85541],[5.11133,52.85429],[5.10785,52.85326],[5.11004,52.85066],[5.11273,52.85158],[5.11146,52.85392],[5.11377,52.85161],[5.11039,52.85023],[5.11354,52.84647],[5.11364,52.84269],[5.10415,52.77445],[5.09963,52.77331],[5.09867,52.77235],[5.09367,52.76969],[5.09211,52.76929],[5.08358,52.76961],[5.07621,52.76925],[5.06972,52.7681],[5.06746,52.76667],[5.06429,52.76259],[5.06172,52.76066],[5.05692,52.7575],[5.045,52.75313],[5.04067,52.75246],[5.0333,52.75194],[5.02593,52.75157],[4.99686,52.75207],[4.95843,52.75329],[4.95582,52.75328],[4.95434,52.7553],[4.94642,52.75395],[4.94447,52.75367],[4.94432,52.7526],[4.94033,52.75042],[4.93781,52.74983],[4.93279,52.74893],[4.93142,52.742],[4.92736,52.73735],[4.91094,52.71894],[4.90392,52.71163],[4.89867,52.70683],[4.8777,52.71199],[4.87201,52.71629],[4.86121,52.72073],[4.85809,52.72335],[4.85547,52.72307],[4.85215,52.72245],[4.84768,52.72026],[4.84797,52.72101],[4.84839,52.72214],[4.84942,52.72489],[4.84972,52.72569],[4.84488,52.73102],[4.84419,52.73233],[4.84006,52.73443],[4.83869,52.73697],[4.83529,52.74208],[4.83038,52.7472],[4.81563,52.76005],[4.81252,52.76277],[4.80853,52.76675],[4.80696,52.77021],[4.81334,52.77133],[4.81549,52.77024],[4.82075,52.76961],[4.81985,52.77413],[4.82713,52.77504],[4.8286,52.77533],[4.829,52.77533],[4.829,52.77534],[4.829,52.77535],[4.82741,52.78357],[4.83126,52.78382],[4.83221,52.79939],[4.83431,52.80778],[4.83457,52.80778],[4.81288,52.83232],[4.81282,52.83263],[4.8107,52.83519],[4.80987,52.83626],[4.79946,52.84377],[4.79442,52.84737],[4.78256,52.85144],[4.7597,52.8484],[4.7597,52.8484],[4.75885,52.84869],[4.77094,52.87863],[4.77208,52.88025],[4.7823,52.89469],[4.78765,52.90235],[4.79491,52.91258],[4.7973,52.91211],[4.80453,52.91049],[4.80672,52.91272],[4.8087,52.91125],[4.8418,52.89918],[4.84621,52.89954],[4.84974,52.89893],[4.85055,52.8981],[4.85011,52.89723],[4.84863,52.89728],[4.87367,52.88851],[4.87478,52.88835],[4.88698,52.8897],[4.90709,52.8938],[4.91929,52.89943],[4.93513,52.90348],[4.93673,52.90458],[4.93606,52.90529],[4.93585,52.90649],[4.9369,52.90777],[4.93821,52.90761],[4.94316,52.9103],[4.9434,52.90952],[4.94549,52.90969],[4.95063,52.91352],[4.95598,52.91855],[4.95815,52.92491],[4.96849,52.93034],[4.97021,52.93069],[4.97234,52.93098],[4.98557,52.93184],[4.99078,52.93294],[4.99554,52.93435],[5.00527,52.93568],[5.01205,52.93396],[5.01732,52.93444],[5.02247,52.9354],[5.0267,52.93817],[5.02708,52.94145],[5.02426,52.94253],[5.02588,52.944],[5.02616,52.94384],[5.02523,52.94254],[5.02894,52.94097],[5.03064,52.94285],[5.03556,52.94101],[5.03818,52.94284],[5.03855,52.94274],[5.03569,52.94069],[5.03725,52.93982],[5.03699,52.93966],[5.03173,52.94219],[5.0302,52.94202],[5.02925,52.94088],[5.03364,52.93862],[5.03524,52.93932],[5.03543,52.93922],[5.0339,52.93852],[5.03403,52.93831],[5.03391,52.9382],[5.03371,52.93819],[5.03366,52.93797],[5.03356,52.93798],[5.0336,52.93817],[5.03296,52.93847],[5.0319,52.93764],[5.03193,52.93755],[5.03139,52.93712],[5.0327,52.93652],[5.03321,52.93679],[5.0334,52.93774],[5.03362,52.93773],[5.03343,52.93669],[5.03572,52.93504],[5.03804,52.93342],[5.03948,52.93408],[5.03495,52.93746],[5.03536,52.9376],[5.03934,52.93473],[5.04113,52.93434],[5.04199,52.93475],[5.04197,52.93566],[5.03951,52.93793],[5.03978,52.93801],[5.0429,52.93575],[5.04387,52.93572],[5.04479,52.93615],[5.04485,52.93647],[5.04523,52.93665],[5.04594,52.93669],[5.04683,52.9371],[5.04694,52.93742],[5.04758,52.93766],[5.048,52.93765],[5.0489,52.93806],[5.04954,52.9389],[5.04827,52.94026],[5.04911,52.94078],[5.05415,52.94114],[5.16588,52.99987],[5.16676,52.99926],[5.05471,52.94035]]]]}},{"type":"Feature","properties":{"code":"GM1916","name":"Leidschendam-Voorburg"},"geometry":{"type":"MultiPolygon","coordinates":[[[[4.46685,52.12898],[4.46748,52.12832],[4.46815,52.12855],[4.47294,52.1237],[4.47232,52.12346],[4.47229,52.11964],[4.47298,52.11895],[4.47083,52.11771],[4.48465,52.10359],[4.49041,52.09786],[4.49222,52.09001],[4.49302,52.08775],[4.47427,52.08526],[4.47566,52.0813],[4.45675,52.07882],[4.45678,52.07868],[4.4555,52.07833],[4.44325,52.07291],[4.43763,52.0704],[4.4214,52.0633],[4.42168,52.06289],[4.42083,52.06258],[4.42069,52.06346],[4.41724,52.06622],[4.41188,52.07213],[4.40593,52.07659],[4.40392,52.07785],[4.39709,52.07476],[4.39462,52.07591],[4.39192,52.07473],[4.38865,52.07297],[4.38458,52.07623],[4.38436,52.07616],[4.38,52.07475],[4.37143,52.06958],[4.36401,52.06532],[4.36382,52.06517],[4.35602,52.06157],[4.36083,52.05847],[4.36045,52.05827],[4.36012,52.0585],[4.35958,52.0582],[4.35997,52.05793],[4.35944,52.05763],[4.35982,52.05737],[4.35947,52.05718],[4.35923,52.05735],[4.35735,52.05626],[4.35725,52.05634],[4.35757,52.05655],[4.35398,52.05899],[4.35332,52.05867],[4.35228,52.05939],[4.348,52.0565],[4.34448,52.05962],[4.34424,52.05977],[4.34413,52.05972],[4.3422,52.06113],[4.35552,52.06804],[4.35493,52.06825],[4.33521,52.075],[4.33885,52.07661],[4.33896,52.07666],[4.34539,52.07911],[4.3451,52.07948],[4.35249,52.08269],[4.3532,52.08301],[4.35678,52.0846],[4.3589,52.08556],[4.36778,52.08958],[4.36803,52.0897],[4.37305,52.09206],[4.37344,52.09235],[4.37147,52.09384],[4.37271,52.09477],[4.37577,52.09646],[4.37704,52.09704],[4.38778,52.10302],[4.38914,52.10384],[4.39175,52.10559],[4.39693,52.10904],[4.40116,52.11187],[4.41205,52.10797],[4.41138,52.10729],[4.41307,52.10663],[4.41416,52.10751],[4.42122,52.10498],[4.42082,52.10462],[4.4237,52.10359],[4.4279,52.10147],[4.43358,52.10416],[4.43574,52.1074],[4.43899,52.10993],[4.44314,52.11158],[4.44644,52.11338],[4.45107,52.11751],[4.45598,52.12118],[4.46321,52.12633],[4.46449,52.12731],[4.46519,52.12661],[4.46642,52.12733],[4.46598,52.12789],[4.46685,52.12898]]]]}},{"type":"Feature","properties":{"code":"GM1924","name":"Goeree-Overflakkee"},"geometry":{"type":"MultiPolygon","coordinates":[[[[4.33606,51.7047],[4.33999,51.70564],[4.34615,51.70449],[4.33714,51.70388],[4.33606,51.7047]]],[[[4.3664,51.70976],[4.36789,51.70674],[4.3671,51.70471],[4.36256,51.70693],[4.3664,51.70976]]],[[[4.02666,51.82926],[4.02843,51.82899],[4.03181,51.83101],[4.03234,51.83054],[4.02852,51.82734],[4.03601,51.82364],[4.0382,51.82523],[4.03308,51.82792],[4.03326,51.82963],[4.0395,51.82808],[4.04166,51.82833],[4.04373,51.82967],[4.04472,51.82918],[4.0486,51.83206],[4.04879,51.83188],[4.04498,51.82905],[4.04565,51.82866],[4.04461,51.82536],[4.04491,51.82322],[4.04672,51.82167],[4.04123,51.8232],[4.03869,51.82121],[4.04383,51.81859],[4.0426,51.8177],[4.04369,51.81708],[4.04903,51.82102],[4.04977,51.82016],[4.05326,51.81971],[4.05369,51.81965],[4.05423,51.82099],[4.05449,51.82098],[4.05603,51.81874],[4.06336,51.81344],[4.08374,51.80708],[4.09344,51.80448],[4.11599,51.79563],[4.12104,51.79542],[4.12245,51.79469],[4.12157,51.79386],[4.12531,51.79284],[4.129,51.79183],[4.12634,51.78944],[4.13136,51.78786],[4.13366,51.79059],[4.13788,51.78941],[4.13601,51.7867],[4.14025,51.78543],[4.14303,51.78794],[4.14896,51.78585],[4.16467,51.77942],[4.1812,51.77558],[4.18755,51.77551],[4.19172,51.77384],[4.19011,51.77299],[4.19082,51.77261],[4.19216,51.77322],[4.19338,51.77447],[4.1935,51.77414],[4.19315,51.77304],[4.19398,51.77162],[4.21697,51.75705],[4.21775,51.75722],[4.21907,51.75662],[4.22814,51.75147],[4.2426,51.74522],[4.24466,51.74398],[4.24317,51.74279],[4.24518,51.74175],[4.246,51.74205],[4.24631,51.74193],[4.24514,51.74103],[4.24521,51.74095],[4.2449,51.74074],[4.2448,51.74078],[4.24418,51.74035],[4.24346,51.74049],[4.24324,51.74042],[4.24341,51.74016],[4.24401,51.74015],[4.24416,51.73963],[4.2444,51.73969],[4.24437,51.7401],[4.24501,51.74054],[4.24501,51.74069],[4.2453,51.7409],[4.24545,51.7409],[4.24658,51.74172],[4.24675,51.74102],[4.26028,51.73017],[4.26283,51.72754],[4.27173,51.72314],[4.27972,51.72081],[4.28012,51.72125],[4.28174,51.72096],[4.27971,51.71894],[4.28053,51.71824],[4.28133,51.71984],[4.28261,51.72044],[4.2884,51.71829],[4.29501,51.71766],[4.29858,51.71678],[4.31876,51.70587],[4.32945,51.70262],[4.34122,51.70294],[4.35159,51.7021],[4.36558,51.7031],[4.38371,51.70209],[4.38675,51.70257],[4.38971,51.70464],[4.39107,51.70431],[4.3939,51.70645],[4.39575,51.7094],[4.39439,51.71029],[4.3948,51.71097],[4.39713,51.71072],[4.3979,51.71141],[4.39805,51.71138],[4.39823,51.71133],[4.39817,51.7105],[4.39941,51.71013],[4.40093,51.70939],[4.39888,51.70892],[4.39776,51.70798],[4.3973,51.70653],[4.39849,51.70449],[4.40216,51.70428],[4.40147,51.703],[4.39888,51.70221],[4.40194,51.69912],[4.40364,51.69871],[4.39449,51.69376],[4.39504,51.69575],[4.39138,51.69712],[4.38984,51.69683],[4.38842,51.69554],[4.38367,51.69594],[4.37835,51.69365],[4.37221,51.69366],[4.37146,51.69525],[4.36336,51.69496],[4.36739,51.68775],[4.36797,51.68527],[4.36725,51.68312],[4.36604,51.68257],[4.3637,51.6825],[4.3637,51.68234],[4.36574,51.68182],[4.36452,51.67777],[4.35714,51.67122],[4.33862,51.66498],[4.32926,51.66291],[4.30901,51.65977],[4.30059,51.65923],[4.2993,51.65956],[4.28063,51.65453],[4.27184,51.65462],[4.25749,51.65636],[4.25062,51.65788],[4.24586,51.65814],[4.23246,51.66141],[4.22278,51.66814],[4.21958,51.67262],[4.22015,51.67378],[4.21067,51.67631],[4.2076,51.67623],[4.20697,51.6749],[4.20549,51.67618],[4.20537,51.67764],[4.19445,51.67929],[4.18912,51.68298],[4.18385,51.68255],[4.16838,51.68344],[4.16496,51.68651],[4.16417,51.68723],[4.15735,51.68249],[4.15548,51.68342],[4.16251,51.68778],[4.16086,51.69085],[4.15523,51.69659],[4.1523,51.69782],[4.13495,51.70199],[4.13176,51.70383],[4.12889,51.70334],[4.12271,51.70638],[4.11605,51.70724],[4.11102,51.70785],[4.09951,51.70742],[4.09625,51.70717],[4.09519,51.70649],[4.09135,51.70645],[4.08659,51.70754],[4.08591,51.70901],[4.08537,51.70897],[4.0859,51.70802],[4.08257,51.70768],[4.08277,51.70651],[4.08077,51.70798],[4.07648,51.70864],[4.06992,51.70785],[4.0589,51.71164],[4.05071,51.7117],[4.0484,51.71473],[4.05059,51.71755],[4.04315,51.72502],[4.04069,51.72724],[4.04024,51.73101],[4.03796,51.73529],[4.03322,51.73843],[4.03278,51.73964],[4.03478,51.74381],[4.03146,51.74553],[4.02982,51.74269],[4.02592,51.74162],[4.02402,51.74187],[4.02238,51.7433],[4.01891,51.75171],[4.01857,51.7552],[4.01719,51.75617],[4.02725,51.7577],[4.02609,51.75876],[4.02267,51.75865],[4.01918,51.76094],[4.02093,51.76414],[4.02223,51.7669],[4.02285,51.76905],[4.01842,51.77052],[4.01882,51.77708],[4.02035,51.77929],[4.01027,51.78651],[4.00439,51.79122],[4.00228,51.79442],[4.00349,51.79701],[3.99539,51.80019],[3.99217,51.80184],[3.98911,51.80247],[3.98318,51.80116],[3.97061,51.80081],[3.96825,51.80312],[3.95698,51.80408],[3.94943,51.80338],[3.945,51.8008],[3.93579,51.79761],[3.93562,51.79777],[3.93692,51.79859],[3.93468,51.7982],[3.93559,51.79748],[3.93512,51.7973],[3.93375,51.79824],[3.92576,51.79759],[3.92506,51.79689],[3.92116,51.79691],[3.9121,51.79514],[3.91261,51.79381],[3.90764,51.79218],[3.90307,51.79206],[3.89698,51.79359],[3.89067,51.79208],[3.88971,51.78949],[3.89212,51.7869],[3.89573,51.78491],[3.89247,51.78239],[3.88902,51.78122],[3.88706,51.78047],[3.88594,51.78043],[3.88568,51.78058],[3.88575,51.78081],[3.88634,51.78112],[3.88632,51.78152],[3.88576,51.78179],[3.8842,51.78121],[3.88431,51.78094],[3.88481,51.7809],[3.88512,51.78053],[3.88561,51.78033],[3.88552,51.77998],[3.88431,51.7798],[3.88392,51.77985],[3.88381,51.78004],[3.88376,51.78062],[3.88391,51.78085],[3.88423,51.78094],[3.88414,51.78119],[3.88348,51.781],[3.88203,51.78063],[3.88244,51.78004],[3.88345,51.77996],[3.88357,51.77974],[3.8834,51.77959],[3.88278,51.77958],[3.88291,51.77918],[3.88223,51.77913],[3.88007,51.77929],[3.87737,51.77967],[3.87173,51.78194],[3.8695,51.78118],[3.86712,51.77629],[3.86851,51.77573],[3.86554,51.77498],[3.85947,51.76532],[3.86125,51.76294],[3.86057,51.76219],[3.8587,51.76259],[3.85543,51.75786],[3.85906,51.7567],[3.85872,51.75785],[3.85969,51.75802],[3.86009,51.7569],[3.86062,51.75702],[3.86321,51.76091],[3.86492,51.75873],[3.86923,51.75745],[3.87429,51.75489],[3.87442,51.75375],[3.87105,51.75083],[3.86477,51.75094],[3.86206,51.75264],[3.86168,51.75211],[3.85742,51.75316],[3.85621,51.75241],[3.85339,51.7528],[3.85311,51.75447],[3.85207,51.75291],[3.85138,51.75388],[3.85214,51.75512],[3.85052,51.75583],[3.84995,51.75535],[3.8489,51.75576],[3.8487,51.75661],[3.84611,51.75716],[3.84248,51.7563],[3.8392,51.75823],[3.83853,51.75987],[3.85052,51.76643],[3.85994,51.7709],[3.86444,51.77813],[3.86549,51.78219],[3.8651,51.78505],[3.86312,51.78985],[3.85539,51.80251],[3.85467,51.80526],[3.85538,51.80839],[3.85744,51.81154],[3.85958,51.8139],[3.86526,51.81773],[3.86933,51.8196],[3.87778,51.82121],[3.89239,51.82577],[3.90361,51.82594],[3.90928,51.82679],[3.93728,51.83575],[3.94808,51.8397],[3.95086,51.83825],[3.96047,51.84106],[3.96877,51.84257],[3.98441,51.84426],[4.00022,51.8493],[4.00889,51.84993],[4.0123,51.84929],[4.01245,51.84769],[4.00851,51.84547],[4.00828,51.84273],[4.01492,51.84048],[4.01373,51.83653],[4.01987,51.83226],[4.02666,51.82926]]],[[[3.88217,51.75699],[3.87952,51.75679],[3.87741,51.75867],[3.87802,51.75925],[3.88035,51.75887],[3.88165,51.75992],[3.88378,51.76031],[3.88495,51.75992],[3.88507,51.75837],[3.88183,51.75746],[3.88217,51.75699]]],[[[3.95418,51.77625],[3.94182,51.77657],[3.92633,51.77509],[3.91312,51.77083],[3.90895,51.77021],[3.90459,51.77112],[3.92171,51.78128],[3.92645,51.78663],[3.92872,51.78806],[3.9343,51.78993],[3.93944,51.78539],[3.95621,51.77804],[3.96328,51.77588],[3.96566,51.77439],[3.95418,51.77625]]],[[[4.14062,51.80055],[4.14487,51.80174],[4.1489,51.80131],[4.14747,51.79955],[4.14851,51.79878],[4.14735,51.79864],[4.14273,51.79912],[4.14062,51.80055]]],[[[3.95701,51.79984],[3.95728,51.80096],[3.96177,51.80218],[3.96557,51.80201],[3.96363,51.80132],[3.96329,51.80058],[3.96527,51.79863],[3.96804,51.79814],[3.96728,51.79749],[3.9594,51.79884],[3.95701,51.79984]]]]}},{"type":"Feature","properties":{"code":"GM1926","name":"Pijnacker-Nootdorp"},"geometry":{"type":"MultiPolygon","coordinates":[[[[4.39444,52.05405],[4.39855,52.05122],[4.40007,52.05237],[4.40007,52.05237],[4.40136,52.05334],[4.42207,52.05167],[4.42583,52.05147],[4.43804,52.05028],[4.43804,52.05028],[4.45056,52.04921],[4.45644,52.03954],[4.45699,52.03967],[4.45764,52.03862],[4.45893,52.03885],[4.47074,52.04048],[4.47162,52.039],[4.47196,52.03903],[4.47237,52.03828],[4.47253,52.03797],[4.4728,52.03802],[4.47599,52.03278],[4.47671,52.03164],[4.46811,52.02649],[4.46799,52.02579],[4.46717,52.02535],[4.46449,52.02463],[4.46347,52.02422],[4.46304,52.02421],[4.4613,52.02389],[4.46057,52.02321],[4.45796,52.02235],[4.45735,52.02226],[4.4572,52.02217],[4.45811,52.01853],[4.45944,52.01705],[4.45839,52.01602],[4.46156,52.01265],[4.45639,52.00851],[4.45535,52.00642],[4.45704,52.00494],[4.45887,52.00467],[4.45873,52.00221],[4.45193,52.00084],[4.44978,52.0005],[4.45139,51.99814],[4.45281,51.99723],[4.4508,51.99588],[4.45057,51.9957],[4.44725,51.99241],[4.42445,51.97961],[4.4279,51.97647],[4.40791,51.9682],[4.40727,51.96899],[4.40154,51.97805],[4.39703,51.97897],[4.39353,51.98718],[4.39177,51.99129],[4.38958,51.99652],[4.38916,51.99738],[4.38828,51.99945],[4.38814,51.99978],[4.38592,52.00484],[4.38617,52.00489],[4.38862,52.00545],[4.38818,52.00664],[4.38903,52.00783],[4.3885,52.00867],[4.38835,52.00945],[4.39369,52.01093],[4.39369,52.01102],[4.39452,52.01126],[4.39332,52.01307],[4.39079,52.01683],[4.38785,52.02137],[4.38624,52.02331],[4.37981,52.02666],[4.37974,52.02673],[4.39393,52.03305],[4.38785,52.03844],[4.38677,52.03844],[4.38118,52.03639],[4.37986,52.03595],[4.37266,52.04093],[4.3781,52.04465],[4.38584,52.0498],[4.3861,52.04997],[4.3879,52.05117],[4.38968,52.04996],[4.39144,52.05176],[4.39113,52.05195],[4.39259,52.05315],[4.39312,52.05284],[4.39376,52.05333],[4.39357,52.05348],[4.39444,52.05405]]]]}},{"type":"Feature","properties":{"code":"GM1930","name":"Nissewaard"},"geometry":{"type":"MultiPolygon","coordinates":[[[[4.35363,51.84905],[4.36078,51.84646],[4.37209,51.84335],[4.38366,51.84212],[4.39238,51.84205],[4.40974,51.84322],[4.41417,51.84279],[4.42375,51.84007],[4.43248,51.83705],[4.42845,51.83421],[4.42227,51.83023],[4.41901,51.82959],[4.4156,51.82967],[4.41255,51.82992],[4.39914,51.83142],[4.39663,51.83103],[4.38213,51.82408],[4.3792,51.8225],[4.36908,51.81698],[4.3543,51.81917],[4.34711,51.81789],[4.33983,51.81683],[4.33709,51.81644],[4.33079,51.81297],[4.31726,51.81129],[4.30586,51.8086],[4.29904,51.80406],[4.29579,51.80211],[4.2845,51.80366],[4.2716,51.80516],[4.2686,51.80484],[4.26437,51.8034],[4.24663,51.78534],[4.23987,51.78537],[4.23005,51.78805],[4.22189,51.79437],[4.22175,51.79627],[4.21758,51.79673],[4.21163,51.80013],[4.20433,51.80157],[4.2011,51.8032],[4.19424,51.8043],[4.19458,51.80708],[4.19918,51.80988],[4.21235,51.81403],[4.21351,51.81617],[4.21298,51.82058],[4.21971,51.82456],[4.21777,51.82611],[4.21813,51.82635],[4.21911,51.82572],[4.21967,51.82597],[4.22011,51.82616],[4.22068,51.82581],[4.22197,51.82502],[4.22222,51.82654],[4.2206,51.8272],[4.22026,51.82821],[4.20915,51.83478],[4.20708,51.83556],[4.19712,51.83495],[4.19555,51.83672],[4.19561,51.83919],[4.19571,51.83968],[4.19825,51.83969],[4.19853,51.84339],[4.19652,51.84315],[4.19645,51.84351],[4.19475,51.84331],[4.19347,51.84295],[4.19274,51.84343],[4.19473,51.84422],[4.1964,51.84648],[4.19761,51.847],[4.19817,51.84943],[4.1981,51.84997],[4.19654,51.85029],[4.19418,51.85004],[4.19142,51.84894],[4.18527,51.84971],[4.23938,51.87299],[4.25258,51.86826],[4.25976,51.8658],[4.26503,51.86477],[4.28379,51.86448],[4.33554,51.8643],[4.33965,51.85946],[4.33972,51.85938],[4.34156,51.8571],[4.34627,51.85329],[4.35363,51.84905]],[[4.22013,51.82608],[4.21979,51.82594],[4.22009,51.82575],[4.22038,51.82591],[4.22013,51.82608]]]]}},{"type":"Feature","properties":{"code":"GM1931","name":"Krimpenerwaard"},"geometry":{"type":"MultiPolygon","coordinates":[[[[4.80829,52.01414],[4.81263,52.01394],[4.81586,52.01403],[4.82149,52.01592],[4.825,52.01724],[4.83334,52.01642],[4.84018,52.01671],[4.8469,52.01818],[4.8472,52.01797],[4.8486,52.01612],[4.85639,52.00684],[4.85713,52.00596],[4.8536,52.0048],[4.81781,51.99977],[4.82697,51.99259],[4.83522,51.98614],[4.83411,51.98558],[4.8443,51.97635],[4.84555,51.9752],[4.84755,51.97514],[4.84977,51.97385],[4.86038,51.96801],[4.8643,51.9634],[4.86567,51.96043],[4.86896,51.95671],[4.8716,51.95371],[4.87276,51.95094],[4.87581,51.94353],[4.87779,51.93803],[4.87228,51.93835],[4.86328,51.94003],[4.8592,51.94083],[4.8467,51.94138],[4.8372,51.94042],[4.8323,51.93864],[4.81419,51.92623],[4.81128,51.92455],[4.80123,51.92163],[4.7907,51.91966],[4.77761,51.91706],[4.76719,51.9159],[4.76176,51.91422],[4.74387,51.90525],[4.72397,51.89809],[4.71581,51.89595],[4.7056,51.89722],[4.69096,51.89484],[4.68068,51.893],[4.67599,51.89114],[4.67337,51.89023],[4.66817,51.88959],[4.65465,51.88968],[4.6393,51.89073],[4.63322,51.89048],[4.62542,51.88938],[4.62107,51.8894],[4.61957,51.88952],[4.59503,51.89417],[4.5908,51.89585],[4.58302,51.90121],[4.57633,51.90303],[4.58204,51.90409],[4.58419,51.90391],[4.5891,51.90237],[4.58875,51.90419],[4.59221,51.9056],[4.59252,51.90441],[4.59308,51.90468],[4.59351,51.9041],[4.59673,51.90576],[4.59517,51.90708],[4.59677,51.9078],[4.59683,51.90781],[4.60146,51.907],[4.62322,51.90854],[4.63515,51.91007],[4.64278,51.91246],[4.64302,51.91257],[4.63059,51.92143],[4.62367,51.92628],[4.6177,51.93105],[4.61949,51.93349],[4.62146,51.93525],[4.62378,51.93619],[4.63097,51.93629],[4.63335,51.93694],[4.63474,51.93798],[4.63613,51.94134],[4.63968,51.95113],[4.64601,51.95418],[4.64571,51.95611],[4.64206,51.95987],[4.63977,51.96218],[4.63292,51.96632],[4.63084,51.96819],[4.63268,51.97025],[4.64858,51.97301],[4.64983,51.97343],[4.65592,51.97655],[4.66785,51.97885],[4.67068,51.98042],[4.67182,51.98447],[4.67429,51.98702],[4.67694,51.98829],[4.68251,51.9927],[4.68868,51.99626],[4.69064,51.99667],[4.69683,51.99694],[4.70107,51.99756],[4.70722,52.00176],[4.71291,51.99914],[4.71441,52.0004],[4.71886,51.99837],[4.7267,52.00126],[4.72674,52.00128],[4.72757,52.00158],[4.72528,52.00258],[4.7242,52.00339],[4.72279,52.00548],[4.72833,52.00734],[4.73077,52.00735],[4.73729,52.00594],[4.73773,52.00684],[4.73932,52.00625],[4.74206,52.00459],[4.74392,52.00345],[4.74597,52.0028],[4.75226,52.00235],[4.75733,52.00144],[4.75725,52.00293],[4.75696,52.00295],[4.75276,52.01054],[4.75099,52.0139],[4.75088,52.01409],[4.76621,52.01324],[4.77594,52.01406],[4.78508,52.01645],[4.7987,52.02227],[4.80341,52.01414],[4.8054,52.01413],[4.80829,52.01414]]]]}},{"type":"Feature","properties":{"code":"GM1940","name":"De Fryske Marren"},"geometry":{"type":"MultiPolygon","coordinates":[[[[5.80027,53.04791],[5.80904,53.04369],[5.82319,53.03843],[5.83601,53.03097],[5.84934,53.02391],[5.8576,53.01701],[5.86613,52.9998],[5.87748,52.99086],[5.88284,52.98672],[5.88608,52.98403],[5.88727,52.98152],[5.86722,52.97862],[5.86924,52.96874],[5.87097,52.96444],[5.88757,52.96701],[5.88808,52.96646],[5.88599,52.96611],[5.88615,52.96571],[5.88852,52.96506],[5.89103,52.9617],[5.89168,52.96192],[5.89163,52.96228],[5.89477,52.96318],[5.89563,52.96215],[5.89742,52.96308],[5.89811,52.96239],[5.90231,52.95737],[5.90545,52.95563],[5.90571,52.95552],[5.90489,52.95416],[5.91418,52.94292],[5.91298,52.9406],[5.91909,52.93295],[5.92357,52.9273],[5.93336,52.91502],[5.93785,52.91174],[5.93307,52.90734],[5.92985,52.90652],[5.92506,52.90386],[5.91116,52.89783],[5.90418,52.8967],[5.90146,52.89703],[5.89903,52.89563],[5.89617,52.8959],[5.89067,52.89538],[5.88602,52.89424],[5.88497,52.88982],[5.88324,52.88905],[5.88051,52.88881],[5.87697,52.88683],[5.8711,52.88167],[5.86843,52.8803],[5.8681,52.87903],[5.86455,52.87609],[5.86176,52.87468],[5.85696,52.87098],[5.85606,52.86764],[5.85128,52.86269],[5.84393,52.85487],[5.84084,52.84837],[5.83991,52.84692],[5.84002,52.843],[5.83588,52.84104],[5.83301,52.83656],[5.82924,52.83347],[5.82871,52.83177],[5.82575,52.83017],[5.82775,52.82771],[5.82473,52.82559],[5.82157,52.82469],[5.81902,52.82307],[5.81813,52.82167],[5.81824,52.81978],[5.81975,52.81728],[5.81707,52.81669],[5.81002,52.81388],[5.79518,52.80652],[5.78981,52.80369],[5.78738,52.80897],[5.78438,52.81748],[5.74881,52.83968],[5.74572,52.84024],[5.72468,52.84398],[5.72482,52.84362],[5.72725,52.83692],[5.72957,52.83373],[5.72866,52.8334],[5.7227,52.83608],[5.71308,52.83803],[5.71236,52.8383],[5.7126,52.83961],[5.71205,52.84008],[5.7127,52.841],[5.71066,52.8404],[5.7102,52.83895],[5.70884,52.83849],[5.71003,52.84072],[5.71663,52.84257],[5.71491,52.84268],[5.71526,52.84328],[5.71461,52.84254],[5.71137,52.84164],[5.70975,52.84188],[5.70794,52.83815],[5.70616,52.83879],[5.70778,52.84175],[5.7026,52.84362],[5.70232,52.84313],[5.70567,52.84171],[5.70606,52.84075],[5.70522,52.83993],[5.70459,52.84016],[5.70372,52.83889],[5.70456,52.83852],[5.70331,52.83776],[5.69935,52.84086],[5.7002,52.84292],[5.69801,52.84424],[5.69516,52.84463],[5.69462,52.84412],[5.69395,52.84439],[5.69312,52.84514],[5.68515,52.84594],[5.6837,52.84478],[5.68032,52.84525],[5.68041,52.84595],[5.67969,52.84617],[5.67853,52.84514],[5.67357,52.84512],[5.66824,52.84464],[5.66941,52.841],[5.66462,52.84432],[5.6576,52.8437],[5.65718,52.84511],[5.65483,52.84596],[5.6539,52.84725],[5.65455,52.84778],[5.65638,52.84768],[5.65725,52.854],[5.64462,52.86039],[5.64337,52.8599],[5.64125,52.86028],[5.63463,52.85837],[5.61847,52.85097],[5.61661,52.85071],[5.60789,52.85181],[5.60138,52.85199],[5.58526,52.84938],[5.5827,52.84734],[5.58298,52.8451],[5.58,52.83973],[5.57309,52.83617],[5.56734,52.83423],[5.55889,52.83301],[5.55277,52.83259],[5.54485,52.83307],[5.52695,52.83745],[5.50001,52.84577],[5.48618,52.84918],[5.47293,52.85169],[5.46693,52.85193],[5.45367,52.85471],[5.45042,52.85409],[5.44902,52.85213],[5.44733,52.85152],[5.44101,52.85092],[5.43742,52.85973],[5.43809,52.86024],[5.43335,52.87011],[5.4324,52.8699],[5.42625,52.87333],[5.43253,52.87465],[5.44365,52.87372],[5.4479,52.87271],[5.45744,52.87168],[5.45753,52.87213],[5.46513,52.8713],[5.46772,52.87256],[5.46869,52.87179],[5.47247,52.87297],[5.47366,52.87124],[5.47709,52.86877],[5.48523,52.87169],[5.48749,52.8734],[5.49017,52.87143],[5.49552,52.87382],[5.4959,52.87605],[5.5011,52.87957],[5.50182,52.88004],[5.49433,52.88296],[5.48971,52.88603],[5.49384,52.88984],[5.48877,52.89279],[5.47712,52.90259],[5.48995,52.91175],[5.49522,52.91558],[5.51183,52.92698],[5.56447,52.94737],[5.56902,52.94554],[5.56957,52.94474],[5.57282,52.94225],[5.57726,52.9352],[5.5789,52.93394],[5.58053,52.93396],[5.58027,52.93275],[5.5826,52.92941],[5.59426,52.91541],[5.62075,52.9195],[5.63963,52.92242],[5.63998,52.92247],[5.64246,52.93617],[5.65582,52.93504],[5.66377,52.93432],[5.67907,52.93295],[5.68334,52.93388],[5.68933,52.93297],[5.68814,52.93627],[5.68914,52.94552],[5.69075,52.96256],[5.69087,52.96704],[5.69032,52.97419],[5.68744,52.98208],[5.68809,52.98487],[5.6907,52.98818],[5.6908,52.98827],[5.69186,52.98859],[5.69737,52.98609],[5.70517,52.98424],[5.70654,52.98448],[5.70778,52.98511],[5.70719,52.98659],[5.71312,52.99033],[5.71445,52.99337],[5.71613,52.99516],[5.72187,52.99758],[5.72317,52.99905],[5.73103,53.00137],[5.73357,53.00093],[5.73894,53.0012],[5.74226,53.0023],[5.7415,53.0043],[5.74218,53.00535],[5.74818,53.00728],[5.74889,53.00784],[5.74807,53.00846],[5.73616,53.01389],[5.73324,53.01544],[5.7367,53.03015],[5.75543,53.04684],[5.75984,53.04669],[5.76748,53.04645],[5.76729,53.04728],[5.76854,53.04667],[5.7707,53.04744],[5.77101,53.04697],[5.76985,53.04585],[5.77391,53.04592],[5.79639,53.05884],[5.79875,53.0562],[5.79553,53.05488],[5.79646,53.05374],[5.79582,53.05302],[5.79795,53.04981],[5.80027,53.04791]]]]}},{"type":"Feature","properties":{"code":"GM1942","name":"Gooise Meren"},"geometry":{"type":"MultiPolygon","coordinates":[[[[5.1089,52.33203],[5.11004,52.33112],[5.11047,52.33014],[5.12356,52.32941],[5.12903,52.32519],[5.13343,52.32765],[5.13718,52.32532],[5.13832,52.3259],[5.13844,52.32581],[5.13882,52.32552],[5.13921,52.32522],[5.1381,52.32466],[5.14791,52.31458],[5.15139,52.31233],[5.14944,52.31194],[5.14677,52.31261],[5.14776,52.31388],[5.14714,52.31374],[5.14535,52.31204],[5.14363,52.31088],[5.14629,52.30931],[5.14999,52.31013],[5.15124,52.30877],[5.14995,52.30841],[5.14954,52.30875],[5.14885,52.30846],[5.14904,52.30801],[5.15003,52.30804],[5.15011,52.30824],[5.15173,52.30822],[5.15194,52.3077],[5.1526,52.30776],[5.15256,52.308],[5.15424,52.30865],[5.15414,52.30881],[5.15219,52.3084],[5.15128,52.30935],[5.15309,52.30997],[5.1526,52.31019],[5.15208,52.31101],[5.15131,52.31086],[5.15197,52.31042],[5.15219,52.31003],[5.15191,52.30981],[5.15105,52.3096],[5.14996,52.3108],[5.1501,52.31147],[5.15241,52.31195],[5.1615,52.30642],[5.16558,52.30496],[5.17357,52.30402],[5.18154,52.30521],[5.18721,52.30743],[5.19699,52.30894],[5.22849,52.31125],[5.23035,52.30545],[5.22981,52.30448],[5.23008,52.30292],[5.22913,52.3028],[5.22956,52.30172],[5.22717,52.30117],[5.21948,52.29916],[5.21413,52.2985],[5.21176,52.3001],[5.21049,52.30186],[5.20901,52.30202],[5.20872,52.30026],[5.2035,52.29966],[5.20225,52.29972],[5.1978,52.30033],[5.19581,52.2989],[5.19499,52.29711],[5.19592,52.29508],[5.19043,52.29346],[5.19037,52.29323],[5.18822,52.29255],[5.18769,52.29295],[5.18708,52.2926],[5.19238,52.29033],[5.19323,52.28822],[5.19538,52.28858],[5.19531,52.28824],[5.19576,52.28601],[5.19568,52.28477],[5.1938,52.28553],[5.19214,52.28412],[5.19466,52.28348],[5.19435,52.28243],[5.19447,52.28094],[5.18999,52.2791],[5.1847,52.27801],[5.1876,52.27524],[5.19118,52.27374],[5.19622,52.27089],[5.20112,52.26814],[5.2011,52.26814],[5.20158,52.26794],[5.20094,52.26737],[5.19978,52.26783],[5.19351,52.26637],[5.18314,52.26397],[5.18313,52.2646],[5.17694,52.26289],[5.17388,52.26168],[5.16595,52.25771],[5.16213,52.2558],[5.16181,52.25993],[5.13761,52.2596],[5.13745,52.25989],[5.1375,52.26042],[5.13764,52.26042],[5.13771,52.26043],[5.1377,52.26049],[5.13764,52.2605],[5.13749,52.26052],[5.13756,52.2609],[5.13721,52.26148],[5.13772,52.26306],[5.14048,52.26509],[5.14396,52.27054],[5.14435,52.27131],[5.14394,52.27134],[5.14389,52.27291],[5.14372,52.27383],[5.14395,52.2743],[5.14144,52.27526],[5.13627,52.27715],[5.13536,52.27809],[5.13441,52.27782],[5.13417,52.27804],[5.13307,52.27867],[5.13105,52.27836],[5.12719,52.27865],[5.1218,52.28172],[5.11603,52.28278],[5.10735,52.28546],[5.10465,52.28538],[5.09871,52.29057],[5.09847,52.29164],[5.09935,52.2928],[5.10292,52.29447],[5.10606,52.29467],[5.10767,52.29729],[5.10627,52.29834],[5.10197,52.2978],[5.09894,52.2987],[5.09679,52.30044],[5.09577,52.30376],[5.09648,52.30729],[5.10057,52.3103],[5.09462,52.31243],[5.09211,52.31302],[5.09308,52.31415],[5.09165,52.31464],[5.07539,52.31915],[5.06932,52.32168],[5.06469,52.32201],[5.06572,52.32048],[5.06526,52.31918],[5.0633,52.31821],[5.06254,52.31764],[5.05834,52.31632],[5.05803,52.31668],[5.05909,52.31705],[5.05674,52.3196],[5.06012,52.32107],[5.06152,52.3218],[5.06111,52.32211],[5.06151,52.32367],[5.05821,52.32482],[5.04907,52.32699],[5.04559,52.32677],[5.04439,52.32715],[5.0448,52.32747],[5.04395,52.32796],[5.03979,52.32903],[5.02895,52.33077],[5.02159,52.33086],[5.01727,52.33019],[5.01842,52.32434],[5.01793,52.32319],[5.01665,52.32299],[5.01613,52.32451],[5.01279,52.33021],[5.01445,52.33143],[5.01499,52.33178],[5.01846,52.33407],[5.02534,52.33705],[5.02749,52.33772],[5.02792,52.3367],[5.02997,52.33661],[5.03009,52.33627],[5.02877,52.33567],[5.0296,52.33467],[5.03215,52.33354],[5.03661,52.33352],[5.04082,52.33449],[5.04292,52.33604],[5.04458,52.33528],[5.05618,52.33773],[5.06188,52.33756],[5.06709,52.33668],[5.06859,52.33719],[5.06811,52.33644],[5.06774,52.33637],[5.06855,52.33405],[5.06932,52.33408],[5.06982,52.33335],[5.07004,52.33279],[5.06923,52.33059],[5.06965,52.33046],[5.07059,52.33177],[5.07127,52.33369],[5.07104,52.33375],[5.07057,52.33363],[5.06985,52.3346],[5.07019,52.33549],[5.0698,52.33709],[5.07735,52.33981],[5.0826,52.33947],[5.09357,52.33876],[5.10707,52.33148],[5.1089,52.33203]]],[[[5.0372,52.33743],[5.03628,52.3378],[5.03282,52.3381],[5.03279,52.33828],[5.03456,52.33831],[5.03894,52.33758],[5.04197,52.33652],[5.04,52.33498],[5.03767,52.3346],[5.0372,52.33743]]],[[[5.1097,52.34363],[5.10922,52.34398],[5.10801,52.34337],[5.10363,52.346],[5.10256,52.34628],[5.1022,52.34687],[5.10037,52.34716],[5.10034,52.34722],[5.10272,52.34687],[5.10693,52.34559],[5.1098,52.34368],[5.1097,52.34363]]],[[[5.08675,52.34666],[5.08832,52.34739],[5.08838,52.34729],[5.08695,52.34658],[5.08105,52.34546],[5.07964,52.34446],[5.08082,52.34569],[5.08675,52.34666]]],[[[5.06767,52.36525],[5.06852,52.36553],[5.06988,52.36539],[5.07001,52.36423],[5.06926,52.36408],[5.06803,52.36426],[5.06767,52.36525]]]]}},{"type":"Feature","properties":{"code":"GM1945","name":"Berg en Dal"},"geometry":{"type":"MultiPolygon","coordinates":[[[[6.06349,51.86545],[6.06164,51.86118],[6.06043,51.86129],[6.0596,51.85765],[6.05436,51.8574],[6.05142,51.85666],[6.0553,51.85235],[6.04168,51.84701],[6.03693,51.84408],[6.03567,51.84264],[6.03342,51.84335],[6.03268,51.84235],[6.02915,51.84512],[6.02018,51.84164],[6.01784,51.84156],[6.01604,51.83824],[6.01471,51.8375],[6.01014,51.83513],[6.00226,51.83249],[5.99443,51.83091],[5.98674,51.83067],[5.97646,51.83295],[5.97211,51.83343],[5.96896,51.83407],[5.96298,51.83691],[5.9629,51.83686],[5.94504,51.82354],[5.95815,51.81693],[5.95714,51.81634],[5.95568,51.81547],[5.95479,51.81591],[5.95285,51.81479],[5.95067,51.81624],[5.94963,51.81544],[5.94808,51.81645],[5.94593,51.81511],[5.94703,51.81439],[5.94657,51.81348],[5.94942,51.81244],[5.94798,51.81137],[5.95114,51.81056],[5.95638,51.81009],[5.96308,51.80706],[5.97524,51.79927],[5.97906,51.79765],[5.97439,51.79562],[5.97678,51.79428],[5.97495,51.79226],[5.97263,51.78956],[5.97501,51.78881],[5.97399,51.78842],[5.97455,51.78506],[5.97954,51.78598],[5.98086,51.78553],[5.98176,51.78414],[5.98468,51.78506],[5.98479,51.78443],[5.98789,51.78289],[5.98975,51.78372],[5.99043,51.7832],[5.98343,51.77872],[5.98454,51.77779],[5.98402,51.77535],[5.98236,51.7737],[5.9868,51.77223],[5.99075,51.76968],[5.99207,51.77025],[5.9905,51.76628],[5.97829,51.75971],[5.97355,51.75899],[5.95833,51.75146],[5.95682,51.75194],[5.95199,51.74895],[5.95329,51.74802],[5.95195,51.74437],[5.94396,51.74182],[5.9383,51.74159],[5.93589,51.74103],[5.93277,51.74194],[5.92995,51.74443],[5.93074,51.74653],[5.93332,51.7481],[5.92248,51.75061],[5.91513,51.75254],[5.91333,51.75551],[5.91339,51.759],[5.91111,51.7624],[5.90537,51.76568],[5.90109,51.77048],[5.89341,51.77785],[5.89309,51.77815],[5.88798,51.78298],[5.88721,51.78534],[5.88744,51.79537],[5.88102,51.80145],[5.8794,51.80828],[5.87911,51.80953],[5.88245,51.8095],[5.88555,51.8102],[5.88615,51.81085],[5.88596,51.8125],[5.88409,51.81386],[5.88152,51.8174],[5.88049,51.82033],[5.88193,51.82104],[5.88261,51.82116],[5.88806,51.823],[5.88831,51.8231],[5.88875,51.82269],[5.89234,51.82389],[5.89352,51.82428],[5.89371,51.82393],[5.89909,51.82462],[5.90033,51.82572],[5.90143,51.82739],[5.9053,51.82745],[5.90825,51.82935],[5.90651,51.83059],[5.90394,51.83134],[5.89698,51.83217],[5.89589,51.83258],[5.89579,51.83358],[5.89809,51.8364],[5.89217,51.84001],[5.89453,51.84056],[5.88457,51.84384],[5.88039,51.84505],[5.88549,51.84766],[5.88734,51.84969],[5.88462,51.85017],[5.88741,51.85454],[5.88737,51.85881],[5.88158,51.8591],[5.88158,51.8591],[5.88677,51.8652],[5.89597,51.87053],[5.90361,51.87254],[5.914,51.87418],[5.92363,51.87462],[5.93333,51.87318],[5.93732,51.87141],[5.95529,51.85693],[5.95917,51.85537],[5.96625,51.85445],[5.97033,51.85475],[5.97435,51.85586],[5.97775,51.85723],[5.98118,51.85995],[5.98575,51.86776],[5.99261,51.87493],[6.00205,51.88028],[6.00929,51.8816],[6.01692,51.88099],[6.02193,51.87929],[6.03546,51.87305],[6.04409,51.87121],[6.04628,51.87091],[6.05441,51.86911],[6.06349,51.86545]]]]}},{"type":"Feature","properties":{"code":"GM1948","name":"Meierijstad"},"geometry":{"type":"MultiPolygon","coordinates":[[[[5.41464,51.6557],[5.42223,51.65359],[5.42248,51.654],[5.42339,51.65378],[5.4385,51.64992],[5.46593,51.6429],[5.46891,51.6417],[5.4972,51.62669],[5.50462,51.63301],[5.50486,51.63608],[5.51688,51.63182],[5.5244,51.63044],[5.52621,51.63226],[5.53109,51.63295],[5.53247,51.63447],[5.53366,51.63551],[5.54224,51.63454],[5.54314,51.6391],[5.54172,51.63921],[5.54201,51.64031],[5.56536,51.64837],[5.56782,51.65035],[5.5703,51.65143],[5.57165,51.65115],[5.57277,51.65061],[5.57975,51.64591],[5.58397,51.64459],[5.58576,51.64387],[5.58678,51.64342],[5.58836,51.64265],[5.58643,51.64007],[5.58754,51.63763],[5.59317,51.6335],[5.59507,51.63415],[5.59873,51.63209],[5.60227,51.62941],[5.60563,51.63209],[5.60747,51.63378],[5.62339,51.62666],[5.62657,51.6234],[5.64293,51.60621],[5.6453,51.60082],[5.64852,51.59364],[5.6495,51.58922],[5.65068,51.58718],[5.65037,51.58474],[5.65136,51.58236],[5.65267,51.57832],[5.65424,51.5764],[5.65652,51.57479],[5.65649,51.57427],[5.65609,51.57368],[5.65438,51.57125],[5.65248,51.56968],[5.64033,51.56442],[5.62567,51.5551],[5.62179,51.55327],[5.61923,51.554],[5.61819,51.55584],[5.61422,51.5546],[5.60741,51.55969],[5.58434,51.56273],[5.55534,51.55852],[5.54524,51.5581],[5.53308,51.5578],[5.53795,51.55132],[5.54521,51.54169],[5.54304,51.54],[5.54744,51.53773],[5.53086,51.52505],[5.52505,51.52187],[5.52261,51.52343],[5.5216,51.52245],[5.52106,51.5229],[5.51978,51.52246],[5.51455,51.52325],[5.51303,51.5243],[5.50893,51.52269],[5.50834,51.52383],[5.50656,51.52304],[5.50545,51.52167],[5.50011,51.52138],[5.49992,51.5252],[5.50334,51.52579],[5.50372,51.5265],[5.50257,51.52729],[5.50186,51.52673],[5.5019,51.52744],[5.49827,51.52853],[5.49645,51.52705],[5.49425,51.52721],[5.49345,51.52669],[5.48881,51.53328],[5.48794,51.54136],[5.48714,51.54185],[5.48275,51.54157],[5.46828,51.54065],[5.45701,51.53801],[5.43741,51.53397],[5.43442,51.53433],[5.43157,51.53335],[5.42983,51.53497],[5.42384,51.53405],[5.42298,51.53394],[5.42216,51.53691],[5.4203,51.53856],[5.41634,51.54039],[5.41458,51.54062],[5.41204,51.5427],[5.41093,51.54227],[5.40536,51.54835],[5.40423,51.54829],[5.40425,51.55443],[5.40287,51.55788],[5.4052,51.56203],[5.4016,51.56191],[5.40008,51.5624],[5.39801,51.56578],[5.39947,51.5661],[5.39934,51.57219],[5.4025,51.57171],[5.40201,51.57384],[5.40381,51.57591],[5.39595,51.57661],[5.39297,51.57543],[5.39145,51.57616],[5.39368,51.57995],[5.38895,51.58083],[5.38782,51.58245],[5.38967,51.58348],[5.38403,51.58685],[5.38144,51.5876],[5.38526,51.58959],[5.3867,51.58908],[5.38906,51.58912],[5.38959,51.58967],[5.38761,51.59043],[5.38144,51.5962],[5.38621,51.60087],[5.38053,51.6029],[5.39042,51.60542],[5.39486,51.60584],[5.39072,51.61178],[5.39241,51.61236],[5.39052,51.61433],[5.39101,51.61655],[5.38861,51.61773],[5.38896,51.62129],[5.38592,51.62091],[5.38451,51.62336],[5.38589,51.62345],[5.38385,51.62409],[5.38445,51.62547],[5.38724,51.62593],[5.38358,51.62771],[5.38408,51.62839],[5.38321,51.62849],[5.38328,51.6316],[5.375,51.63369],[5.37117,51.633],[5.37136,51.63723],[5.37319,51.63704],[5.37869,51.63867],[5.38319,51.63845],[5.38009,51.63919],[5.3794,51.63993],[5.37789,51.63949],[5.3753,51.63999],[5.37187,51.64193],[5.37603,51.64333],[5.37544,51.64445],[5.37624,51.64463],[5.37717,51.64354],[5.37959,51.64415],[5.37907,51.64555],[5.3799,51.64571],[5.3781,51.64664],[5.37911,51.64735],[5.3801,51.64636],[5.38419,51.64591],[5.38516,51.64642],[5.38982,51.64563],[5.39537,51.64617],[5.39615,51.64532],[5.40004,51.64657],[5.40195,51.64794],[5.40596,51.64831],[5.40606,51.65021],[5.4123,51.6503],[5.41256,51.65099],[5.41098,51.65155],[5.41108,51.65269],[5.41262,51.65278],[5.41347,51.65375],[5.41126,51.65397],[5.41142,51.65446],[5.41509,51.65408],[5.41464,51.6557]]]]}},{"type":"Feature","properties":{"code":"GM1949","name":"Waadhoeke"},"geometry":{"type":"MultiPolygon","coordinates":[[[[5.72239,53.32231],[5.72142,53.31603],[5.72968,53.31745],[5.7493,53.31356],[5.74717,53.30992],[5.74477,53.30879],[5.73939,53.30399],[5.73538,53.29472],[5.73516,53.29437],[5.73057,53.29447],[5.72988,53.29389],[5.72798,53.2917],[5.72708,53.28938],[5.72703,53.28915],[5.72764,53.28907],[5.72762,53.28895],[5.72662,53.28899],[5.7255,53.28915],[5.72485,53.28773],[5.72635,53.28761],[5.72384,53.28443],[5.72403,53.28438],[5.72204,53.28048],[5.72136,53.27957],[5.72013,53.27492],[5.72231,53.27153],[5.72734,53.26835],[5.73539,53.26471],[5.72984,53.26124],[5.7326,53.25717],[5.73596,53.25147],[5.73613,53.2489],[5.73362,53.24852],[5.73527,53.24705],[5.74392,53.2411],[5.73601,53.23744],[5.73495,53.23806],[5.72977,53.23526],[5.73815,53.23128],[5.73363,53.2309],[5.73255,53.23032],[5.7336,53.22232],[5.73416,53.21581],[5.74561,53.21588],[5.74711,53.21515],[5.74391,53.21138],[5.73474,53.21122],[5.73609,53.20609],[5.7374,53.20622],[5.74241,53.2001],[5.74457,53.19781],[5.74212,53.19428],[5.7407,53.18745],[5.74034,53.18537],[5.74541,53.18523],[5.74142,53.1809],[5.73779,53.17255],[5.73481,53.17148],[5.73333,53.16947],[5.73238,53.16939],[5.73135,53.17074],[5.72822,53.16979],[5.72833,53.16793],[5.72492,53.16608],[5.72353,53.16842],[5.72376,53.16998],[5.72013,53.17053],[5.71879,53.16948],[5.71324,53.17523],[5.7061,53.17338],[5.69929,53.17371],[5.6979,53.17448],[5.6973,53.17772],[5.69269,53.17993],[5.6871,53.18004],[5.68591,53.18169],[5.68464,53.18183],[5.6794,53.17913],[5.67729,53.17639],[5.67517,53.17772],[5.67426,53.17745],[5.67252,53.17517],[5.66901,53.17333],[5.6681,53.17367],[5.66804,53.17507],[5.66583,53.17528],[5.66359,53.17397],[5.66206,53.1722],[5.66258,53.17071],[5.66126,53.16976],[5.65284,53.16626],[5.65354,53.16593],[5.65514,53.16514],[5.65608,53.16573],[5.6603,53.16428],[5.66099,53.16311],[5.6575,53.15862],[5.65944,53.15762],[5.65766,53.15724],[5.65666,53.15543],[5.65693,53.15444],[5.6619,53.15497],[5.66281,53.15232],[5.66197,53.15092],[5.66332,53.14982],[5.65847,53.14942],[5.65545,53.14773],[5.65203,53.14869],[5.64934,53.14713],[5.65412,53.14164],[5.6497,53.13929],[5.64811,53.13837],[5.64483,53.13781],[5.64389,53.13746],[5.63821,53.13657],[5.63199,53.13302],[5.63618,53.13065],[5.63749,53.12805],[5.63735,53.12415],[5.6354,53.12541],[5.63219,53.12559],[5.63209,53.12627],[5.62742,53.1267],[5.6275,53.12821],[5.62448,53.1282],[5.62189,53.12695],[5.62448,53.12848],[5.62624,53.13201],[5.62421,53.13389],[5.62541,53.13419],[5.62222,53.13825],[5.61887,53.13612],[5.59633,53.12596],[5.59442,53.12947],[5.59123,53.12882],[5.58995,53.131],[5.58977,53.13098],[5.58764,53.13034],[5.58662,53.13125],[5.58592,53.131],[5.58286,53.13248],[5.58403,53.13395],[5.58246,53.13311],[5.58176,53.13375],[5.57799,53.13402],[5.5776,53.13369],[5.57531,53.13429],[5.57436,53.13351],[5.57398,53.13121],[5.57134,53.12992],[5.5652,53.1296],[5.5626,53.13023],[5.5636,53.13124],[5.5623,53.13159],[5.55993,53.13464],[5.55813,53.13429],[5.55745,53.13473],[5.55538,53.1346],[5.55419,53.13294],[5.55085,53.13409],[5.54732,53.13737],[5.54382,53.13851],[5.54218,53.13995],[5.53967,53.14095],[5.53918,53.14199],[5.53766,53.1421],[5.53795,53.14447],[5.53121,53.14789],[5.52766,53.14595],[5.52465,53.14554],[5.52086,53.14642],[5.5116,53.14577],[5.5102,53.14454],[5.5124,53.14315],[5.5117,53.14217],[5.5125,53.14187],[5.51129,53.14084],[5.51043,53.1401],[5.51294,53.13858],[5.50498,53.13473],[5.50474,53.13534],[5.50107,53.13623],[5.50289,53.13785],[5.50081,53.13847],[5.50094,53.13898],[5.49792,53.14074],[5.49687,53.14039],[5.49252,53.14201],[5.48827,53.13831],[5.48432,53.13699],[5.4812,53.13862],[5.48302,53.13886],[5.48419,53.13982],[5.48663,53.14033],[5.4871,53.141],[5.48463,53.14172],[5.4828,53.14147],[5.47966,53.14299],[5.47727,53.14294],[5.4785,53.14529],[5.47219,53.14662],[5.47283,53.14886],[5.47481,53.15081],[5.47644,53.15042],[5.47672,53.15035],[5.47679,53.15076],[5.48025,53.15734],[5.48279,53.15914],[5.48668,53.16502],[5.48474,53.16584],[5.48604,53.16775],[5.4854,53.16788],[5.48601,53.16968],[5.48827,53.16989],[5.4894,53.17212],[5.49166,53.17223],[5.49343,53.17303],[5.494,53.1743],[5.49637,53.17781],[5.49637,53.17838],[5.48186,53.17616],[5.48024,53.17596],[5.48013,53.17632],[5.47941,53.17669],[5.48161,53.18004],[5.48093,53.18006],[5.48364,53.18379],[5.4817,53.18378],[5.48216,53.18521],[5.4876,53.19364],[5.49017,53.19407],[5.48956,53.20074],[5.48511,53.19988],[5.47934,53.19967],[5.46684,53.19935],[5.46246,53.19994],[5.4617,53.20111],[5.45801,53.20007],[5.45621,53.20303],[5.43799,53.20984],[5.44877,53.2203],[5.45268,53.2227],[5.46167,53.22647],[5.47325,53.23474],[5.48013,53.23793],[5.48272,53.24062],[5.48969,53.24204],[5.50444,53.24871],[5.51527,53.25201],[5.51618,53.25328],[5.51928,53.25435],[5.52436,53.25578],[5.52729,53.25735],[5.53638,53.26408],[5.53812,53.26562],[5.54635,53.27175],[5.55285,53.27478],[5.56175,53.28505],[5.57851,53.29602],[5.58702,53.30047],[5.62239,53.31119],[5.62567,53.31074],[5.62834,53.31272],[5.63413,53.31454],[5.64345,53.31904],[5.68035,53.32811],[5.71737,53.33892],[5.72239,53.32231]]]]}},{"type":"Feature","properties":{"code":"GM1950","name":"Westerwolde"},"geometry":{"type":"MultiPolygon","coordinates":[[[[7.14807,53.15955],[7.17396,53.14793],[7.177,53.15258],[7.18317,53.15476],[7.18924,53.15488],[7.1896,53.14796],[7.18586,53.14467],[7.18312,53.14015],[7.18026,53.13803],[7.17896,53.13855],[7.18008,53.13132],[7.18102,53.12768],[7.18364,53.12487],[7.18587,53.12423],[7.1831,53.12168],[7.20279,53.11341],[7.19922,53.08139],[7.20051,53.07468],[7.20424,53.05558],[7.21293,53.01106],[7.21745,53.00704],[7.2161,53.00592],[7.21649,53.00565],[7.20956,53.00051],[7.20051,52.98149],[7.18152,52.94159],[7.15026,52.91013],[7.10437,52.86393],[7.08726,52.84989],[7.08782,52.84869],[7.09274,52.8382],[7.07238,52.83851],[7.07164,52.83928],[7.07219,52.84521],[7.07632,52.84875],[7.07624,52.85003],[7.07007,52.84779],[7.06914,52.84786],[7.06592,52.85164],[7.06427,52.85104],[7.06375,52.85179],[7.06273,52.85147],[7.0523,52.8615],[7.05146,52.86118],[7.04788,52.86451],[7.04643,52.86586],[7.04349,52.86522],[7.04029,52.87282],[7.01858,52.87298],[7.0148,52.87299],[7.01656,52.87545],[7.03954,52.9075],[7.03954,52.9075],[7.03958,52.90756],[7.04553,52.91592],[7.02685,52.91904],[7.02783,52.92165],[7.03189,52.92531],[7.0363,52.92927],[7.06343,52.93097],[7.06465,52.95077],[7.06468,52.95119],[7.06734,52.95211],[7.06994,52.95319],[7.07112,52.98309],[7.07206,53.00379],[7.0922,53.01294],[7.09567,53.0145],[7.10001,53.01645],[7.09796,53.02122],[7.09579,53.0212],[7.09196,53.02285],[7.08845,53.02634],[7.08275,53.0255],[7.08038,53.02975],[7.08264,53.03352],[7.08426,53.03951],[7.08668,53.04049],[7.08612,53.04235],[7.08166,53.04447],[7.07173,53.0436],[7.07011,53.04277],[7.06805,53.04351],[7.06706,53.04769],[7.06833,53.05079],[7.072,53.05074],[7.07454,53.04995],[7.07664,53.05119],[7.08016,53.05917],[7.0801,53.06144],[7.07688,53.06369],[7.07047,53.06619],[7.06595,53.06728],[7.06465,53.06695],[7.06016,53.06581],[7.0372,53.06483],[7.03365,53.06475],[7.03238,53.06678],[7.02953,53.06665],[7.0191,53.07147],[7.01545,53.07178],[7.03753,53.09631],[7.03823,53.09708],[7.04261,53.10189],[7.02989,53.10832],[7.02818,53.11109],[7.02596,53.11243],[7.02975,53.1151],[7.03366,53.11605],[7.0356,53.11958],[7.0499,53.12883],[7.05118,53.13022],[7.06885,53.13749],[7.08031,53.14357],[7.08621,53.14502],[7.08951,53.14519],[7.0984,53.14336],[7.10214,53.14323],[7.1072,53.14442],[7.11611,53.14802],[7.12628,53.15145],[7.13363,53.1524],[7.14011,53.15461],[7.14322,53.15716],[7.14531,53.16078],[7.14807,53.15955]]]]}},{"type":"Feature","properties":{"code":"GM1952","name":"Midden-Groningen"},"geometry":{"type":"MultiPolygon","coordinates":[[[[6.88738,53.29788],[6.88973,53.29274],[6.89077,53.29054],[6.88924,53.28982],[6.89127,53.28692],[6.89311,53.28779],[6.8956,53.28592],[6.88747,53.28169],[6.88733,53.27918],[6.89909,53.27947],[6.9079,53.2793],[6.90826,53.2787],[6.90908,53.279],[6.90814,53.27002],[6.9102,53.26845],[6.90934,53.26356],[6.91215,53.26349],[6.91134,53.25199],[6.90926,53.24352],[6.91134,53.24302],[6.90859,53.23396],[6.91272,53.22513],[6.92004,53.22734],[6.92553,53.22156],[6.92282,53.22063],[6.92694,53.2146],[6.929,53.21309],[6.9206,53.20745],[6.92469,53.20507],[6.9184,53.19873],[6.91682,53.19557],[6.92272,53.19465],[6.92511,53.19425],[6.9229,53.19071],[6.91869,53.19139],[6.9158,53.18828],[6.91386,53.18303],[6.91158,53.18128],[6.9115,53.1787],[6.91308,53.17693],[6.91253,53.17562],[6.9082,53.17429],[6.90764,53.17288],[6.90828,53.17224],[6.91221,53.17197],[6.9074,53.1697],[6.90373,53.16651],[6.92927,53.16905],[6.92983,53.16534],[6.9423,53.16642],[6.94378,53.15901],[6.95038,53.1589],[6.95445,53.1438],[6.95493,53.13674],[6.95548,53.13692],[6.95597,53.13627],[6.95632,53.13505],[6.95654,53.13439],[6.95987,53.1245],[6.96585,53.11208],[6.96529,53.11083],[6.96173,53.11002],[6.95934,53.12018],[6.94984,53.12117],[6.9348,53.12414],[6.89963,53.12807],[6.89894,53.12816],[6.89704,53.1285],[6.8971,53.12758],[6.89472,53.12786],[6.88625,53.1286],[6.88505,53.12743],[6.88427,53.12562],[6.88303,53.12582],[6.88281,53.1252],[6.88002,53.12565],[6.87894,53.12582],[6.87862,53.12515],[6.87429,53.12537],[6.87412,53.12355],[6.86596,53.12393],[6.86593,53.12439],[6.86516,53.12442],[6.85154,53.12502],[6.8231,53.12622],[6.82117,53.12883],[6.81581,53.12742],[6.80324,53.12409],[6.80599,53.12033],[6.80167,53.11917],[6.80696,53.09826],[6.80845,53.09228],[6.81394,53.07097],[6.78983,53.08631],[6.77651,53.09476],[6.74473,53.11525],[6.74353,53.11594],[6.74325,53.11657],[6.7424,53.11637],[6.73745,53.11946],[6.72326,53.12005],[6.72138,53.12013],[6.71983,53.12022],[6.71872,53.12025],[6.69537,53.12118],[6.68905,53.14467],[6.68627,53.14785],[6.68699,53.14897],[6.69022,53.15039],[6.69027,53.15116],[6.68871,53.15461],[6.67971,53.16333],[6.67818,53.16481],[6.67168,53.16691],[6.66968,53.16903],[6.66537,53.16944],[6.66326,53.17058],[6.66163,53.17198],[6.66116,53.17333],[6.66027,53.17659],[6.65764,53.18035],[6.65724,53.18077],[6.65724,53.18077],[6.64725,53.18378],[6.63947,53.18598],[6.64399,53.18737],[6.64481,53.18738],[6.64682,53.18794],[6.63981,53.1903],[6.6402,53.19052],[6.64261,53.19188],[6.65018,53.19341],[6.66216,53.19982],[6.66687,53.20202],[6.6736,53.20065],[6.68302,53.20099],[6.68401,53.20215],[6.68248,53.20849],[6.67976,53.20832],[6.67964,53.2094],[6.68008,53.21003],[6.68047,53.21169],[6.68266,53.21206],[6.68285,53.2113],[6.68819,53.21218],[6.68823,53.21264],[6.69049,53.21247],[6.69077,53.21316],[6.69336,53.213],[6.69331,53.21425],[6.69825,53.21467],[6.69752,53.21697],[6.69879,53.21731],[6.69855,53.21781],[6.70117,53.21941],[6.70276,53.22114],[6.70512,53.22371],[6.70637,53.22453],[6.70576,53.22501],[6.70705,53.2256],[6.70836,53.22478],[6.7088,53.22583],[6.7072,53.22686],[6.70763,53.22711],[6.70567,53.22826],[6.7073,53.23107],[6.70881,53.23186],[6.70901,53.23312],[6.70709,53.2343],[6.70845,53.23491],[6.70887,53.23518],[6.70885,53.2353],[6.70883,53.23544],[6.71201,53.23846],[6.71485,53.24017],[6.71769,53.24187],[6.71272,53.24462],[6.71451,53.24561],[6.70981,53.24843],[6.70354,53.25194],[6.70373,53.25378],[6.69833,53.25615],[6.70752,53.25943],[6.71766,53.26317],[6.73229,53.26921],[6.75114,53.2754],[6.77253,53.28309],[6.81434,53.29759],[6.81436,53.29758],[6.81455,53.29736],[6.81665,53.29518],[6.82516,53.29762],[6.82807,53.29109],[6.83828,53.29035],[6.84581,53.29013],[6.85095,53.29665],[6.8515,53.29679],[6.86025,53.29633],[6.86072,53.29499],[6.87322,53.29649],[6.87457,53.29561],[6.87757,53.29649],[6.87961,53.29785],[6.88663,53.29828],[6.88738,53.29788]]]]}},{"type":"Feature","properties":{"code":"GM1954","name":"Beekdaelen"},"geometry":{"type":"MultiPolygon","coordinates":[[[[5.96632,50.97977],[5.96804,50.97938],[5.97132,50.98],[5.98136,50.98322],[5.98422,50.98211],[6.01736,50.9834],[6.0187,50.98382],[6.02651,50.98327],[6.0268,50.98131],[6.02116,50.971],[6.01521,50.96236],[6.013,50.9604],[6.00908,50.95948],[6.00605,50.95754],[5.99925,50.95783],[5.99226,50.95892],[5.98882,50.95942],[5.98012,50.96068],[5.9782,50.95994],[5.97404,50.95834],[5.97401,50.95859],[5.97369,50.95936],[5.9723,50.95927],[5.96908,50.96104],[5.97068,50.96214],[5.96999,50.9625],[5.96583,50.9623],[5.96536,50.96092],[5.96275,50.95874],[5.95839,50.95667],[5.9525,50.95278],[5.95265,50.9525],[5.94932,50.95155],[5.9496,50.95114],[5.9438,50.94915],[5.94263,50.94949],[5.94229,50.94901],[5.94218,50.94886],[5.94086,50.9479],[5.93603,50.94632],[5.93142,50.94157],[5.93441,50.93864],[5.92847,50.93661],[5.92823,50.93654],[5.91895,50.93323],[5.92021,50.93171],[5.91315,50.92806],[5.91022,50.92699],[5.90551,50.92756],[5.90298,50.92542],[5.90114,50.92509],[5.90074,50.92298],[5.89822,50.92331],[5.8955,50.92013],[5.89576,50.91897],[5.89958,50.91682],[5.90414,50.91728],[5.90825,50.91546],[5.90438,50.91365],[5.9163,50.90996],[5.92351,50.90557],[5.9234,50.90441],[5.92054,50.90306],[5.91724,50.90426],[5.91339,50.90272],[5.91471,50.90172],[5.90157,50.89579],[5.90366,50.89424],[5.89039,50.88841],[5.89401,50.8856],[5.89046,50.88508],[5.8896,50.88564],[5.8886,50.88434],[5.8871,50.88372],[5.88586,50.8843],[5.88078,50.88253],[5.87145,50.88346],[5.86162,50.88242],[5.85698,50.88191],[5.85166,50.8822],[5.85013,50.88367],[5.84199,50.88243],[5.83583,50.88151],[5.83469,50.88065],[5.83494,50.88233],[5.83359,50.8824],[5.83272,50.88577],[5.83665,50.8916],[5.83323,50.89219],[5.82776,50.88954],[5.82423,50.887],[5.82023,50.88544],[5.81914,50.88387],[5.81727,50.88478],[5.81499,50.88624],[5.81408,50.88607],[5.80986,50.88785],[5.80237,50.88708],[5.79984,50.88567],[5.79677,50.89175],[5.79763,50.89517],[5.79656,50.8977],[5.80052,50.89818],[5.80149,50.89631],[5.80348,50.89804],[5.80171,50.9008],[5.79882,50.90101],[5.80226,50.90241],[5.79656,50.90748],[5.7985,50.90814],[5.801,50.90875],[5.80045,50.91024],[5.80085,50.91242],[5.8023,50.91362],[5.80171,50.91413],[5.82662,50.91659],[5.83156,50.91718],[5.83131,50.91918],[5.83396,50.92002],[5.84159,50.91984],[5.84723,50.92577],[5.85076,50.92849],[5.85554,50.93601],[5.85649,50.94332],[5.85693,50.944],[5.85496,50.94608],[5.85381,50.94648],[5.85308,50.94645],[5.84846,50.94471],[5.84434,50.94666],[5.83989,50.95019],[5.84014,50.95138],[5.83956,50.95395],[5.84028,50.95498],[5.83997,50.95594],[5.83982,50.95706],[5.84109,50.95959],[5.84261,50.96075],[5.84326,50.96352],[5.84523,50.96395],[5.85218,50.96803],[5.85583,50.96586],[5.8564,50.96476],[5.85887,50.96657],[5.86044,50.96532],[5.86156,50.96608],[5.86584,50.96396],[5.86918,50.96657],[5.87121,50.9642],[5.8735,50.9628],[5.8753,50.96399],[5.87679,50.96474],[5.87786,50.9638],[5.88148,50.96632],[5.88518,50.96776],[5.88526,50.96844],[5.88669,50.96845],[5.88927,50.971],[5.89085,50.97172],[5.89037,50.97209],[5.89103,50.97409],[5.89541,50.97493],[5.89708,50.97487],[5.90483,50.97457],[5.91559,50.97782],[5.91965,50.97819],[5.92772,50.98232],[5.93388,50.98535],[5.95013,50.98721],[5.95518,50.98842],[5.95739,50.98501],[5.96632,50.97977]]]]}},{"type":"Feature","properties":{"code":"GM1955","name":"Montferland"},"geometry":{"type":"MultiPolygon","coordinates":[[[[6.14821,51.97319],[6.15095,51.96627],[6.15787,51.95879],[6.16252,51.95588],[6.16314,51.95532],[6.16575,51.95494],[6.16913,51.95329],[6.17266,51.95297],[6.17851,51.9487],[6.18275,51.94815],[6.18277,51.94813],[6.18462,51.94769],[6.18602,51.94609],[6.18859,51.94554],[6.18843,51.94334],[6.19173,51.94245],[6.19326,51.94088],[6.20501,51.93664],[6.20562,51.93773],[6.20274,51.93909],[6.20308,51.94133],[6.20299,51.94148],[6.20308,51.94214],[6.20442,51.94238],[6.21033,51.94338],[6.21205,51.94289],[6.2146,51.94322],[6.21638,51.94412],[6.21904,51.94314],[6.22136,51.94393],[6.22075,51.94458],[6.22931,51.94456],[6.25428,51.94325],[6.26288,51.94296],[6.27288,51.94318],[6.27285,51.94189],[6.27539,51.9418],[6.27902,51.94334],[6.29382,51.94377],[6.29382,51.94377],[6.30207,51.94413],[6.30184,51.94197],[6.30261,51.94135],[6.30576,51.93882],[6.30681,51.93794],[6.30595,51.93705],[6.30398,51.93806],[6.29983,51.93847],[6.29649,51.93642],[6.29567,51.93534],[6.29601,51.93286],[6.29289,51.93131],[6.29103,51.92899],[6.28965,51.92549],[6.29115,51.92242],[6.29498,51.92089],[6.30177,51.91989],[6.3113,51.92064],[6.31577,51.91828],[6.31688,51.9162],[6.31614,51.91274],[6.311,51.91059],[6.30902,51.91178],[6.30796,51.91139],[6.30874,51.91072],[6.30729,51.91026],[6.30628,51.90821],[6.30595,51.90688],[6.30683,51.90454],[6.31087,51.90004],[6.31579,51.89784],[6.31855,51.89774],[6.32261,51.89599],[6.32959,51.89478],[6.33228,51.89327],[6.33107,51.89208],[6.32432,51.88896],[6.32516,51.88778],[6.3269,51.88478],[6.32944,51.88034],[6.32654,51.87903],[6.33163,51.87482],[6.3272,51.87362],[6.32723,51.87246],[6.32925,51.87123],[6.32458,51.86903],[6.32249,51.86867],[6.31221,51.86849],[6.31195,51.8692],[6.30958,51.86917],[6.30175,51.86874],[6.29916,51.86839],[6.29901,51.86783],[6.29572,51.86824],[6.28829,51.87142],[6.28338,51.8722],[6.27991,51.87407],[6.27226,51.87465],[6.26937,51.87392],[6.26533,51.86999],[6.26222,51.86824],[6.25285,51.8689],[6.2463,51.86995],[6.24183,51.86897],[6.23481,51.87],[6.23014,51.86965],[6.22463,51.86854],[6.21506,51.86763],[6.20265,51.87172],[6.19276,51.87644],[6.18355,51.88253],[6.18201,51.88578],[6.18599,51.88685],[6.19142,51.88737],[6.18961,51.88879],[6.19109,51.89166],[6.18704,51.89231],[6.18256,51.89391],[6.16977,51.90129],[6.16791,51.90094],[6.16677,51.90105],[6.16536,51.90234],[6.16286,51.90295],[6.16003,51.90475],[6.15719,51.90737],[6.15662,51.91123],[6.15478,51.91126],[6.15257,51.90887],[6.14333,51.91363],[6.14258,51.91543],[6.14371,51.91803],[6.14296,51.91846],[6.14143,51.91592],[6.14031,51.91547],[6.13843,51.91553],[6.12449,51.92229],[6.11265,51.9278],[6.09469,51.93672],[6.09415,51.93883],[6.09143,51.93872],[6.0911,51.94231],[6.09137,51.96292],[6.08951,51.96351],[6.09039,51.96784],[6.1052,51.9667],[6.10882,51.96717],[6.11236,51.96887],[6.11829,51.97054],[6.12234,51.97148],[6.12109,51.9734],[6.12921,51.97821],[6.14469,51.9805],[6.14647,51.97559],[6.14597,51.97525],[6.14821,51.97319]]]]}},{"type":"Feature","properties":{"code":"GM1959","name":"Altena"},"geometry":{"type":"MultiPolygon","coordinates":[[[[4.98776,51.82106],[4.99928,51.82087],[5.00036,51.82093],[5.00934,51.81751],[5.0101,51.81661],[5.01031,51.81301],[5.01243,51.81065],[5.01597,51.80822],[5.02425,51.80477],[5.02618,51.80397],[5.0386,51.80097],[5.04448,51.79933],[5.04815,51.79811],[5.05258,51.79529],[5.05712,51.7907],[5.06104,51.78528],[5.06697,51.78055],[5.06985,51.77955],[5.07425,51.77907],[5.07854,51.77956],[5.08195,51.78071],[5.0872,51.7851],[5.09144,51.78693],[5.09589,51.78765],[5.10028,51.78715],[5.10486,51.78573],[5.10897,51.78358],[5.11609,51.77892],[5.11864,51.77781],[5.13758,51.77291],[5.13965,51.77022],[5.13869,51.76745],[5.13635,51.76392],[5.13589,51.76032],[5.13765,51.75763],[5.14271,51.75521],[5.13811,51.75073],[5.12634,51.74502],[5.12559,51.74323],[5.12598,51.73963],[5.12661,51.73793],[5.12805,51.73761],[5.12653,51.73731],[5.11814,51.73571],[5.10158,51.73122],[5.09212,51.72758],[5.08176,51.72234],[5.07506,51.71888],[5.0691,51.71628],[5.06246,51.71384],[5.05363,51.71182],[5.04176,51.71088],[5.02765,51.71106],[5.00945,51.71282],[4.98864,51.71687],[4.96999,51.7211],[4.95848,51.72263],[4.94556,51.72304],[4.93595,51.72243],[4.92142,51.72044],[4.91799,51.71996],[4.90155,51.71867],[4.89003,51.71977],[4.89002,51.71977],[4.87305,51.72],[4.84159,51.71345],[4.8369,51.71261],[4.84066,51.71632],[4.84694,51.72552],[4.84693,51.73355],[4.84983,51.74035],[4.84941,51.74483],[4.85248,51.74868],[4.85313,51.75075],[4.85133,51.75618],[4.84675,51.75706],[4.84188,51.75669],[4.83365,51.75401],[4.82809,51.75378],[4.82228,51.75386],[4.81286,51.75663],[4.8025,51.75759],[4.7854,51.75593],[4.78245,51.76657],[4.78065,51.76642],[4.7788,51.76417],[4.77211,51.75933],[4.76394,51.75907],[4.75073,51.75229],[4.7479,51.74877],[4.74736,51.74662],[4.73745,51.7413],[4.73365,51.73651],[4.72184,51.73427],[4.69855,51.72199],[4.67729,51.72011],[4.6763,51.72492],[4.6816,51.72842],[4.69326,51.73228],[4.70375,51.73693],[4.72459,51.74791],[4.73663,51.75557],[4.74077,51.75882],[4.74479,51.76349],[4.75057,51.77576],[4.75524,51.78161],[4.76522,51.78921],[4.76598,51.78963],[4.77354,51.79332],[4.79719,51.79977],[4.80687,51.80034],[4.82887,51.79802],[4.83611,51.79784],[4.84598,51.79876],[4.85441,51.80068],[4.85967,51.80268],[4.88464,51.81647],[4.88523,51.81677],[4.8894,51.8189],[4.90913,51.82538],[4.9186,51.82748],[4.92699,51.82831],[4.93606,51.82831],[4.94244,51.82724],[4.96051,51.82504],[4.96963,51.82365],[4.9761,51.82263],[4.98776,51.82106]]]]}},{"type":"Feature","properties":{"code":"GM1960","name":"West Betuwe"},"geometry":{"type":"MultiPolygon","coordinates":[[[[5.26776,51.93276],[5.27623,51.93263],[5.27957,51.9332],[5.28098,51.93317],[5.28128,51.93267],[5.28495,51.93069],[5.28672,51.92851],[5.28518,51.92264],[5.27369,51.92009],[5.29489,51.90005],[5.29732,51.90158],[5.30658,51.89658],[5.30675,51.89642],[5.30921,51.89662],[5.31204,51.89591],[5.31878,51.89256],[5.32337,51.88901],[5.32341,51.88698],[5.32194,51.88563],[5.31629,51.88332],[5.31495,51.88182],[5.31518,51.88058],[5.31719,51.88023],[5.32268,51.88197],[5.32683,51.88259],[5.33493,51.88176],[5.33716,51.88098],[5.33946,51.87787],[5.33902,51.87403],[5.33658,51.86997],[5.32809,51.86452],[5.32836,51.85941],[5.32808,51.85926],[5.32829,51.85702],[5.33853,51.85826],[5.33889,51.85759],[5.34276,51.8568],[5.34929,51.85843],[5.36007,51.85836],[5.37312,51.86145],[5.37841,51.8634],[5.37962,51.86151],[5.39524,51.85293],[5.39978,51.85457],[5.40793,51.85441],[5.4081,51.85439],[5.40957,51.8537],[5.41523,51.8518],[5.40915,51.84392],[5.40063,51.83766],[5.39342,51.83379],[5.38439,51.82729],[5.37068,51.81195],[5.3658,51.80795],[5.3611,51.80572],[5.35408,51.80421],[5.34741,51.80419],[5.34707,51.80423],[5.34368,51.80486],[5.33903,51.80659],[5.33355,51.81035],[5.3283,51.81525],[5.3261,51.81701],[5.32484,51.81781],[5.31633,51.8218],[5.31127,51.82314],[5.3046,51.82396],[5.29785,51.82406],[5.29055,51.82324],[5.28172,51.82121],[5.27951,51.82074],[5.24718,51.81712],[5.23742,51.81502],[5.23546,51.81448],[5.2207,51.8109],[5.21288,51.81005],[5.20327,51.81024],[5.19512,51.81151],[5.17674,51.81635],[5.17064,51.81703],[5.15928,51.81648],[5.1487,51.81502],[5.14045,51.81409],[5.13491,51.81422],[5.12734,51.81516],[5.12176,51.81661],[5.11836,51.81791],[5.10098,51.82446],[5.08987,51.82664],[5.08245,51.82685],[5.07411,51.82582],[5.05073,51.81853],[5.03986,51.81732],[5.03512,51.8175],[5.02635,51.81886],[5.0277,51.82355],[5.02829,51.82616],[5.03141,51.84108],[5.02127,51.84193],[5.00932,51.84272],[5.00345,51.84477],[5.00289,51.84366],[4.99993,51.84439],[4.9993,51.8446],[4.99952,51.84514],[4.99889,51.84525],[5.0,51.84758],[4.99868,51.85228],[4.9983,51.85486],[4.99397,51.86122],[4.99596,51.86185],[5.00125,51.85906],[5.00525,51.85793],[5.00952,51.85805],[5.01563,51.85918],[5.02691,51.85861],[5.04373,51.85923],[5.0466,51.85887],[5.053,51.85736],[5.05918,51.85815],[5.06236,51.85936],[5.06362,51.8606],[5.06278,51.86203],[5.0542,51.8651],[5.0522,51.86664],[5.05231,51.86998],[5.05536,51.87304],[5.06339,51.87441],[5.07174,51.8741],[5.07304,51.87405],[5.08128,51.87601],[5.08366,51.87836],[5.08593,51.8803],[5.08659,51.88112],[5.08749,51.8843],[5.08845,51.88755],[5.09036,51.88865],[5.09482,51.88874],[5.09799,51.88784],[5.10576,51.88881],[5.11274,51.88778],[5.11326,51.88826],[5.11427,51.88927],[5.11539,51.89044],[5.11758,51.89237],[5.1185,51.89638],[5.11698,51.89691],[5.11703,51.89818],[5.11967,51.89825],[5.13238,51.91486],[5.13572,51.9142],[5.13657,51.91469],[5.13567,51.91822],[5.14243,51.92494],[5.15001,51.92816],[5.15799,51.92848],[5.16166,51.9275],[5.1668,51.92602],[5.1589,51.91964],[5.1759,51.9211],[5.18738,51.92392],[5.20263,51.92477],[5.20768,51.92621],[5.21181,51.91965],[5.23316,51.92358],[5.2426,51.92719],[5.24587,51.92927],[5.25506,51.93548],[5.26776,51.93276]]]]}},{"type":"Feature","properties":{"code":"GM1961","name":"Vijfheerenlanden"},"geometry":{"type":"MultiPolygon","coordinates":[[[[5.17272,51.96962],[5.18023,51.96745],[5.17399,51.96034],[5.163,51.94655],[5.15466,51.93793],[5.15147,51.93362],[5.14944,51.93353],[5.14796,51.93215],[5.14901,51.93054],[5.14846,51.92949],[5.14243,51.92494],[5.13567,51.91822],[5.13657,51.91469],[5.13572,51.9142],[5.13238,51.91486],[5.11967,51.89825],[5.11703,51.89818],[5.11698,51.89691],[5.1185,51.89638],[5.11758,51.89237],[5.11539,51.89044],[5.11427,51.88927],[5.11326,51.88826],[5.11274,51.88778],[5.10576,51.88881],[5.09799,51.88784],[5.09482,51.88874],[5.09036,51.88865],[5.08845,51.88755],[5.08749,51.8843],[5.08659,51.88112],[5.08593,51.8803],[5.08366,51.87836],[5.08128,51.87601],[5.07304,51.87405],[5.07174,51.8741],[5.06339,51.87441],[5.05536,51.87304],[5.05231,51.86998],[5.0522,51.86664],[5.0542,51.8651],[5.06278,51.86203],[5.06362,51.8606],[5.06236,51.85936],[5.05918,51.85815],[5.053,51.85736],[5.0466,51.85887],[5.04373,51.85923],[5.02691,51.85861],[5.02739,51.86374],[5.02182,51.86912],[5.02317,51.87203],[5.02323,51.87574],[5.02571,51.88116],[5.02725,51.88153],[5.02696,51.88192],[5.02375,51.88106],[5.00124,51.87473],[5.00127,51.87499],[4.99624,51.87312],[4.99495,51.87696],[4.99945,51.88428],[4.99667,51.89011],[4.9963,51.89669],[4.99497,51.90229],[4.99438,51.90224],[4.99434,51.90235],[4.99145,51.90167],[4.97884,51.89831],[4.97435,51.89709],[4.97341,51.89725],[4.97374,51.90767],[4.96779,51.91009],[4.96413,51.91064],[4.96416,51.91227],[4.96329,51.91279],[4.96478,51.91352],[4.96412,51.91375],[4.95616,51.91559],[4.9496,51.93157],[4.94764,51.93371],[4.94594,51.93329],[4.94229,51.93017],[4.93923,51.92894],[4.93213,51.94755],[4.92948,51.95019],[4.9263,51.95093],[4.93358,51.95971],[4.93982,51.96344],[4.94331,51.96394],[4.94869,51.96347],[4.95733,51.96098],[4.96385,51.95943],[4.9681,51.95934],[4.97614,51.96345],[4.97889,51.96596],[4.98391,51.97059],[4.987,51.97331],[4.99186,51.97585],[4.99807,51.97787],[5.00218,51.97822],[5.01008,51.97554],[5.0161,51.97214],[5.02238,51.96973],[5.02967,51.9692],[5.03285,51.96975],[5.03613,51.97133],[5.03883,51.97414],[5.0404,51.97744],[5.045,51.98196],[5.06264,51.99123],[5.06629,51.99407],[5.07753,51.99745],[5.09172,52.00192],[5.10297,52.00303],[5.11392,52.00167],[5.11956,51.99992],[5.12822,51.99775],[5.13387,51.99669],[5.13968,51.99394],[5.14188,51.99073],[5.1436,51.98422],[5.14361,51.98415],[5.14688,51.97682],[5.14971,51.97427],[5.1546,51.97177],[5.16095,51.97047],[5.17272,51.96962]]]]}},{"type":"Feature","properties":{"code":"GM1963","name":"Hoeksche Waard"},"geometry":{"type":"MultiPolygon","coordinates":[[[[4.54438,51.69513],[4.5482,51.69654],[4.56556,51.69973],[4.57231,51.70007],[4.55493,51.69685],[4.54438,51.69513]]],[[[4.35714,51.73181],[4.34802,51.73026],[4.33846,51.72721],[4.32974,51.72616],[4.31042,51.72781],[4.29932,51.731],[4.29087,51.73421],[4.29047,51.73463],[4.29115,51.73477],[4.29123,51.73492],[4.29121,51.73547],[4.29161,51.73568],[4.29167,51.73579],[4.29024,51.7351],[4.28918,51.73536],[4.26776,51.74573],[4.26202,51.7467],[4.25831,51.74864],[4.25837,51.75006],[4.25937,51.75156],[4.26335,51.75407],[4.26962,51.75305],[4.27859,51.75281],[4.29848,51.74927],[4.31131,51.74711],[4.33428,51.7405],[4.3529,51.73681],[4.35717,51.73467],[4.35714,51.73181]]],[[[4.46712,51.83194],[4.47897,51.83421],[4.48909,51.8354],[4.49925,51.83524],[4.51149,51.83268],[4.52548,51.82985],[4.53127,51.8302],[4.53629,51.83118],[4.54284,51.83187],[4.54865,51.83176],[4.55361,51.8299],[4.55635,51.82783],[4.5593,51.82314],[4.56073,51.81874],[4.56446,51.81433],[4.56674,51.81283],[4.56963,51.81131],[4.5783,51.80836],[4.58308,51.80748],[4.59688,51.80643],[4.59778,51.8063],[4.62122,51.8008],[4.62187,51.79769],[4.62321,51.79241],[4.62684,51.78475],[4.62742,51.78249],[4.6275,51.78217],[4.62771,51.77764],[4.62699,51.77291],[4.62693,51.77266],[4.62612,51.76605],[4.62711,51.76028],[4.63112,51.75011],[4.63113,51.74175],[4.62658,51.72826],[4.6236,51.7214],[4.61856,51.72326],[4.60593,51.71707],[4.59702,51.71546],[4.58866,51.71222],[4.58829,51.71254],[4.59013,51.71356],[4.58937,51.71445],[4.59053,51.71631],[4.59019,51.71633],[4.58905,51.71472],[4.58848,51.71497],[4.58698,51.71389],[4.5881,51.71203],[4.58439,51.71114],[4.58046,51.71196],[4.5749,51.71067],[4.56636,51.70694],[4.55676,51.70448],[4.53497,51.70191],[4.53044,51.70064],[4.52882,51.70164],[4.5159,51.70337],[4.51189,51.70449],[4.50872,51.70656],[4.5039,51.70659],[4.49837,51.70828],[4.49291,51.70894],[4.48955,51.71082],[4.47551,51.71296],[4.46828,51.71496],[4.45799,51.71572],[4.45196,51.71553],[4.45162,51.71785],[4.44979,51.71751],[4.44887,51.71785],[4.44803,51.71771],[4.44826,51.71687],[4.44898,51.71716],[4.45024,51.71703],[4.45131,51.7166],[4.45157,51.71498],[4.44619,51.71548],[4.44489,51.71704],[4.4467,51.71711],[4.44659,51.71763],[4.44399,51.71751],[4.44527,51.71546],[4.44313,51.71549],[4.44209,51.71665],[4.43873,51.7156],[4.43198,51.71744],[4.41813,51.71878],[4.41953,51.72083],[4.41842,51.72097],[4.41691,51.71903],[4.40602,51.7219],[4.4032,51.7193],[4.39823,51.71133],[4.39805,51.71138],[4.3979,51.71141],[4.40331,51.72011],[4.40001,51.7216],[4.40292,51.72138],[4.40423,51.72333],[4.40072,51.72495],[4.38447,51.73059],[4.3836,51.73176],[4.37284,51.73465],[4.3495,51.74333],[4.3172,51.75185],[4.31762,51.75441],[4.31684,51.75214],[4.29307,51.75686],[4.29024,51.75759],[4.29043,51.75773],[4.29591,51.75658],[4.29636,51.75736],[4.29011,51.75856],[4.28222,51.7587],[4.2717,51.76033],[4.25729,51.76423],[4.24895,51.76583],[4.24608,51.76765],[4.24067,51.77095],[4.23604,51.77557],[4.23089,51.77921],[4.23041,51.78042],[4.23224,51.78172],[4.23733,51.77986],[4.25042,51.78408],[4.24663,51.78534],[4.26437,51.8034],[4.2686,51.80484],[4.2716,51.80516],[4.2845,51.80366],[4.29579,51.80211],[4.29904,51.80406],[4.30586,51.8086],[4.31726,51.81129],[4.33079,51.81297],[4.33709,51.81644],[4.33983,51.81683],[4.34711,51.81789],[4.3543,51.81917],[4.36908,51.81698],[4.3792,51.8225],[4.38213,51.82408],[4.39663,51.83103],[4.39914,51.83142],[4.41255,51.82992],[4.4156,51.82967],[4.41901,51.82959],[4.42227,51.83023],[4.42845,51.83421],[4.43248,51.83705],[4.44389,51.83343],[4.45008,51.83217],[4.45856,51.83165],[4.46712,51.83194]]]]}},{"type":"Feature","properties":{"code":"GM1966","name":"Het Hogeland"},"geometry":{"type":"MultiPolygon","coordinates":[[[[6.79836,53.45501],[6.81356,53.46324],[6.8289,53.45965],[6.83019,53.45976],[6.83172,53.46196],[6.83289,53.4625],[6.83492,53.46245],[6.8348,53.46215],[6.83339,53.46217],[6.83218,53.46165],[6.83078,53.45964],[6.83123,53.45908],[6.83353,53.45829],[6.83474,53.45592],[6.83266,53.4563],[6.83253,53.45607],[6.83167,53.45611],[6.83163,53.45648],[6.8227,53.45807],[6.82116,53.45933],[6.81822,53.45979],[6.81717,53.45736],[6.83446,53.45461],[6.83449,53.45411],[6.83206,53.45074],[6.81393,53.45335],[6.81288,53.45081],[6.82941,53.4482],[6.82838,53.44582],[6.8198,53.44714],[6.81927,53.44485],[6.82534,53.4441],[6.83371,53.4429],[6.83707,53.44354],[6.84132,53.4429],[6.84152,53.44319],[6.84205,53.44311],[6.84197,53.4428],[6.84779,53.44194],[6.84803,53.44236],[6.85535,53.44129],[6.85641,53.44371],[6.83837,53.44686],[6.84258,53.45721],[6.84258,53.45835],[6.841,53.46034],[6.84157,53.46038],[6.84316,53.45837],[6.84291,53.45645],[6.85391,53.45352],[6.85528,53.45315],[6.86509,53.44976],[6.86611,53.45049],[6.86596,53.44974],[6.86765,53.44987],[6.86627,53.44917],[6.87757,53.44274],[6.87964,53.44143],[6.88057,53.44212],[6.88142,53.44173],[6.88115,53.44138],[6.88035,53.44102],[6.88151,53.44029],[6.88288,53.44115],[6.88347,53.44082],[6.88241,53.43986],[6.88314,53.43847],[6.88346,53.43554],[6.88104,53.43243],[6.87518,53.42093],[6.87421,53.40803],[6.87184,53.40835],[6.86108,53.41225],[6.84372,53.42242],[6.79246,53.4036],[6.78806,53.40785],[6.78398,53.40747],[6.78401,53.40971],[6.78206,53.41061],[6.77861,53.41079],[6.77013,53.40356],[6.75386,53.39748],[6.75215,53.39675],[6.74826,53.39497],[6.73921,53.38812],[6.72968,53.3811],[6.70968,53.37004],[6.70856,53.36946],[6.70844,53.36911],[6.70207,53.36668],[6.69705,53.36291],[6.6867,53.36641],[6.67908,53.36699],[6.67083,53.36497],[6.66382,53.36694],[6.65148,53.36459],[6.64738,53.36458],[6.64503,53.36644],[6.64218,53.36566],[6.64239,53.3638],[6.637,53.36286],[6.63575,53.36286],[6.63686,53.3605],[6.63596,53.36032],[6.63466,53.36271],[6.6297,53.36242],[6.6277,53.36124],[6.62719,53.36087],[6.62569,53.36097],[6.62755,53.35334],[6.62611,53.35088],[6.61473,53.34922],[6.6068,53.34893],[6.60525,53.35016],[6.60302,53.34989],[6.59583,53.34714],[6.60145,53.34042],[6.6047,53.34081],[6.60537,53.33752],[6.59256,53.33602],[6.59262,53.33572],[6.59394,53.33533],[6.59802,53.3355],[6.60171,53.3294],[6.60527,53.33038],[6.61019,53.33012],[6.61434,53.3252],[6.61301,53.32322],[6.61986,53.31443],[6.63768,53.31464],[6.64266,53.30832],[6.65037,53.30921],[6.65405,53.30865],[6.64929,53.30228],[6.64277,53.29093],[6.63278,53.27621],[6.62587,53.26614],[6.63345,53.25976],[6.63568,53.2541],[6.63605,53.25144],[6.63504,53.25129],[6.6193,53.24945],[6.61835,53.25149],[6.60641,53.25142],[6.60635,53.25374],[6.59074,53.25532],[6.58713,53.25571],[6.58634,53.25588],[6.58736,53.26026],[6.58854,53.26255],[6.58578,53.26249],[6.58575,53.26154],[6.57322,53.2616],[6.57322,53.2615],[6.56723,53.26149],[6.5666,53.26361],[6.55395,53.26213],[6.5524,53.26218],[6.55139,53.26238],[6.54955,53.26441],[6.55034,53.26491],[6.55026,53.26495],[6.54097,53.26362],[6.53793,53.2641],[6.53847,53.26262],[6.53931,53.26036],[6.53658,53.26003],[6.52968,53.25824],[6.52317,53.25724],[6.51809,53.25833],[6.51227,53.25724],[6.51083,53.25679],[6.50824,53.25757],[6.50646,53.26891],[6.50682,53.27075],[6.50183,53.28026],[6.50398,53.28825],[6.50437,53.29535],[6.49974,53.30058],[6.49789,53.30234],[6.4947,53.30525],[6.49262,53.30727],[6.48193,53.31691],[6.48359,53.31993],[6.48214,53.3219],[6.47809,53.32357],[6.47529,53.32392],[6.47406,53.32357],[6.47306,53.32176],[6.47146,53.32097],[6.46825,53.32071],[6.46268,53.32166],[6.46087,53.32292],[6.46258,53.32536],[6.4618,53.32709],[6.45727,53.32879],[6.45301,53.32881],[6.44856,53.3277],[6.44701,53.32665],[6.44716,53.32483],[6.44992,53.32164],[6.44129,53.31681],[6.43894,53.31677],[6.43815,53.3175],[6.43728,53.32173],[6.4311,53.32821],[6.42933,53.32843],[6.42363,53.32707],[6.41556,53.32831],[6.41393,53.32752],[6.40962,53.32178],[6.40575,53.32008],[6.39857,53.31911],[6.38962,53.31992],[6.37762,53.32004],[6.36701,53.32157],[6.36476,53.32067],[6.3604,53.3153],[6.35691,53.31386],[6.35409,53.31438],[6.35015,53.31732],[6.34649,53.31878],[6.34387,53.31908],[6.34042,53.3185],[6.33126,53.31524],[6.32685,53.3153],[6.32088,53.31655],[6.31653,53.3194],[6.31595,53.32507],[6.31359,53.32856],[6.30567,53.33263],[6.29624,53.33631],[6.29549,53.33668],[6.29227,53.33846],[6.29469,53.33816],[6.29631,53.33727],[6.29696,53.33712],[6.29734,53.33739],[6.29568,53.3389],[6.29917,53.33948],[6.29911,53.33985],[6.29485,53.33924],[6.2931,53.33932],[6.29306,53.3395],[6.29741,53.34029],[6.29693,53.34118],[6.29227,53.34021],[6.29236,53.33974],[6.29116,53.34059],[6.28746,53.34191],[6.28301,53.34252],[6.27419,53.34566],[6.26901,53.3466],[6.26559,53.34682],[6.25857,53.34881],[6.24984,53.3493],[6.23983,53.34431],[6.23485,53.34376],[6.23306,53.34416],[6.23209,53.34518],[6.23325,53.34788],[6.23229,53.35215],[6.24622,53.3543],[6.25188,53.35817],[6.25643,53.35724],[6.25741,53.35892],[6.24838,53.36165],[6.2452,53.35967],[6.24097,53.35861],[6.23814,53.35871],[6.23391,53.36023],[6.23449,53.36142],[6.23826,53.36383],[6.24184,53.36496],[6.23969,53.36584],[6.2377,53.36924],[6.23572,53.36833],[6.23237,53.36689],[6.22314,53.36577],[6.21759,53.36413],[6.21344,53.36628],[6.20968,53.36719],[6.20988,53.36901],[6.21344,53.37192],[6.22333,53.37198],[6.23198,53.37255],[6.23371,53.37322],[6.22596,53.37439],[6.2221,53.37395],[6.21888,53.37432],[6.20738,53.37638],[6.2056,53.37581],[6.20091,53.37567],[6.19137,53.37801],[6.18576,53.37801],[6.18445,53.37854],[6.18346,53.38124],[6.18503,53.38282],[6.19207,53.38237],[6.19957,53.38278],[6.20087,53.38327],[6.20169,53.38559],[6.1968,53.39029],[6.19389,53.39088],[6.19228,53.39033],[6.19147,53.3908],[6.1935,53.39198],[6.19154,53.39278],[6.18067,53.39399],[6.17945,53.39455],[6.17969,53.39593],[6.18144,53.39729],[6.1814,53.4],[6.18253,53.40178],[6.18482,53.40328],[6.19849,53.40286],[6.20239,53.3994],[6.21057,53.39575],[6.21669,53.39],[6.22161,53.38817],[6.22402,53.38774],[6.22596,53.38878],[6.23351,53.38896],[6.23643,53.39148],[6.23377,53.3925],[6.23321,53.39372],[6.23276,53.39546],[6.22964,53.3961],[6.22391,53.3965],[6.22235,53.39738],[6.22103,53.39644],[6.219,53.39716],[6.21814,53.39833],[6.21328,53.39987],[6.21371,53.40032],[6.21289,53.40085],[6.21167,53.40096],[6.21152,53.40054],[6.21094,53.40141],[6.21114,53.40173],[6.20995,53.40214],[6.20958,53.40211],[6.20917,53.40175],[6.20937,53.40134],[6.20924,53.40132],[6.20894,53.40184],[6.20961,53.40258],[6.20942,53.40282],[6.21009,53.40384],[6.21066,53.40432],[6.20969,53.40515],[6.20805,53.40484],[6.20812,53.40457],[6.20792,53.40442],[6.20598,53.40426],[6.20462,53.40435],[6.20398,53.40406],[6.20243,53.40451],[6.20238,53.40518],[6.20716,53.40533],[6.20694,53.40658],[6.20193,53.40638],[6.20119,53.40582],[6.20133,53.40576],[6.20082,53.40536],[6.20072,53.4054],[6.20065,53.40531],[6.20077,53.40513],[6.20069,53.40511],[6.1997,53.40552],[6.19962,53.40572],[6.19944,53.40574],[6.19804,53.40631],[6.19794,53.40631],[6.19757,53.40644],[6.19758,53.40649],[6.1969,53.40677],[6.19667,53.40675],[6.19627,53.40696],[6.19626,53.40706],[6.19591,53.40721],[6.19633,53.40786],[6.19575,53.40806],[6.19479,53.40767],[6.19269,53.40851],[6.19232,53.40877],[6.19213,53.40925],[6.19228,53.40968],[6.19197,53.40993],[6.1922,53.4102],[6.19161,53.41045],[6.19139,53.4103],[6.19117,53.41038],[6.19133,53.41056],[6.19101,53.41069],[6.19147,53.41109],[6.19348,53.41034],[6.19519,53.41089],[6.19701,53.41172],[6.19994,53.41164],[6.19917,53.4111],[6.19767,53.41111],[6.19724,53.41071],[6.19676,53.40891],[6.19754,53.40858],[6.19837,53.40914],[6.19901,53.40884],[6.19908,53.40788],[6.20305,53.40795],[6.21227,53.4096],[6.21131,53.41119],[6.20241,53.4094],[6.20015,53.40936],[6.20002,53.40951],[6.20111,53.40955],[6.20179,53.41009],[6.20113,53.41104],[6.20124,53.41113],[6.20242,53.40997],[6.21101,53.41147],[6.21305,53.4116],[6.21367,53.41097],[6.21473,53.40922],[6.24431,53.41511],[6.24934,53.41551],[6.25506,53.41516],[6.26066,53.41392],[6.29826,53.39999],[6.30236,53.39635],[6.30604,53.39273],[6.3092,53.39299],[6.31078,53.39418],[6.32145,53.3985],[6.33482,53.4026],[6.33839,53.40522],[6.34049,53.40802],[6.34884,53.41008],[6.35108,53.41177],[6.35487,53.41154],[6.35792,53.41224],[6.36773,53.41576],[6.39641,53.41993],[6.40452,53.41985],[6.41068,53.42076],[6.41537,53.42234],[6.41948,53.42146],[6.42346,53.42216],[6.46788,53.42499],[6.48537,53.42798],[6.4915,53.42852],[6.50189,53.4284],[6.52145,53.43003],[6.52199,53.42957],[6.53766,53.43062],[6.53706,53.42797],[6.54687,53.42891],[6.56635,53.43215],[6.56757,53.43173],[6.56811,53.43255],[6.57948,53.43374],[6.58234,53.43488],[6.5994,53.43827],[6.61053,53.44171],[6.61551,53.44509],[6.62305,53.44709],[6.63381,53.45121],[6.63764,53.45179],[6.63991,53.45283],[6.64677,53.45392],[6.65431,53.45597],[6.66725,53.45817],[6.6703,53.45781],[6.67435,53.45833],[6.6958,53.462],[6.73346,53.46522],[6.74599,53.46601],[6.75657,53.46523],[6.77876,53.46075],[6.79312,53.45572],[6.79463,53.45727],[6.79836,53.45501]]],[[[6.21079,53.36497],[6.21261,53.36421],[6.21214,53.36287],[6.20963,53.3637],[6.21079,53.36497]]],[[[6.1819,53.37064],[6.18263,53.37329],[6.18407,53.37385],[6.18775,53.37266],[6.19029,53.36933],[6.19107,53.37023],[6.1907,53.37344],[6.19214,53.37486],[6.1944,53.3749],[6.19751,53.37322],[6.2053,53.37227],[6.20714,53.37075],[6.20761,53.3635],[6.19663,53.36401],[6.1819,53.37064]]],[[[6.2071,53.37259],[6.20848,53.37287],[6.20964,53.37236],[6.20976,53.37036],[6.20804,53.37055],[6.2067,53.37206],[6.2071,53.37259]]],[[[6.18901,53.38591],[6.18452,53.38386],[6.18393,53.38691],[6.18658,53.3876],[6.18901,53.38591]]],[[[6.21972,53.39163],[6.22352,53.39278],[6.22803,53.39344],[6.22941,53.39307],[6.23123,53.39167],[6.22708,53.39013],[6.22285,53.38986],[6.21907,53.39089],[6.21972,53.39163]]],[[[6.41436,53.52409],[6.4162,53.52546],[6.42287,53.52537],[6.42371,53.52478],[6.42112,53.52421],[6.42232,53.52306],[6.42342,53.52303],[6.42454,53.52201],[6.42551,53.51891],[6.42337,53.51531],[6.42141,53.5137],[6.41626,53.51651],[6.41436,53.52409]]],[[[6.59829,53.51984],[6.5957,53.51958],[6.59257,53.52007],[6.58589,53.52346],[6.587,53.52542],[6.58874,53.52611],[6.59453,53.52521],[6.59769,53.52309],[6.59465,53.52231],[6.59571,53.52048],[6.59914,53.52053],[6.59829,53.51984]]],[[[6.51841,53.53697],[6.52938,53.53492],[6.53183,53.53385],[6.53227,53.53297],[6.52949,53.53283],[6.51628,53.53436],[6.50585,53.53758],[6.49845,53.54191],[6.49634,53.54516],[6.49693,53.54677],[6.48989,53.55],[6.4869,53.55061],[6.4833,53.54821],[6.48244,53.54618],[6.48678,53.54425],[6.48981,53.54457],[6.50482,53.5369],[6.50948,53.53515],[6.50949,53.53396],[6.50719,53.53266],[6.5029,53.53526],[6.49561,53.53294],[6.48808,53.53288],[6.481,53.53434],[6.48073,53.53538],[6.47323,53.53577],[6.4731,53.53443],[6.47503,53.53121],[6.4777,53.52968],[6.48612,53.5271],[6.48847,53.52336],[6.48842,53.52206],[6.48534,53.51795],[6.48052,53.51429],[6.47886,53.51401],[6.47661,53.51698],[6.47518,53.52141],[6.47006,53.53086],[6.46105,53.53907],[6.46062,53.54064],[6.46198,53.54303],[6.46898,53.54792],[6.48104,53.55221],[6.4874,53.55358],[6.49522,53.55405],[6.50016,53.55363],[6.50495,53.55128],[6.50981,53.54624],[6.51301,53.54046],[6.51202,53.53939],[6.51841,53.53697]]],[[[6.61341,53.53841],[6.62051,53.53535],[6.6193,53.53472],[6.61327,53.53725],[6.60809,53.53798],[6.60554,53.53756],[6.60155,53.537],[6.59875,53.53631],[6.58066,53.53671],[6.57421,53.53897],[6.56995,53.54203],[6.5723,53.54274],[6.5766,53.54206],[6.5806,53.54155],[6.59165,53.54179],[6.60725,53.53997],[6.61341,53.53841]]]]}},{"type":"Feature","properties":{"code":"GM1969","name":"Westerkwartier"},"geometry":{"type":"MultiPolygon","coordinates":[[[[6.29052,53.33942],[6.29284,53.33493],[6.29358,53.33512],[6.29218,53.33773],[6.29224,53.33847],[6.29227,53.33846],[6.29549,53.33668],[6.29624,53.33631],[6.30567,53.33263],[6.31359,53.32856],[6.31595,53.32507],[6.31653,53.3194],[6.32088,53.31655],[6.32685,53.3153],[6.33126,53.31524],[6.34042,53.3185],[6.34387,53.31908],[6.34649,53.31878],[6.35015,53.31732],[6.35409,53.31438],[6.35691,53.31386],[6.3604,53.3153],[6.36476,53.32067],[6.36701,53.32157],[6.37762,53.32004],[6.38962,53.31992],[6.39857,53.31911],[6.40575,53.32008],[6.40962,53.32178],[6.41393,53.32752],[6.41556,53.32831],[6.42363,53.32707],[6.42933,53.32843],[6.4311,53.32821],[6.43728,53.32173],[6.43815,53.3175],[6.43894,53.31677],[6.44129,53.31681],[6.44992,53.32164],[6.44716,53.32483],[6.44701,53.32665],[6.44856,53.3277],[6.45301,53.32881],[6.45727,53.32879],[6.4618,53.32709],[6.46258,53.32536],[6.46087,53.32292],[6.46268,53.32166],[6.46825,53.32071],[6.47146,53.32097],[6.47306,53.32176],[6.47406,53.32357],[6.47529,53.32392],[6.47809,53.32357],[6.48214,53.3219],[6.48359,53.31993],[6.48193,53.31691],[6.49262,53.30727],[6.4947,53.30525],[6.49789,53.30234],[6.49974,53.30058],[6.50437,53.29535],[6.50398,53.28825],[6.50183,53.28026],[6.50682,53.27075],[6.50646,53.26891],[6.50824,53.25757],[6.50825,53.25727],[6.508,53.25622],[6.51144,53.25411],[6.50494,53.24891],[6.50215,53.24771],[6.49924,53.24838],[6.49704,53.24677],[6.49585,53.24582],[6.49199,53.24556],[6.49244,53.24668],[6.49043,53.24732],[6.48873,53.24723],[6.4886,53.24902],[6.48092,53.25019],[6.48048,53.24551],[6.47666,53.2365],[6.46977,53.22047],[6.46447,53.20761],[6.46468,53.20746],[6.467,53.20617],[6.46638,53.20419],[6.46275,53.20198],[6.46346,53.20006],[6.44995,53.1967],[6.44771,53.19644],[6.44566,53.19102],[6.44287,53.18774],[6.43802,53.18565],[6.42449,53.18168],[6.40797,53.17815],[6.40559,53.17648],[6.40547,53.17628],[6.40412,53.17296],[6.40414,53.16857],[6.40269,53.16701],[6.3986,53.16486],[6.39762,53.16451],[6.39509,53.16353],[6.39113,53.15942],[6.38873,53.15802],[6.38147,53.15344],[6.38156,53.15319],[6.38155,53.14959],[6.38261,53.14957],[6.38147,53.14774],[6.36605,53.12256],[6.36563,53.12129],[6.36536,53.11953],[6.36356,53.10756],[6.35662,53.10709],[6.34444,53.08715],[6.341,53.08795],[6.3378,53.08869],[6.31516,53.09405],[6.29643,53.09844],[6.29317,53.09921],[6.29057,53.09983],[6.28305,53.10686],[6.27414,53.11116],[6.26168,53.11429],[6.2556,53.1142],[6.25438,53.11413],[6.25126,53.11394],[6.23936,53.11339],[6.22596,53.1143],[6.22261,53.11491],[6.21286,53.11523],[6.20627,53.11545],[6.20621,53.11545],[6.20561,53.11547],[6.20238,53.11722],[6.19294,53.12336],[6.18572,53.12921],[6.17907,53.13399],[6.17568,53.13508],[6.17523,53.1359],[6.17562,53.1442],[6.17631,53.15283],[6.17675,53.1595],[6.17734,53.16698],[6.18122,53.17035],[6.18302,53.17398],[6.18579,53.17883],[6.18803,53.18249],[6.1931,53.18928],[6.19528,53.1915],[6.19704,53.19202],[6.19983,53.19532],[6.19962,53.19836],[6.20411,53.19976],[6.20958,53.19996],[6.21924,53.20613],[6.22484,53.212],[6.22475,53.21458],[6.22893,53.21681],[6.22999,53.21782],[6.23017,53.22244],[6.22534,53.22546],[6.22463,53.23007],[6.22168,53.23167],[6.21458,53.23371],[6.21481,53.23565],[6.21554,53.23699],[6.22024,53.23735],[6.22497,53.23859],[6.22462,53.2397],[6.22282,53.2395],[6.21845,53.24169],[6.21798,53.24193],[6.21945,53.24287],[6.22511,53.24459],[6.22774,53.24524],[6.22971,53.24475],[6.23109,53.24511],[6.23208,53.24713],[6.2296,53.24891],[6.23032,53.25043],[6.23367,53.2504],[6.2351,53.25336],[6.23263,53.25456],[6.23175,53.25595],[6.23217,53.25675],[6.23494,53.2567],[6.23758,53.25755],[6.23876,53.25968],[6.23797,53.26158],[6.23942,53.26314],[6.24162,53.26395],[6.24348,53.26546],[6.24363,53.26646],[6.24686,53.2683],[6.24998,53.26722],[6.25347,53.26772],[6.25494,53.26852],[6.25576,53.27084],[6.25297,53.27347],[6.25141,53.27726],[6.25294,53.28446],[6.25427,53.28864],[6.2599,53.29108],[6.26746,53.29086],[6.26927,53.29028],[6.27076,53.29206],[6.27029,53.29316],[6.27438,53.29649],[6.27449,53.29915],[6.27831,53.30273],[6.27948,53.30332],[6.29025,53.30538],[6.29402,53.30837],[6.29358,53.30862],[6.29278,53.30989],[6.28676,53.31201],[6.28403,53.31179],[6.2805,53.31258],[6.2869,53.34103],[6.28847,53.34056],[6.29052,53.33942]]]]}},{"type":"Feature","properties":{"code":"GM1970","name":"Noardeast-Frysl\u00e2n"},"geometry":{"type":"MultiPolygon","coordinates":[[[[6.19147,53.41109],[6.19101,53.41069],[6.18975,53.411],[6.18773,53.41058],[6.18674,53.41198],[6.18296,53.41341],[6.17839,53.41377],[6.15895,53.40824],[6.15931,53.40771],[6.16332,53.40864],[6.16337,53.40852],[6.16166,53.40814],[6.16029,53.40642],[6.16106,53.40622],[6.16059,53.40545],[6.15974,53.40528],[6.15645,53.40052],[6.15494,53.39231],[6.15776,53.38611],[6.16048,53.38449],[6.16111,53.38345],[6.16084,53.38263],[6.16037,53.38263],[6.16048,53.38319],[6.15721,53.38428],[6.1556,53.38255],[6.15753,53.3825],[6.15928,53.38161],[6.16021,53.38212],[6.1605,53.38208],[6.15994,53.38149],[6.16404,53.37818],[6.16326,53.37786],[6.15979,53.37827],[6.15823,53.37888],[6.15726,53.37975],[6.15694,53.37954],[6.15517,53.37957],[6.1544,53.3793],[6.15652,53.37932],[6.1582,53.37855],[6.15782,53.37816],[6.15665,53.37785],[6.15484,53.37799],[6.15435,53.3777],[6.15395,53.3774],[6.15549,53.37752],[6.15724,53.3771],[6.15849,53.37666],[6.15782,53.37755],[6.15923,53.37795],[6.15944,53.37776],[6.16026,53.37802],[6.16323,53.37778],[6.16322,53.37748],[6.16416,53.37767],[6.16379,53.37692],[6.16467,53.37567],[6.16387,53.37546],[6.16323,53.37198],[6.16192,53.36881],[6.16325,53.36747],[6.16314,53.36547],[6.16224,53.36509],[6.1648,53.36024],[6.16423,53.35942],[6.16539,53.35918],[6.16774,53.35869],[6.16627,53.3544],[6.16778,53.3496],[6.16604,53.34629],[6.16525,53.34595],[6.16547,53.34584],[6.16676,53.34614],[6.16763,53.34874],[6.16952,53.34684],[6.17077,53.34434],[6.17825,53.34029],[6.17872,53.33913],[6.17833,53.33791],[6.17408,53.33408],[6.1765,53.32546],[6.17897,53.32241],[6.1782,53.32054],[6.17464,53.31936],[6.17081,53.31975],[6.16896,53.31893],[6.1595,53.31887],[6.15943,53.3184],[6.1615,53.31798],[6.15923,53.31688],[6.16017,53.31694],[6.16486,53.31804],[6.16441,53.31726],[6.17192,53.31766],[6.17174,53.3185],[6.17642,53.31888],[6.18095,53.32068],[6.18072,53.32248],[6.17782,53.32527],[6.17526,53.33257],[6.17602,53.33465],[6.1811,53.3385],[6.18258,53.33874],[6.18493,53.33673],[6.19245,53.33326],[6.19539,53.33265],[6.19912,53.33313],[6.20075,53.33393],[6.19579,53.33292],[6.19191,53.3339],[6.191,53.33521],[6.19263,53.33611],[6.18863,53.33797],[6.1881,53.33927],[6.17501,53.34981],[6.17432,53.35085],[6.17543,53.35493],[6.18079,53.3573],[6.19679,53.35269],[6.19779,53.3493],[6.19616,53.34516],[6.19655,53.34116],[6.19802,53.34019],[6.19731,53.34413],[6.19887,53.34439],[6.20016,53.34295],[6.20112,53.34346],[6.20102,53.34604],[6.20025,53.34677],[6.20145,53.34759],[6.20409,53.35344],[6.20669,53.35473],[6.20792,53.35401],[6.21759,53.35372],[6.21889,53.35036],[6.21756,53.34834],[6.2181,53.346],[6.22142,53.34225],[6.22441,53.34049],[6.22833,53.33916],[6.22979,53.33673],[6.23314,53.3368],[6.23789,53.33508],[6.2382,53.33579],[6.23602,53.3366],[6.23093,53.34059],[6.22821,53.34171],[6.22295,53.34594],[6.22069,53.34859],[6.22273,53.35152],[6.2243,53.35085],[6.2282,53.34451],[6.23065,53.34287],[6.23596,53.34143],[6.24282,53.34321],[6.2497,53.34743],[6.25364,53.34798],[6.26444,53.34576],[6.27303,53.34498],[6.27861,53.34253],[6.2869,53.34103],[6.2805,53.31258],[6.28403,53.31179],[6.28676,53.31201],[6.29278,53.30989],[6.29358,53.30862],[6.29402,53.30837],[6.29025,53.30538],[6.27948,53.30332],[6.27831,53.30273],[6.27449,53.29915],[6.27438,53.29649],[6.27029,53.29316],[6.27076,53.29206],[6.26927,53.29028],[6.26746,53.29086],[6.2599,53.29108],[6.25427,53.28864],[6.25294,53.28446],[6.25141,53.27726],[6.25297,53.27347],[6.25576,53.27084],[6.25494,53.26852],[6.25347,53.26772],[6.24998,53.26722],[6.24686,53.2683],[6.24363,53.26646],[6.24348,53.26546],[6.24162,53.26395],[6.23942,53.26314],[6.23797,53.26158],[6.23876,53.25968],[6.23758,53.25755],[6.23494,53.2567],[6.23217,53.25675],[6.22397,53.25724],[6.22027,53.25946],[6.21895,53.25987],[6.21709,53.26527],[6.19877,53.26884],[6.19515,53.26961],[6.18922,53.26989],[6.1856,53.26782],[6.18567,53.26727],[6.19038,53.26338],[6.18241,53.261],[6.18109,53.25979],[6.17786,53.26007],[6.16738,53.26365],[6.16413,53.26396],[6.16052,53.26198],[6.15866,53.26364],[6.15485,53.26177],[6.14836,53.26],[6.14498,53.26016],[6.14106,53.26438],[6.12733,53.26169],[6.11321,53.25978],[6.10596,53.25761],[6.09655,53.2546],[6.07477,53.24858],[6.05392,53.24522],[6.05011,53.24446],[6.04397,53.2435],[6.04453,53.24592],[6.04493,53.24591],[6.04605,53.2507],[6.04671,53.25066],[6.047,53.2517],[6.04884,53.25971],[6.04944,53.26264],[6.04988,53.26486],[6.05011,53.26614],[6.05186,53.26629],[6.05437,53.29076],[6.06568,53.29248],[6.07297,53.29239],[6.0737,53.2924],[6.06979,53.29692],[6.07154,53.2966],[6.07099,53.30096],[6.07184,53.30103],[6.07296,53.31643],[6.07514,53.32174],[6.07775,53.32209],[6.07566,53.32429],[6.07365,53.32485],[6.07122,53.32471],[6.06677,53.32364],[6.03842,53.32518],[6.03633,53.32434],[6.0323,53.3255],[6.02453,53.32461],[6.02244,53.32403],[6.02124,53.3169],[6.02112,53.309],[6.02015,53.30822],[6.0161,53.30812],[6.01162,53.30844],[6.00925,53.30963],[5.99906,53.31049],[5.99429,53.31013],[5.98962,53.31004],[5.98011,53.30749],[5.97585,53.30693],[5.97081,53.31332],[5.97384,53.3151],[5.97445,53.3173],[5.97218,53.32105],[5.97217,53.32109],[5.96878,53.32251],[5.96386,53.32285],[5.9592,53.3215],[5.95569,53.32141],[5.9489,53.31778],[5.93842,53.31567],[5.93508,53.31566],[5.93502,53.31567],[5.92436,53.31308],[5.92225,53.31261],[5.92089,53.3111],[5.89905,53.30249],[5.8969,53.30153],[5.90354,53.29418],[5.90665,53.28784],[5.89769,53.28463],[5.89779,53.28366],[5.8917,53.28004],[5.88225,53.27678],[5.87694,53.28012],[5.87751,53.28044],[5.87461,53.2826],[5.86415,53.28688],[5.86135,53.28805],[5.86184,53.28822],[5.86118,53.28866],[5.86077,53.28849],[5.84766,53.28516],[5.84752,53.28409],[5.84012,53.27646],[5.83899,53.2757],[5.83865,53.27495],[5.83151,53.27543],[5.81691,53.27639],[5.81531,53.27747],[5.81389,53.27765],[5.81204,53.27674],[5.81127,53.27699],[5.81054,53.27742],[5.81323,53.27924],[5.81052,53.27985],[5.81105,53.28081],[5.79857,53.28295],[5.79775,53.2838],[5.79459,53.28405],[5.77199,53.29155],[5.76903,53.29255],[5.76835,53.29322],[5.7672,53.29344],[5.76641,53.29343],[5.76328,53.29449],[5.75966,53.2941],[5.74936,53.29394],[5.73685,53.29459],[5.73538,53.29472],[5.73939,53.30399],[5.74477,53.30879],[5.74717,53.30992],[5.7493,53.31356],[5.72968,53.31745],[5.72142,53.31603],[5.72239,53.32231],[5.71737,53.33892],[5.71739,53.34021],[5.75631,53.35288],[5.7635,53.35057],[5.76593,53.35154],[5.76786,53.35406],[5.77401,53.35605],[5.77912,53.3556],[5.78305,53.35648],[5.78324,53.35734],[5.78845,53.35979],[5.79091,53.3594],[5.79316,53.36013],[5.79405,53.36075],[5.79167,53.36241],[5.81388,53.36743],[5.82318,53.37195],[5.82473,53.37249],[5.82635,53.37086],[5.8327,53.37281],[5.83134,53.37459],[5.84502,53.37902],[5.85951,53.38368],[5.86363,53.38331],[5.87848,53.38658],[5.88539,53.38873],[5.8784,53.39557],[5.88152,53.39514],[5.8842,53.39279],[5.88533,53.39284],[5.88787,53.39087],[5.90734,53.38843],[5.91676,53.38843],[5.92016,53.38907],[5.92046,53.3887],[5.93313,53.38831],[5.94716,53.39084],[5.95872,53.39359],[5.96986,53.39502],[5.97171,53.39801],[5.97457,53.39623],[5.97448,53.39585],[5.97756,53.39612],[6.0063,53.40098],[6.01565,53.40293],[6.01889,53.40308],[6.02067,53.40262],[6.02283,53.40315],[6.0337,53.40333],[6.06076,53.40643],[6.06915,53.40731],[6.0772,53.40553],[6.08179,53.4064],[6.08579,53.40465],[6.0839,53.40308],[6.08612,53.40473],[6.09219,53.40959],[6.09482,53.40807],[6.11349,53.40633],[6.11811,53.4048],[6.12404,53.40545],[6.13281,53.40466],[6.13739,53.40358],[6.13907,53.40352],[6.17687,53.41466],[6.18348,53.41429],[6.18941,53.41244],[6.19147,53.41109]]],[[[6.17679,53.34418],[6.17824,53.34264],[6.17754,53.34199],[6.1762,53.34233],[6.17491,53.34335],[6.17441,53.34393],[6.17453,53.34514],[6.17582,53.34599],[6.17672,53.34544],[6.17675,53.34446],[6.17556,53.34407],[6.17568,53.34384],[6.17679,53.34418]]],[[[6.16511,53.35955],[6.16625,53.36245],[6.16527,53.36476],[6.16612,53.36457],[6.16875,53.36076],[6.16851,53.35946],[6.16896,53.35902],[6.16511,53.35955]]],[[[6.18205,53.41214],[6.18079,53.41324],[6.18355,53.41269],[6.18503,53.41141],[6.18205,53.41214]]]]}},{"type":"Feature","properties":{"code":"GM1978","name":"Molenlanden"},"geometry":{"type":"MultiPolygon","coordinates":[[[[4.93213,51.94755],[4.93923,51.92894],[4.94229,51.93017],[4.94594,51.93329],[4.94764,51.93371],[4.9496,51.93157],[4.95616,51.91559],[4.96412,51.91375],[4.96478,51.91352],[4.96329,51.91279],[4.96416,51.91227],[4.96413,51.91064],[4.96779,51.91009],[4.97374,51.90767],[4.97341,51.89725],[4.97435,51.89709],[4.97884,51.89831],[4.99145,51.90167],[4.99434,51.90235],[4.99438,51.90224],[4.99497,51.90229],[4.9963,51.89669],[4.99667,51.89011],[4.99945,51.88428],[4.99495,51.87696],[4.99624,51.87312],[5.00127,51.87499],[5.00124,51.87473],[5.02375,51.88106],[5.02696,51.88192],[5.02725,51.88153],[5.02571,51.88116],[5.02323,51.87574],[5.02317,51.87203],[5.02182,51.86912],[5.02739,51.86374],[5.02691,51.85861],[5.01563,51.85918],[5.00952,51.85805],[5.00525,51.85793],[5.00125,51.85906],[4.99596,51.86185],[4.99397,51.86122],[4.9983,51.85486],[4.99868,51.85228],[4.99634,51.84923],[4.98126,51.85187],[4.98332,51.85711],[4.96498,51.86159],[4.95931,51.86288],[4.95697,51.85957],[4.93889,51.86352],[4.9384,51.86363],[4.94035,51.85843],[4.94271,51.84478],[4.93694,51.84438],[4.93662,51.84293],[4.93089,51.84027],[4.92544,51.84024],[4.92182,51.84079],[4.92486,51.83972],[4.90986,51.83885],[4.90215,51.83765],[4.88277,51.83309],[4.87509,51.83232],[4.86793,51.83199],[4.86759,51.83398],[4.86645,51.83484],[4.86301,51.83294],[4.86034,51.83301],[4.85437,51.83213],[4.85111,51.83313],[4.84795,51.83262],[4.84767,51.83298],[4.84754,51.83346],[4.8473,51.83394],[4.84703,51.83453],[4.84533,51.83858],[4.83808,51.86073],[4.81378,51.85034],[4.81046,51.84969],[4.8107,51.84925],[4.80338,51.84635],[4.80274,51.84632],[4.79542,51.84498],[4.78815,51.84494],[4.78038,51.84664],[4.77455,51.84554],[4.77314,51.84471],[4.76698,51.84389],[4.76523,51.84426],[4.76135,51.84374],[4.75868,51.84441],[4.75618,51.84496],[4.75379,51.84451],[4.74276,51.841],[4.74339,51.84272],[4.74034,51.84326],[4.73865,51.84357],[4.73714,51.84645],[4.71413,51.84122],[4.7067,51.84107],[4.70543,51.84126],[4.69919,51.8431],[4.69001,51.84563],[4.68332,51.84844],[4.68319,51.84849],[4.68311,51.84892],[4.68151,51.85774],[4.68126,51.85891],[4.68126,51.85892],[4.68071,51.85964],[4.6824,51.8606],[4.68599,51.86593],[4.68767,51.86676],[4.69044,51.86685],[4.69082,51.86731],[4.70024,51.87971],[4.69727,51.87986],[4.68783,51.87872],[4.67788,51.8753],[4.67291,51.87479],[4.66856,51.87507],[4.66444,51.87495],[4.64214,51.8802],[4.63708,51.87629],[4.6294,51.88084],[4.62878,51.88121],[4.62824,51.8808],[4.62639,51.88066],[4.62423,51.88381],[4.6203,51.88763],[4.61925,51.88844],[4.61957,51.88952],[4.62107,51.8894],[4.62542,51.88938],[4.63322,51.89048],[4.6393,51.89073],[4.65465,51.88968],[4.66817,51.88959],[4.67337,51.89023],[4.67599,51.89114],[4.68068,51.893],[4.69096,51.89484],[4.7056,51.89722],[4.71581,51.89595],[4.72397,51.89809],[4.74387,51.90525],[4.76176,51.91422],[4.76719,51.9159],[4.77761,51.91706],[4.7907,51.91966],[4.80123,51.92163],[4.81128,51.92455],[4.81419,51.92623],[4.8323,51.93864],[4.8372,51.94042],[4.8467,51.94138],[4.8592,51.94083],[4.86328,51.94003],[4.87228,51.93835],[4.87779,51.93803],[4.91401,51.94244],[4.91919,51.94473],[4.9263,51.95093],[4.92948,51.95019],[4.93213,51.94755]]]]}},{"type":"Feature","properties":{"code":"GM1979","name":"Eemsdelta"},"geometry":{"type":"MultiPolygon","coordinates":[[[[6.87896,53.40515],[6.88806,53.39596],[6.88542,53.39352],[6.88526,53.39245],[6.88917,53.39127],[6.89058,53.38887],[6.88866,53.3837],[6.889,53.38028],[6.8932,53.37131],[6.89568,53.36961],[6.89451,53.36514],[6.89502,53.36329],[6.89645,53.36189],[6.89618,53.35904],[6.89713,53.35558],[6.90209,53.34751],[6.90853,53.34725],[6.91304,53.3446],[6.91888,53.34218],[6.92994,53.33548],[6.93048,53.33486],[6.93218,53.33458],[6.93632,53.33403],[6.94432,53.32969],[6.94356,53.32728],[6.95322,53.32447],[6.97027,53.32178],[6.98699,53.31755],[6.99646,53.31672],[7.00497,53.31712],[7.00507,53.31685],[7.0048,53.31676],[7.0036,53.31612],[6.99291,53.31576],[6.98763,53.3164],[6.97037,53.3208],[6.95216,53.3233],[6.94609,53.32486],[6.94052,53.32831],[6.93968,53.32817],[6.93431,53.33308],[6.93116,53.33212],[6.92913,53.32899],[6.92869,53.32909],[6.92812,53.32769],[6.93047,53.32716],[6.9318,53.32623],[6.93593,53.32633],[6.94987,53.32207],[6.95812,53.32061],[6.96291,53.31886],[6.96831,53.31901],[6.97505,53.31696],[6.97935,53.31633],[6.99628,53.31167],[7.00059,53.30943],[7.01073,53.31381],[7.00922,53.31543],[7.01023,53.31579],[7.01291,53.31125],[7.00978,53.30653],[7.01029,53.30612],[7.02699,53.30246],[7.03099,53.30259],[7.03794,53.30469],[7.03918,53.3024],[7.04478,53.30135],[7.0475,53.29957],[7.06819,53.29976],[7.06992,53.30019],[7.07672,53.30028],[7.08072,53.3037],[7.08625,53.30416],[7.09099,53.30513],[7.09223,53.30562],[7.09538,53.30805],[7.09838,53.30873],[7.09996,53.3079],[7.09917,53.30648],[7.09837,53.30505],[7.09563,53.30474],[7.09035,53.30053],[7.0855,53.29775],[7.0849,53.29802],[7.08417,53.29756],[7.0825,53.29124],[7.08524,53.28251],[7.0809,53.2774],[7.07824,53.27077],[7.07833,53.26658],[7.08462,53.26157],[7.09325,53.25715],[7.08394,53.25435],[7.07663,53.2497],[7.07943,53.24818],[7.0675,53.24239],[7.05944,53.24823],[7.05742,53.24734],[7.04031,53.25984],[7.03872,53.25863],[7.03721,53.25968],[7.03459,53.25842],[7.0316,53.25613],[7.02315,53.25409],[7.02185,53.25324],[7.01329,53.2607],[7.0126,53.26064],[7.01323,53.26684],[6.99701,53.26713],[6.95223,53.2565],[6.94614,53.24898],[6.94499,53.24362],[6.94251,53.24204],[6.9376,53.24425],[6.92859,53.23708],[6.92172,53.23918],[6.91615,53.24362],[6.91395,53.24284],[6.91134,53.24302],[6.90926,53.24352],[6.91134,53.25199],[6.91215,53.26349],[6.90934,53.26356],[6.9102,53.26845],[6.90814,53.27002],[6.90908,53.279],[6.90826,53.2787],[6.9079,53.2793],[6.89909,53.27947],[6.88733,53.27918],[6.88747,53.28169],[6.8956,53.28592],[6.89311,53.28779],[6.89127,53.28692],[6.88924,53.28982],[6.89077,53.29054],[6.88973,53.29274],[6.88738,53.29788],[6.88663,53.29828],[6.87961,53.29785],[6.87757,53.29649],[6.87457,53.29561],[6.87322,53.29649],[6.86072,53.29499],[6.86025,53.29633],[6.8515,53.29679],[6.85095,53.29665],[6.84581,53.29013],[6.83828,53.29035],[6.82807,53.29109],[6.82516,53.29762],[6.81665,53.29518],[6.81455,53.29736],[6.81436,53.29758],[6.81434,53.29759],[6.77253,53.28309],[6.76914,53.28663],[6.77231,53.28779],[6.76979,53.29068],[6.77223,53.29192],[6.76462,53.29814],[6.76068,53.29524],[6.75554,53.29963],[6.75308,53.29885],[6.74805,53.30297],[6.74479,53.30775],[6.74935,53.30984],[6.74795,53.31178],[6.74731,53.31193],[6.74705,53.31149],[6.74422,53.31192],[6.74368,53.3111],[6.7429,53.31136],[6.74268,53.31102],[6.74157,53.3116],[6.74047,53.31218],[6.73761,53.3128],[6.7329,53.31141],[6.72945,53.30535],[6.72435,53.30554],[6.72161,53.30643],[6.71272,53.30933],[6.709,53.31012],[6.70662,53.30704],[6.70532,53.30753],[6.68974,53.29754],[6.67717,53.30374],[6.66077,53.30669],[6.65705,53.30775],[6.65665,53.30793],[6.65675,53.30806],[6.65594,53.30833],[6.65577,53.30812],[6.65478,53.30842],[6.65405,53.30865],[6.65037,53.30921],[6.64266,53.30832],[6.63768,53.31464],[6.61986,53.31443],[6.61301,53.32322],[6.61434,53.3252],[6.61019,53.33012],[6.60527,53.33038],[6.60171,53.3294],[6.59802,53.3355],[6.59394,53.33533],[6.59262,53.33572],[6.59256,53.33602],[6.60537,53.33752],[6.6047,53.34081],[6.60145,53.34042],[6.59583,53.34714],[6.60302,53.34989],[6.60525,53.35016],[6.6068,53.34893],[6.61473,53.34922],[6.62611,53.35088],[6.62755,53.35334],[6.62569,53.36097],[6.62719,53.36087],[6.6277,53.36124],[6.6297,53.36242],[6.63466,53.36271],[6.63596,53.36032],[6.63686,53.3605],[6.63575,53.36286],[6.637,53.36286],[6.64239,53.3638],[6.64218,53.36566],[6.64503,53.36644],[6.64738,53.36458],[6.65148,53.36459],[6.66382,53.36694],[6.67083,53.36497],[6.67908,53.36699],[6.6867,53.36641],[6.69705,53.36291],[6.70207,53.36668],[6.70844,53.36911],[6.70856,53.36946],[6.70968,53.37004],[6.72968,53.3811],[6.73921,53.38812],[6.74826,53.39497],[6.75215,53.39675],[6.75386,53.39748],[6.77013,53.40356],[6.77861,53.41079],[6.78206,53.41061],[6.78401,53.40971],[6.78398,53.40747],[6.78806,53.40785],[6.79246,53.4036],[6.84372,53.42242],[6.86108,53.41225],[6.87184,53.40835],[6.87421,53.40803],[6.87896,53.40515]]]]}},{"type":"Feature","properties":{"code":"GM1980","name":"Dijk en Waard"},"geometry":{"type":"MultiPolygon","coordinates":[[[[4.79273,52.72049],[4.79399,52.71999],[4.79404,52.72071],[4.79544,52.72044],[4.79555,52.72055],[4.7959,52.72056],[4.7974,52.7209],[4.7976,52.72085],[4.79754,52.71964],[4.79947,52.71829],[4.80196,52.716],[4.80318,52.71541],[4.80454,52.71568],[4.80501,52.71507],[4.80392,52.71478],[4.80502,52.71421],[4.80917,52.71512],[4.81316,52.71494],[4.81663,52.71528],[4.82403,52.71653],[4.82624,52.71744],[4.82887,52.7181],[4.84115,52.7193],[4.84375,52.71965],[4.84768,52.72026],[4.85215,52.72245],[4.85547,52.72307],[4.85809,52.72335],[4.86121,52.72073],[4.87201,52.71629],[4.8777,52.71199],[4.89867,52.70683],[4.89907,52.70665],[4.89939,52.70328],[4.89985,52.70014],[4.89988,52.69949],[4.89986,52.69759],[4.89142,52.69518],[4.8887,52.69046],[4.88198,52.6881],[4.87938,52.68802],[4.87629,52.68634],[4.87939,52.68008],[4.87571,52.67773],[4.87409,52.67546],[4.87078,52.66784],[4.8682,52.66416],[4.8662,52.65976],[4.86318,52.65647],[4.8627,52.653],[4.86507,52.64944],[4.87523,52.64243],[4.87672,52.64053],[4.87653,52.63631],[4.87583,52.63521],[4.87328,52.63473],[4.8734,52.63445],[4.8734,52.63444],[4.86388,52.63536],[4.86297,52.63745],[4.86055,52.63914],[4.8516,52.64056],[4.84742,52.64206],[4.84273,52.64594],[4.83855,52.64614],[4.83553,52.64244],[4.83518,52.6409],[4.83451,52.63915],[4.83454,52.63799],[4.83441,52.63743],[4.83022,52.63268],[4.82421,52.63382],[4.81448,52.63387],[4.80781,52.63398],[4.7947,52.63788],[4.79164,52.63823],[4.7884,52.63889],[4.78528,52.63812],[4.78669,52.64059],[4.79298,52.64842],[4.79864,52.65356],[4.80041,52.65724],[4.80056,52.65787],[4.80056,52.65787],[4.80054,52.66003],[4.80051,52.66024],[4.79362,52.65714],[4.79202,52.65644],[4.79194,52.65629],[4.77367,52.64836],[4.77561,52.65265],[4.773,52.65341],[4.77403,52.65522],[4.77403,52.65522],[4.77804,52.66432],[4.77449,52.66534],[4.77597,52.66785],[4.77858,52.67231],[4.77901,52.67405],[4.77902,52.67648],[4.77251,52.67771],[4.74998,52.68237],[4.74691,52.6823],[4.74477,52.68168],[4.74358,52.68131],[4.74174,52.68081],[4.73838,52.68436],[4.72885,52.6914],[4.73204,52.69281],[4.73957,52.69419],[4.75154,52.69699],[4.76687,52.69813],[4.76965,52.69879],[4.77076,52.70204],[4.77046,52.70873],[4.77299,52.72004],[4.77769,52.72856],[4.77826,52.72963],[4.77814,52.7303],[4.77883,52.73141],[4.77914,52.73128],[4.78177,52.72987],[4.78656,52.72795],[4.78687,52.72637],[4.78541,52.72245],[4.78656,52.72103],[4.78883,52.72085],[4.79016,52.72059],[4.79273,52.72049]]]]}},{"type":"Feature","properties":{"code":"GM1982","name":"Land van Cuijk"},"geometry":{"type":"MultiPolygon","coordinates":[[[[5.7693,51.75235],[5.77966,51.75221],[5.79053,51.75351],[5.80947,51.75653],[5.82149,51.75744],[5.84242,51.75881],[5.85215,51.75932],[5.86447,51.75768],[5.8708,51.75533],[5.87117,51.75514],[5.87956,51.74991],[5.88049,51.74689],[5.88161,51.74155],[5.88378,51.73653],[5.88398,51.73544],[5.8854,51.72831],[5.88796,51.72519],[5.89378,51.72206],[5.89957,51.72019],[5.912,51.71788],[5.91947,51.71767],[5.93378,51.71614],[5.94675,51.71343],[5.95183,51.7117],[5.95542,51.70913],[5.95625,51.70661],[5.95638,51.69963],[5.96139,51.6871],[5.96139,51.6871],[5.96189,51.68586],[5.96339,51.68166],[5.96459,51.67557],[5.96414,51.6675],[5.96345,51.66299],[5.96348,51.65732],[5.96485,51.65273],[5.96747,51.64928],[5.97213,51.64577],[5.97661,51.64378],[5.98212,51.64252],[5.99602,51.63687],[6.00447,51.63178],[6.01998,51.62192],[6.02266,51.61885],[6.02385,51.61612],[6.02378,51.60303],[6.02628,51.59558],[6.03072,51.59152],[6.03348,51.58961],[6.03866,51.58413],[6.03972,51.58162],[6.03941,51.57913],[6.03782,51.57411],[6.03787,51.56941],[6.04145,51.56365],[6.04812,51.55846],[6.04642,51.55764],[6.04458,51.55901],[6.04286,51.55869],[6.04433,51.55745],[6.04091,51.55663],[6.03731,51.55815],[6.03432,51.5575],[6.03273,51.55668],[6.03369,51.55545],[6.03167,51.55234],[6.01821,51.56333],[6.01152,51.56665],[6.01152,51.56665],[6.0051,51.56982],[6.00425,51.57024],[6.00305,51.56985],[5.99127,51.56608],[5.97339,51.56106],[5.95238,51.55697],[5.93544,51.5536],[5.91784,51.55264],[5.90666,51.55203],[5.89146,51.5602],[5.87089,51.56264],[5.83824,51.56641],[5.82278,51.56829],[5.82022,51.56867],[5.80958,51.57408],[5.80058,51.57862],[5.78834,51.59419],[5.78668,51.59821],[5.75861,51.59395],[5.75048,51.62268],[5.74768,51.63267],[5.74255,51.65006],[5.73906,51.66184],[5.73527,51.6746],[5.73436,51.67762],[5.71381,51.69782],[5.70711,51.70442],[5.69996,51.71145],[5.70485,51.72132],[5.70934,51.7254],[5.71314,51.72641],[5.71188,51.72766],[5.70942,51.72857],[5.71136,51.72952],[5.71806,51.7311],[5.7182,51.73091],[5.71839,51.73097],[5.71881,51.73293],[5.70986,51.73181],[5.70962,51.73183],[5.70965,51.73222],[5.70806,51.73196],[5.7061,51.73212],[5.70791,51.73658],[5.69812,51.73851],[5.6999,51.74191],[5.70106,51.74213],[5.70143,51.74422],[5.70174,51.74549],[5.70349,51.75046],[5.69991,51.75047],[5.70109,51.75536],[5.69424,51.75549],[5.69086,51.75913],[5.69604,51.76134],[5.70105,51.76875],[5.71123,51.77503],[5.7219,51.77483],[5.72974,51.77285],[5.73202,51.77189],[5.73568,51.76891],[5.74078,51.76325],[5.74524,51.75914],[5.75171,51.75604],[5.75796,51.75419],[5.7693,51.75235]]]]}},{"type":"Feature","properties":{"code":"GM1991","name":"Maashorst"},"geometry":{"type":"MultiPolygon","coordinates":[[[[5.70109,51.75536],[5.69991,51.75047],[5.70349,51.75046],[5.70174,51.74549],[5.70143,51.74422],[5.70106,51.74213],[5.6999,51.74191],[5.69812,51.73851],[5.70791,51.73658],[5.7061,51.73212],[5.70806,51.73196],[5.70965,51.73222],[5.70962,51.73183],[5.70986,51.73181],[5.71881,51.73293],[5.71839,51.73097],[5.7182,51.73091],[5.71806,51.7311],[5.71136,51.72952],[5.70942,51.72857],[5.71188,51.72766],[5.71314,51.72641],[5.70934,51.7254],[5.70485,51.72132],[5.69996,51.71145],[5.70711,51.70442],[5.71381,51.69782],[5.73436,51.67762],[5.73527,51.6746],[5.73906,51.66184],[5.74255,51.65006],[5.74768,51.63267],[5.75048,51.62268],[5.74006,51.6225],[5.70923,51.62575],[5.68592,51.62812],[5.68178,51.62782],[5.68146,51.62903],[5.68008,51.62838],[5.67428,51.62813],[5.67434,51.62744],[5.67274,51.62736],[5.67261,51.62869],[5.66659,51.62845],[5.66492,51.62834],[5.66471,51.62899],[5.65818,51.62803],[5.65134,51.6267],[5.65098,51.62571],[5.63557,51.62536],[5.63367,51.62479],[5.62657,51.6234],[5.62339,51.62666],[5.60747,51.63378],[5.60563,51.63209],[5.60227,51.62941],[5.59873,51.63209],[5.59507,51.63415],[5.59317,51.6335],[5.58754,51.63763],[5.58643,51.64007],[5.58836,51.64265],[5.58678,51.64342],[5.58576,51.64387],[5.58397,51.64459],[5.57975,51.64591],[5.57277,51.65061],[5.57165,51.65115],[5.5703,51.65143],[5.56741,51.65351],[5.57104,51.6552],[5.56891,51.65956],[5.56774,51.65933],[5.56639,51.66134],[5.56405,51.66147],[5.56197,51.66078],[5.56224,51.66315],[5.56591,51.66737],[5.57352,51.67709],[5.57302,51.67809],[5.57449,51.67838],[5.57696,51.67877],[5.57641,51.67997],[5.57878,51.68055],[5.58686,51.68305],[5.58895,51.68482],[5.59684,51.69092],[5.59886,51.69587],[5.60059,51.69657],[5.60023,51.69829],[5.59704,51.70199],[5.59544,51.70753],[5.59909,51.70716],[5.60006,51.70849],[5.58776,51.72595],[5.58088,51.73145],[5.58222,51.73275],[5.57992,51.73294],[5.57748,51.73576],[5.57638,51.74489],[5.59661,51.74741],[5.59732,51.7506],[5.60203,51.75168],[5.61247,51.75477],[5.61505,51.75616],[5.61722,51.7552],[5.62049,51.756],[5.62434,51.75652],[5.62673,51.75694],[5.63577,51.75832],[5.63377,51.76083],[5.64542,51.76289],[5.64873,51.76427],[5.65255,51.76199],[5.66026,51.7557],[5.66351,51.75433],[5.66722,51.75226],[5.66769,51.75381],[5.66996,51.7626],[5.67226,51.76562],[5.67473,51.76801],[5.67628,51.76477],[5.68014,51.76135],[5.6861,51.75927],[5.69086,51.75913],[5.69424,51.75549],[5.70109,51.75536]]]]}},{"type":"Feature","properties":{"code":"GM1992","name":"Voorne aan Zee"},"geometry":{"type":"MultiPolygon","coordinates":[[[[4.22009,51.82575],[4.21979,51.82594],[4.22013,51.82608],[4.22038,51.82591],[4.22009,51.82575]]],[[[4.11267,51.9348],[4.11306,51.93574],[4.14489,51.93141],[4.16267,51.92665],[4.16702,51.92313],[4.16819,51.91906],[4.17239,51.91859],[4.17271,51.91855],[4.17677,51.91779],[4.18537,51.91289],[4.1971,51.9083],[4.2107,51.90134],[4.21591,51.89894],[4.22007,51.89607],[4.229,51.88568],[4.23003,51.88306],[4.23297,51.87749],[4.23938,51.87299],[4.18527,51.84971],[4.19142,51.84894],[4.19418,51.85004],[4.19654,51.85029],[4.1981,51.84997],[4.19817,51.84943],[4.19761,51.847],[4.1964,51.84648],[4.19473,51.84422],[4.19274,51.84343],[4.19347,51.84295],[4.19475,51.84331],[4.19645,51.84351],[4.19652,51.84315],[4.19853,51.84339],[4.19825,51.83969],[4.19571,51.83968],[4.19561,51.83919],[4.19555,51.83672],[4.19712,51.83495],[4.20708,51.83556],[4.20915,51.83478],[4.22026,51.82821],[4.2206,51.8272],[4.22222,51.82654],[4.22197,51.82502],[4.22068,51.82581],[4.22011,51.82616],[4.21967,51.82597],[4.21911,51.82572],[4.21813,51.82635],[4.21777,51.82611],[4.21971,51.82456],[4.21298,51.82058],[4.21351,51.81617],[4.21235,51.81403],[4.19918,51.80988],[4.19458,51.80708],[4.19424,51.8043],[4.18361,51.80435],[4.18198,51.80494],[4.16647,51.81754],[4.16285,51.81942],[4.15988,51.82001],[4.15892,51.82114],[4.1586,51.82183],[4.15628,51.82251],[4.14737,51.82154],[4.14304,51.82285],[4.13999,51.82259],[4.1383,51.82108],[4.13879,51.81995],[4.13696,51.8201],[4.13661,51.8204],[4.13144,51.81966],[4.12888,51.81983],[4.12861,51.81925],[4.12833,51.81923],[4.12861,51.82083],[4.12873,51.823],[4.12903,51.82309],[4.13007,51.82762],[4.13032,51.8286],[4.12996,51.82863],[4.12931,51.8285],[4.12939,51.82838],[4.12933,51.82836],[4.12844,51.82964],[4.12811,51.82954],[4.12904,51.82828],[4.12826,51.82726],[4.12798,51.82614],[4.1286,51.82446],[4.12831,51.82259],[4.12809,51.82085],[4.12785,51.81932],[4.12767,51.81932],[4.12756,51.8197],[4.12693,51.81989],[4.127,51.81995],[4.12736,51.81984],[4.12751,51.82031],[4.12722,51.82055],[4.12618,51.82078],[4.12535,51.82061],[4.12519,51.82065],[4.12556,51.82084],[4.12514,51.82141],[4.12416,51.82171],[4.12272,51.8216],[4.12258,51.82081],[4.12138,51.82034],[4.12125,51.82045],[4.12156,51.82061],[4.12217,51.82194],[4.12128,51.8222],[4.12125,51.82231],[4.12193,51.8223],[4.12277,51.82399],[4.12265,51.82402],[4.12285,51.82445],[4.123,51.82443],[4.12357,51.82568],[4.12188,51.82597],[4.12223,51.8268],[4.12157,51.82693],[4.12137,51.82656],[4.11984,51.82663],[4.1176,51.82178],[4.11958,51.82082],[4.11942,51.82063],[4.11655,51.82165],[4.11744,51.82522],[4.11549,51.82686],[4.11311,51.82746],[4.10291,51.82829],[4.10305,51.82708],[4.09425,51.82904],[4.07378,51.84256],[4.07189,51.84256],[4.05788,51.83758],[4.05543,51.83591],[4.05468,51.83627],[4.04879,51.83188],[4.0486,51.83206],[4.05442,51.8364],[4.05337,51.83694],[4.05632,51.83915],[4.06141,51.84194],[4.0663,51.84364],[4.06746,51.84542],[4.06796,51.84918],[4.06566,51.85278],[4.05237,51.86637],[4.03732,51.87965],[4.03056,51.88423],[4.02938,51.88637],[4.0296,51.88975],[4.03095,51.89237],[4.0476,51.90778],[4.05031,51.90732],[4.05227,51.90913],[4.05178,51.90943],[4.05053,51.90992],[4.05129,51.91262],[4.05327,51.91451],[4.05266,51.91838],[4.04755,51.92141],[4.04014,51.92391],[4.02942,51.92071],[4.01881,51.92059],[4.01621,51.91881],[4.00997,51.91838],[4.0031,51.91666],[3.99906,51.91513],[3.99353,51.91585],[4.06393,51.93223],[4.07372,51.93363],[4.08284,51.93367],[4.09289,51.93253],[4.102,51.92353],[4.102,51.92353],[4.10172,51.92701],[4.10772,51.93614],[4.11267,51.9348]]]]}}]}